Network,Station,Instrument_code,HVSR@f=0.100Hz,HVSR@f=0.121Hz,HVSR@f=0.145Hz,HVSR@f=0.175Hz,HVSR@f=0.210Hz,HVSR@f=0.253Hz,HVSR@f=0.305Hz,HVSR@f=0.367Hz,HVSR@f=0.442Hz,HVSR@f=0.532Hz,HVSR@f=0.640Hz,HVSR@f=0.771Hz,HVSR@f=0.928Hz,HVSR@f=1.117Hz,HVSR@f=1.344Hz,HVSR@f=1.618Hz,HVSR@f=1.948Hz,HVSR@f=2.345Hz,HVSR@f=2.823Hz,HVSR@f=3.398Hz,HVSR@f=4.090Hz,HVSR@f=4.923Hz,HVSR@f=5.926Hz,HVSR@f=7.134Hz,HVSR@f=8.588Hz,HVSR@f=10.337Hz,HVSR@f=12.444Hz,HVSR@f=14.979Hz,HVSR@f=18.031Hz,HVSR@f=21.705Hz,HVSR@f=26.127Hz,HVSR@f=31.451Hz,HVSR@f=37.859Hz,HVSR@f=45.572Hz
2F,TB007,HH,0.9704690890333966,1.148357724665575,0.7092582135717894,0.7181001252556515,0.7083126952840436,0.9219018702704428,0.7370073443041886,0.7371430082145075,0.8619532094549504,0.7644996883949889,0.700639235771316,0.6893145141758595,0.7123569282220951,1.019234287863413,1.093669578544942,1.090468303305507,1.308500846187075,1.217879756156931,1.356000229448016,1.645793598255545,1.894127722339619,2.657279825223181,2.34606412401057,1.801001299455802,1.397554513259727,1.382754073861895,0.6969093564693657,0.5442726357138903,0.9267386919335656,1.050004737971532,1.079145949611556,1.0179114247048,0.9762241766944676,0.9266916877045908
2F,TB009,HH,0.9050632995511352,0.7631864206391725,0.8369941048644343,0.8821804935909918,0.8870809533174093,0.8731348307291814,0.9425495185274122,0.9088406937908852,0.8257759973307153,0.7584848575671632,0.6871110713488665,0.6692011599110064,0.7563103972654992,0.9950427914442336,1.394678872432015,2.251346406145416,3.295555139019584,2.459673124881195,1.788026416657251,1.593537522525721,1.306133100469062,1.051822816566893,1.177874593507833,1.137946393740212,1.404082942747631,1.399744383445706,1.319416334050064,0.9539855167125166,0.9335898320482392,1.122870977418861,1.375085586862333,1.175144641369873,1.03401920433831,0.9503434475956748
2F,TB010,HH,0.7020013376182593,0.6470265829528429,0.8687058446434719,0.7157562262782939,0.7656539403674065,0.5827917605610411,0.8679194837491837,0.8729672419379342,0.9407911817436128,0.9744255196456328,0.7759856174283951,0.7868706048699415,0.6643584481518268,0.807997898736295,0.949975409612648,1.090628251632374,1.349013105400032,2.20360862311516,2.197294225729341,1.667569824253374,1.217539673344261,1.009236951510723,0.9755259079621488,1.042172839537235,1.384675613680837,1.261086871768287,1.229467736641373,0.8814907190082322,0.8349960311098212,0.8204945968274187,0.439260721705395,0.4301268758612816,0.5705306606159126,0.9103999639161772
2F,TB011,HH,2.141754690339793,1.416671598994404,1.275430020993353,1.623694841683209,1.584828640962559,1.650877087426853,2.0213880176486,1.935868149260213,1.393235939303294,1.013582341804249,0.9798289402900824,0.8867917593374833,1.051180795426798,1.294832967751975,1.348932111510195,1.307449213788306,1.666324203976173,2.063544526613368,2.227487544525146,1.867943078055661,1.787295291579414,1.466444514919108,1.063719092173069,0.9995619384253884,1.006448616974012,0.9780362713352824,0.9510958964504872,0.6915544133011714,0.708171793874771,0.7144855405670801,0.993506095368063,0.9680504508772038,0.957030270617893,0.9269707400933492
2F,TB012,HH,2.218786161808507,1.871182721018015,1.557066361241395,1.313637370643006,1.325204337898088,1.638061042695176,1.48471034940798,1.489272562039335,1.572265315686445,1.625108066450462,1.406422053028355,1.452239285129182,1.497935348735641,1.715158018853022,2.25321160995589,1.865499280024509,1.16115081705336,1.230024311074636,1.339101155876438,1.21063981535883,1.026695393442448,1.062616134189599,0.7409834857506702,0.7293790429270047,1.029489995403615,0.9401384846663592,0.9091988405869592,0.927993012396844,0.9660992353193194,1.086986191272154,1.291067139564212,1.39847805950132,0.9388383000041408,0.9336803067846065
2F,TB015,HH,1.704631365070778,1.730011799241031,1.934898186085997,1.80093691077667,1.11077630020443,1.130614798834157,1.53243500897838,1.845094566999834,2.270235678114811,2.592114428604522,1.801694702990457,1.477390918730172,1.072830771682079,0.978009107921074,0.9592711143860402,1.12575017414794,1.080518575422801,1.235511575816559,1.420734840311102,1.358561121857907,1.508169318497833,1.573504703455249,1.640129050828425,1.252028679037981,1.011082207947259,0.7058157926080751,0.4393373252454285,0.457197190621998,0.5457443203316821,0.4660134079341413,0.4938390291780671,0.476024684377825,0.4526059651203828,0.8646669377528363
2F,TB016,HH,1.889211899902552,1.800288152879564,2.81756917098862,2.959900184831431,2.038744987059419,1.443141589493506,1.185195989784756,1.433509052824746,1.782740344851986,1.638088474110397,1.988524216977429,1.467405285003831,1.25726854499516,0.9846259509824198,1.303674606022435,1.505707414480491,2.115442692055093,2.583594711932513,1.576437621363635,1.045310244342338,1.069608476980215,0.966308774469308,0.6272888113505373,0.4151640482427922,0.3856635310432648,0.3733217326097624,0.2973540675836559,0.3265863945417613,0.3956928533060657,0.4939738506737795,0.6621789086850343,0.4483471190889012,0.3420769403224945,0.8834653717474301
2F,TB017,HH,1.531908541805873,1.846438668799002,2.470220332057715,2.708530403013294,2.214221358847135,1.584484684667836,1.111502419453689,1.232786352873378,1.348294440560035,1.588976345089892,1.463413152769958,1.475875509092966,1.422616118959291,1.219478394780179,1.357514218212616,1.190711693574376,1.369675304155622,1.321310677547326,1.132632746308613,1.144978836480909,0.947231642918312,0.9298942542770318,0.7312834702115573,0.5787626691307318,0.4835117747715614,0.4282936769442287,0.390381461819663,0.2953003610848075,0.3193132032457662,0.3473681099698353,0.4208840462071458,0.6248400644168483,0.7473941284614376,0.916094819987922
2F,TB019,HH,1.124454489086523,0.9245866082272386,0.790037215116651,0.886592448952754,1.1703496689884,1.292408006213481,1.267653239972623,1.326288641201528,1.264519480471049,1.434068968754532,1.625129728728493,1.760963871463197,1.956341207675998,1.431335325887874,1.44661725155402,1.043642429682711,1.531112992630089,1.520726494717809,1.693972298410679,1.682805104585484,1.409350746047116,1.539594102215247,1.942044587696365,2.928304079210013,2.191278165160035,1.292677406366294,1.014872735734489,1.407596030189681,1.982233390807744,1.313983145640775,0.7999492136460643,0.4353612565291042,0.5156947191985853,0.9388132148283412
2F,TB020,HH,0.7579979676930109,0.8566441779630399,0.900856652927122,1.000667130196058,1.127357600467558,1.421922909670747,1.374782187061667,1.426039008480182,1.392198439420247,1.570681746294801,1.777983934576223,1.990062880675133,2.195779193607831,1.994937258827901,1.461787783321393,1.629648582056377,1.995046908670902,2.038303112876856,1.351152516451606,1.580541065344782,1.572952666338247,1.38861130494768,0.9018763194800016,0.5949612462651603,0.4806971946864563,0.4769636804700343,0.481958515064857,0.4915888536718132,0.5160065658523515,0.5605352097649177,0.708233389478304,0.8251842888581594,1.092222059276881,0.9331702842297792
2F,TB022,HH,0.745232644769528,0.6886673139802507,0.7811916284810237,0.927488581476602,1.040166159939858,1.243901756213278,1.280676094829896,1.305352956090765,1.310956867385759,1.379871147656356,1.700349958725522,2.054590371527736,2.78597741620512,2.736591014837781,1.640581698467886,1.372137040918293,0.9446549222659272,1.134284072438812,1.287317587981574,1.271137298555724,1.359630643349627,1.732325140875016,1.142600093133642,0.9941824658120796,0.7773037340904793,1.08974207704961,1.177285392147391,1.605261081954841,0.9454807121353824,0.9350688915464578,0.8138119084437745,0.8060033447516816,0.8389489060907788,0.9260714181560286
2F,TB024,HH,0.6526970604385384,0.6351111950783068,0.7532058586950814,0.7533082580717384,0.8557210103904008,1.02639876651046,1.041605129497853,1.023062266653454,0.9634636708016752,1.038976927264879,1.130414097614993,1.162516190636176,1.078240529016685,0.9575759324371936,0.9149879545856964,0.9215785988304056,0.8566287247165604,0.9661340226426208,1.187957598430295,1.514987885493648,1.169196928918755,0.6701946533383824,0.6931766207849388,0.9682029790486892,1.173628950510125,1.219453987116971,1.221466289186673,1.245847321828265,1.094377284297443,1.299167326610304,1.171241998598214,1.231180543941099,0.7060918359066549,0.8979456792689348
2F,TB025,HH,1.128269197531688,0.7437564907862805,0.7339171017017573,0.7776232388655453,0.9340754626518,1.180110897666832,1.080116164600833,1.059633932658235,1.120791706128524,1.115509996261896,1.229443612058846,1.343516266795979,1.435315234248706,1.260440795971248,1.031033038801643,1.018759410226473,1.181656872648959,1.141163105837178,1.508535763389832,1.636653246098116,1.89282940123071,1.757669898184031,1.438661787602315,1.393220002692437,1.781140062790519,1.80578358099505,1.238678557355721,0.93775288923572,0.7711833435901708,0.7615049600784543,0.740424647323852,0.8079212453710477,1.084724686844615,0.9302712174137618
2F,TB026,HH,0.7837833701923157,0.7474741180426294,0.7627029560116004,0.8850778269641206,0.8720323025405469,1.203105470427237,1.190572893130663,1.187471852169204,1.180099467182268,1.196879025335754,1.122568739126528,1.221838191463187,1.253470015259037,1.492308921730272,1.417311773085081,1.050902012864835,1.020043540346275,1.208243027645514,1.288124596196102,2.108232614581829,2.004504105825115,1.763555191930524,1.143467819866155,0.9074458098197532,0.7896275741947651,0.7513719251296772,1.184047863612348,1.564562114882843,0.9164349181028788,0.6907799578589466,0.5553107224825546,0.2623880838100844,0.6103885915327762,0.8968193919976373
5A,NV010,HH,0.8514836977572071,0.9913397896687342,1.01230919519933,0.907842305590876,0.9540222740129536,1.137161485368688,1.168177555009741,0.9997811036127172,0.9573280639831896,1.042238486469341,0.8813859019139267,0.86755043085827,1.024207329515275,1.118117188555255,1.885276667571278,1.713222583429382,1.772866343729117,1.450152233695218,1.421085726381127,0.9010800719687372,0.944712094697086,0.9519286442882788,0.994298941347076,0.9060872661159376,0.8493212985825297,0.8449082018290963,0.7910864030707877,0.7812094014569827,0.7256611919138909,0.6935603798469409,0.7058316149995152,0.8264527203231402,0.9537395501146532,0.933822910494222
5A,NV020,HH,0.8377532731566053,1.001155313997086,1.038631803117176,0.9199773923778104,0.9853624848321914,1.179455928834688,1.251667615120582,1.143572704775399,0.9651452295475336,0.872860712773454,0.770069354473048,0.9111793240295334,0.9647758380553646,1.508460880191258,1.805194510281832,1.73847034684277,1.918728380838596,1.645765857335811,1.516115933260239,1.238871735795796,1.062990250055334,0.881445105221178,0.9810973915669414,0.9678979501798246,0.9116284909143684,0.8327597810290776,0.7722814357952538,0.7016180572446636,0.6823830429640866,0.7183170424193913,0.6477081976371937,0.6887177254845087,0.8330758645893637,0.9313626406690008
5A,NV050,HH,0.8655513117000213,1.027283164130369,1.094935294320147,1.006783178641381,1.156955672007793,1.38250398830379,1.477860782728829,1.534275955509298,1.353123229159836,1.24470442518004,0.9330805510317288,0.655462900409579,0.8482940751769178,1.269175130624756,2.040584987862793,3.08101404180316,2.803629731433042,2.153628657635283,1.901178248785021,1.460977276952484,0.8169414113211657,0.4649465802504367,0.6283474767661749,0.7047692670869754,0.7890939104052772,0.7508255784217704,0.7642516650247816,0.8606528225009652,0.8716276411255021,0.7886744768120738,0.7319656391605671,0.8292882415884382,1.043157731984155,1.045184232915646
5A,NV060,HH,0.8595255339052075,0.9755497015156768,1.053912147811407,0.974557498682664,1.099666700057426,1.293078477703602,1.231683313088201,1.347314432807649,1.324298246922845,1.294273458498987,0.970707873894086,0.99121676047524,0.8658870014518142,1.115079466278521,1.387354096709963,1.337093013734818,1.867655700031841,2.164498307041022,1.442849615333963,1.374227375398192,1.24347965016312,0.9179075191230782,0.7446613469602624,0.6572683809556914,0.5790873662500533,0.5486425163905788,0.5432927285117021,0.5219660509153324,0.5261933497375918,0.5720766599889234,0.6294873670293497,0.7812677311008845,0.9083308818352434,0.956060517720511
5A,NV080,HH,0.8401154825482403,0.9372495017148484,0.9813561133803842,0.8976537741953784,0.9814729212469469,1.07229666873904,0.9157219299221738,1.009222562607651,1.011925895376043,0.914063842862496,0.8815192109825999,1.056554706372907,1.250811998643943,1.502376806665977,1.738647596943821,1.97029031756426,1.551471656425261,1.496963320851702,1.634283971320539,1.373976031099756,1.282159503904383,1.221065689402577,1.211119116834534,1.166524446093128,1.207039407769871,1.19230300728049,1.059412902952785,0.9534842634457428,0.987870034156894,1.351227611014072,1.929224809989922,2.252768534177706,3.557719838100669,1.373367249014101
5A,NV090,HH,0.8516439860644941,0.9165042429625632,0.9006853107459286,0.9085974602125908,1.012941796008956,0.9637658586220256,0.7992252163408257,0.8480019091532031,0.9292323149428652,0.7899736575630889,0.8781898674021212,0.8163821233819653,1.000967185806975,1.230010203987025,2.015587707894765,2.462592985989857,2.211255093540789,1.302358439268136,1.042674578703694,0.991300733126816,0.8751384603609501,0.6912112437828455,0.7859082531727882,0.7123082417884825,0.6090949627905098,0.5330281227410021,0.4800697628871484,0.4541878828618955,0.4796744386329316,0.5902060034757419,0.7545123494888486,0.6746215770237365,0.921256842051354,0.9331891495732092
5A,NV100,HH,0.8454587505159838,0.9127720769361174,0.9267098285814808,0.841569477394362,0.8668146070566983,0.9259427027700624,0.7550236098652507,0.7594961964161481,0.7970513689890639,0.714856882654599,0.7813009386298801,0.6601969650691313,0.7896680456437583,0.9168467564126288,1.21811759884233,1.740315229357774,1.657790139544615,1.557983175842181,1.513537999743857,1.35659446828722,1.11025098231319,0.7777085292381545,0.7812762271074026,0.6491688766231984,0.7561659672278451,0.7263534561737871,0.5931043761612279,0.5482579068808948,0.5599986267097317,0.6801266482967284,0.9424108871105764,0.647557508864319,0.8080419947829331,0.9515405776018828
5A,NV120,HH,0.8641492618812686,0.9130125259536062,0.9074883651765324,0.8199305106907996,0.8218910462969989,0.8872631752999992,0.7592606769841951,0.7103281026030019,0.6976912167036609,0.7153241322508406,0.6524124107891268,0.60107715029947,0.6695877449212174,0.9192079002438164,1.149831060843198,1.135655240312134,0.8632874977340537,1.078020497671505,1.027916173974474,1.03035302741426,1.02845745811323,0.9606588622629408,0.9721622683760872,1.058077527225252,1.056371131418357,1.295120102422779,0.7356190031145435,0.6285431794408525,0.592428294566189,0.6370920999390453,0.6481092866363902,0.7716838761652726,0.9037605734154518,0.948430222222956
5A,NV140,HH,0.8607636347757445,0.9183806750642716,0.8869244796503525,0.7972916133813364,0.7880086924981261,0.8554264232977116,0.7640292431760213,0.6733628091143173,0.6476513658203755,0.6578134825409224,0.5190107830133335,0.562139207144479,0.6354911996885855,0.8808330476948657,1.195816805111175,1.236511292800148,1.318912071561756,1.24550247259715,1.345654794414714,1.201743244220326,1.160518469192704,1.250709879872678,1.40735050043217,1.378592535023191,1.580324442412404,1.278078486976469,0.8760329229268912,0.7144653855785598,0.7129864839608361,0.6799915563824266,0.7889843096563558,0.7976471229182347,1.047832655682623,0.9653916398891408
5A,NV150,HH,0.8585905409033626,0.922815603829142,0.8924482297591835,0.7893255257705021,0.7811405344046055,0.8535571031422489,0.7675505580543371,0.6639600095951873,0.6557124347863134,0.6574366138216416,0.5487785796746315,0.5897733173521197,0.6756032640559051,0.8927987804819443,1.059740293455734,1.029585422002121,1.139730576103664,1.085821489958619,1.215906296351627,1.188363159936765,1.353268090630772,1.205525971008036,1.12763270945099,1.178419735438455,1.166692618950607,1.083892202881648,0.8686885418407106,0.8312415080048793,0.8097688437184177,0.8779744883701203,0.854103148993546,0.8033545608569791,0.9269018747652016,0.9416271434256304
5A,NV170,HH,0.911251372612668,0.9501271851889838,1.028875180850511,0.8537608693198364,0.8472241225619799,0.8922242508088565,0.7519013639216634,0.6341685502616196,0.6591153166861574,0.6449483988971443,0.6616669605361755,0.5518770940122943,0.7149706414603139,0.8427111498161685,1.067185652339238,1.296556997237544,1.279360166124078,1.243777507910393,1.259803440419527,1.336346922213581,1.352286510584356,1.326543358498973,1.523810048621651,1.796484679972166,3.168494390245992,3.950419356115817,1.448417093266254,0.6806568416764629,0.856713573143511,1.032486379527923,1.167255768324509,1.155388852760485,1.116231823796142,0.9819808203692302
5A,NV180,HH,0.8663827550411595,0.9796752756927708,0.9664727247451278,0.8323216593956599,0.7783662828494794,0.8736277950831157,0.7887802786230811,0.6466547571761572,0.6816429008646285,0.6631171412271072,0.6150847170371042,0.6273821479754161,0.7213883181338063,0.9352766355219138,0.9349180593743384,1.097218825312744,1.128754474355236,1.558473486051884,1.272834634738707,1.31298260497486,1.449113044852998,1.424617883317533,1.135576635849194,1.229258882344269,1.157295717726822,1.094323344634148,0.9118118997792466,0.8776126330716681,0.7800211148140869,0.7982960303399198,0.7543727045234702,0.8029176923849,0.7771847012629521,0.928445470994968
5A,NV190,HH,0.885552864109051,1.016795912779732,1.008095330936797,0.8727657103858598,0.7943015670097014,0.8910068966428548,0.8321755304252797,0.6901802326997617,0.6967334688118568,0.688373485349653,0.6290465610222957,0.6534850350603357,0.7756116743797603,0.8865696481396835,0.9108314537724056,0.9441633659377884,1.171202725860957,1.48780646513843,1.305529552380829,1.316604827359984,1.361747350299126,1.107851876432288,1.168260335186085,1.071544100849324,0.95978213594144,0.8025716899748263,0.6665032540433189,0.686514130453337,0.7411127676774373,0.7707763329283012,0.8112025333797659,0.8087525326920895,0.9618427225252116,0.943537298997674
5A,NV200,HH,0.823082502895862,0.9724932719636448,0.9834084512126696,0.8584898060407192,0.7440368647770678,0.8161768801472528,0.7798818773052982,0.6517841351491794,0.6398802544145693,0.6684872151877675,0.5605619506734733,0.5767837817192184,0.6928539648617367,0.8662993631693153,0.8872060166682906,1.011680604041776,1.135348284482271,1.327486268451274,1.117598747761415,1.110581212929568,1.182402030911239,1.120939820184619,1.049477112709911,1.04089396000306,1.141757902755809,1.317767195015528,1.040524155507397,0.841949580304462,0.8477923062076941,0.8606011435347533,0.8598049474145568,0.870956464811192,1.124666828594283,0.9514894834540818
5A,NV210,HH,0.7461281525844238,0.9515742911096148,0.9022671090767668,0.8752987310573168,0.6518511027315892,0.7607660514796589,0.7384738623550542,0.577077966968225,0.5938336625114097,0.5564534837784881,0.5115394576730709,0.530946226694574,0.6290710304811048,0.8182245722582168,0.8760826107454995,0.9565592687590478,1.202464849233568,1.297957955469654,1.199944865191987,1.321101966506016,1.345636174598021,1.288751900215609,1.581241732894725,2.517558442410149,1.998828775187175,1.09714558270612,0.7607553120881207,0.7382925078687388,0.6382257101483982,0.6884857227970749,0.7120138368687476,0.7761351385222736,0.9812857500978172,0.9180889502896042
5A,NV220,HH,0.7563755355660053,0.9309725953116712,0.8851979027606174,0.8280984440851531,0.6827019182136643,0.7491652082229463,0.718267527435877,0.6012618640210392,0.595141903443643,0.6071030603383054,0.4973245886695988,0.5367409105603899,0.6600042895252463,0.7726426552418516,0.8944037770026921,0.9310869805575892,0.9626637818557644,1.104615381745362,1.141623226377766,1.079519064063802,0.9172805245094215,0.9909931582829148,1.11460333945911,1.097550997448058,1.129612826286274,0.9391907816804106,1.014170478927001,0.8395353868840207,0.8921923773535513,0.8822115609463554,0.8561005867216723,0.8759346067614867,1.006279005485877,0.9502548130495014
5A,NV230,HH,0.7338955515356871,0.9245764129516608,0.8622382700691499,0.8134462428583493,0.67163444573073,0.7670389145805838,0.7274916535351774,0.5887438103063728,0.571331410834907,0.5809504325743632,0.5393736333643278,0.6723765959365546,0.6255042883544758,0.8042674005625973,1.114777807579359,1.098732460970926,1.045104836682988,1.288978328900147,1.29670720272309,1.579200468037829,1.931637362537392,2.491388342976706,2.731639765054832,2.158733343840518,1.311671087565536,0.967261660929946,0.64328119251712,0.4314377432450782,0.5641030589570162,0.6486501374108221,0.7994908922670882,0.96281974777547,1.144944954870614,1.036941347131574
5A,NV240,HH,0.7134149469987892,0.908816708196264,0.8610030166636181,0.8198901951813121,0.6691571488719232,0.7698816756675281,0.734062377267831,0.5744534838879929,0.5310520131131602,0.5601317999001804,0.6297051718761465,0.6481821745343105,0.5602043167657176,0.8342575156495882,0.864586500039092,0.904443611674966,0.8814293559749534,0.9944413861929547,1.073530691889726,1.095816454360851,1.321059583455405,1.439723035045753,1.574968512578682,2.235042735395706,1.443769734090828,0.6322401307458596,0.6948408845465048,0.6767050368507753,0.7098323112127445,0.7690511859251367,0.6898624418319855,0.6713025494076047,0.90993312930523,0.9513490673001492
5A,NV260,HH,0.7196147722337587,0.917386613736722,0.8640382952081145,0.858065296870085,0.7392402472710081,0.863493822628678,0.8241456626883784,0.6748829160485983,0.708895791449857,0.7696224175517937,0.7284889207674233,0.6738428929556912,0.80077173619876,1.221641370148608,1.566964689743053,1.907036504955355,2.06659610093924,2.338774857859084,1.914789969753625,1.07404665377296,1.025015702278664,1.249264213263681,0.8715488794518949,0.7823117334073185,0.800384114872157,0.7919314411745834,0.6960717234866755,0.5921414610341037,0.5735216916691733,0.5444944829855732,0.4896220946100975,0.6033952272349833,0.7817252592979892,0.954905780576184
5A,NV270,HH,0.7099564220642779,0.9153170399485864,0.8833054624244259,0.8750646058171185,0.7700757236279676,0.899137068338062,0.8766786568848012,0.789853687875885,0.8426525139637385,0.9221388024510097,0.8825318417296069,0.8510668869822691,0.9214779556847356,1.024925496228565,1.024305310536697,1.267992567687783,1.208733488973804,1.102350188046842,1.541542835053095,1.071576763281324,0.99143544268178,0.8926598398032372,0.7637186617252221,0.759494060952304,0.7956168183988974,0.7234975959209904,0.664925505002754,0.5888985573134181,0.6137137852189634,0.6307168351868199,0.5766923308097351,0.5606223138457773,0.8634001241557437,0.9341686436584332
5A,NV280,HH,0.7341434828089706,0.962857055644102,0.9732270633373832,0.963686693344331,0.8669710438725907,1.005205980391485,1.036331968635081,1.016092756406678,0.9997120545669532,1.019766965169801,0.848297865451585,0.7759199700679978,0.7371307981202561,1.002818528499915,1.572642951318507,1.394331721860007,1.183933205162147,1.122553843347803,1.026521590938205,0.862670450737251,0.8598817487662846,0.8029349435501952,0.7363873495033509,0.6695181218911567,0.6300562092754134,0.6070220589933698,0.642787378878746,0.6516981195164828,0.7258290448734416,0.8027218997410295,0.9070859765040346,1.064449329539118,1.218510019798682,1.001802113246671
5A,NV290,HH,0.7664231640119741,0.9981085952168512,1.05500784287717,1.068179517790667,0.956586097865023,1.136667822792865,1.188161869084742,1.169292573154261,0.9684557219634652,0.8102894824060468,0.6445758304172894,0.7120934519359461,0.9788278498584824,1.547447774359591,1.545904775191358,1.19534945693375,1.127552612316855,1.17996742922945,1.129747575555666,0.873761125883134,0.6769717783671324,0.6302670533916782,0.6475512500963809,0.6487480982806196,0.639509034129831,0.6133646782732776,0.6165145549475651,0.6242045121441737,0.6638138041529179,0.6945977371095235,0.7345779113840294,0.7934804043315052,1.21579816140532,1.00584552637034
5A,NV300,HH,0.7934412571317205,1.054751852461423,1.185550783008546,1.232998724994297,1.116590539236162,1.351877938779755,1.358448915434124,1.257879050881294,0.9060525028125068,0.8299525883477844,0.8995159771633555,0.949465999591636,0.9925359104206848,1.187456041212662,1.436931227115564,1.300592684803207,1.203190179215034,1.28213257666555,1.081821413995435,0.8573482264981885,0.6027341593939832,0.5146464238834445,0.6409193786088474,0.6726053163547866,0.6769258282037223,0.6516672843080523,0.6216715242843023,0.580422201181144,0.5855582054120887,0.6154542148185557,0.6608933091739972,0.7745938945592866,0.8378827726380684,0.9286490182722476
5A,NV310,HH,0.8830090290666569,1.211944873628461,1.446922486686809,1.514189292755467,1.407675502537268,1.723718428280518,1.507869979443224,1.117939693395771,0.8899789490004366,0.96452684181769,1.000841254638233,1.021240058361408,1.006677583183021,1.663312441231512,1.612264818321608,1.112030337766554,1.171621669047932,1.124197270391028,1.01578143305703,0.7987471973280762,0.6623116702997814,0.5270188256984517,0.5242404004176073,0.5409356599850638,0.5049368663763919,0.4630277736186197,0.4674635992953919,0.4838634842065968,0.5116562379438964,0.5921565186846021,0.6399895958081563,0.7634244479146212,0.9128041730066212,0.9335461807520664
5A,NV320,HH,0.9663709229244472,1.369915858593652,1.733928874528873,1.852060543511398,1.821610128930777,2.300010463010193,1.575423048445252,0.8449716415475527,0.9581136392044596,1.14427273033002,1.17591946789525,0.8639996442491484,1.168987397269602,1.243492658418607,1.511622917286263,1.12843415973261,1.063969666152149,1.132729930617698,1.23051214751018,1.08777062978557,0.8875266454241676,0.6393023291796714,0.5868777219484366,0.5804673223987793,0.5667194607880965,0.5505102677084883,0.5425425315789415,0.5429380476983022,0.6083330387263054,0.7078967760080662,0.852064330346773,0.950290211992152,0.871082578712808,0.93105679154341
5A,NV330,HH,1.119063829635512,1.487645124725311,1.981566316811264,2.182533066937724,2.473606496207836,3.079509921015433,1.529249412265955,1.027544987861708,1.171267872658892,1.074580341021275,0.8034621849188517,1.151918752873576,1.385701831207936,1.354228111579599,1.310992859386516,1.078106048103778,0.8733306660466945,0.9757328265198624,0.9527531120119532,0.9713087317740254,0.8094692783382484,0.5207459645375982,0.4945826194603553,0.5497788126756905,0.6233878806407206,0.5935875586282906,0.5996329460798153,0.8116910040868949,0.9373273819261374,0.9582961927084026,0.7476671130891747,0.8766872147889745,0.9386597753792344,0.9295160163234648
5A,NV380,HH,1.448313686645438,2.215411743141134,3.456634055663672,4.901846311584423,3.240680599755442,2.791486533531745,2.212017328338518,1.65707929438438,1.434239256462402,1.340632666101571,1.402619776818363,1.558358535504224,1.446450665648993,1.46618686434134,1.599513717437423,0.92563699389329,0.4761493093984685,0.4794801347673661,0.7820867057791202,0.8655974668297944,0.5971411886339616,0.5375939697721576,1.105730359857469,1.030050211067469,0.965909011318278,1.208552935679325,1.034751574522549,0.6355572801106375,0.6251846352398843,1.020022261335464,0.9959762627891116,0.9533838001216316,0.5821886733432171,0.9129438450604196
8E,MB01,HH,0.891342540892009,0.8894001578500356,0.981982161643788,0.9822583067577254,1.074459043826403,1.063512942135256,1.018399231038335,1.413563723218576,1.826779809861954,1.762878276517193,1.810196245877367,1.998193341653538,2.608714839413165,3.602638569859092,4.031204841801725,3.142764086633884,2.750335661543458,2.104420518623982,1.045128648841506,1.297436383455426,1.564711535156159,1.500538430999287,1.199867068801736,0.936893804208854,0.8430012252347169,0.7844946071602608,0.4835126438959643,0.2945593087048074,0.165570734034719,0.1114032681818593,0.2142608622948572,0.3337942195988446,0.4187888572767019,0.9041222859502864
8E,MB03,HH,1.037455419337142,0.9807420528363308,0.9422454728358016,1.020861022764273,1.184031952704086,1.021491554233303,1.136875037363773,1.216341189123249,1.137293115082195,1.053490947029138,0.9733351653264054,0.9521135450562124,0.9600421127304904,0.9813967950761778,1.022867355845141,1.020729470123425,1.068765033339929,1.085752133934609,1.225970669706142,1.277427565511274,1.201408053622705,1.145856817539256,1.101059506735202,1.083340318283394,1.121570953358986,1.073367028497295,1.000624066562769,0.9835221866863616,0.953206734411255,0.9292195655553344,0.924644692200048,0.9344337238442592,0.93079804825977,0.9303818112352382
8E,MB04,HH,0.8852647217636784,0.914929948468901,0.9342896025805688,0.8975451011903834,1.014380951139871,1.217480112554026,1.072643241663617,1.434342469856085,1.283744852780151,1.24321338448684,1.152645120202404,1.211029570846339,1.239232787377855,1.154678998509758,1.204036733943231,1.205805934195405,1.393117624214069,1.561164466089082,1.74885148923976,2.462095074492643,1.872897662670987,1.246217367420205,1.28827415146873,1.211119216479004,1.071674377992309,0.9243167064605852,0.8414588859847452,1.110598892446627,1.3108917958603,1.336988402414202,1.239286633006335,0.9838359927370792,1.351228758496299,1.273467550014124
8E,MB05,HH,2.679078739423889,0.994909949537075,0.8879721091949683,1.061440265863849,1.111252492712044,1.005968842058064,1.113996441990533,1.566391316066282,1.610161967435028,1.381855477887126,1.278454625522117,1.397268140316106,1.453177417799522,1.589932915326102,1.703384646505106,1.012672433708545,1.118074664373828,1.488945853590495,1.689884782460275,1.664946484473287,1.709270811690347,2.061338783686317,2.382082743847483,2.099941106832877,2.156008505372746,1.836807654255602,1.559085731105417,1.381662993520804,1.096464414527011,1.02826929177769,1.232858947510335,0.9930541966237734,0.9387353247999956,0.9922983510521576
8E,MB06,HH,0.7647819212540865,0.7957630970647375,0.8623081392034149,0.8496380771956509,0.9574138889324412,0.8246803506346226,0.8013824029603217,0.9946389688006024,1.71443567424303,2.363230141705723,2.508655729764634,3.810645795923379,3.251343835176043,2.905588231821241,2.046511437678646,1.687995631313118,1.591508720721808,1.471703633061041,1.453005750306389,1.264608313104679,1.198077834134906,1.078409663443577,1.131710516923717,1.232344363592061,1.355048263548699,1.36713818421707,1.548321941018772,1.932630822130565,2.596924515535884,2.868911449506728,2.46889917547098,1.516708049684097,1.356548638141803,0.956484416699376
8E,MB07,HH,0.8276922065439799,0.8661767394217171,0.944860100640232,0.9620359767764376,1.045958364663751,0.9434393854639628,0.8718347751230949,1.051388212975387,1.444526711676916,1.536254454037489,2.256501134584454,2.59689820737836,4.064618263844895,4.035054009995642,3.313401123179817,2.483385480059449,2.520373960006001,2.102199192507537,2.119692016536923,2.178677158362138,1.82794913962691,1.928242080564021,1.452943584744772,1.550084410317105,1.48381352084041,1.420809676516533,1.370069422327901,1.582398936801189,1.317508486152494,1.069772898488115,1.177257061638476,1.033482572873651,0.9242600634584284,0.9049500084578886
8E,MB08,HH,0.8931328996466572,0.904752790213046,0.8676896497789677,0.9800583764279716,1.137823314865791,1.044066405165171,0.8897939364632463,1.183448338272104,1.044448294362047,0.9638830462455644,1.304687589649322,1.551547522164278,1.896938435797904,2.587726945682604,3.033614019639613,2.855247400540462,2.634036615662481,2.082849690845773,1.588901739989881,1.33953230173396,1.149838422916196,1.376030526048808,1.338258892099166,1.338447136301031,1.272551442829958,1.147518919407916,1.146514740957914,1.151936040099114,1.058020640576759,0.8927499759084558,0.9537453710493464,0.8773422299329502,1.002967054946991,1.079114112252246
8E,MB09,HH,1.660999272717842,1.147426040415147,0.9768129444615382,1.07743961743825,1.245715907373626,1.291027523852212,1.467751312526862,1.646419684325959,1.412135276965065,0.9279483018685988,0.7327472452941957,0.988516545386712,1.288273179715407,1.432283905609874,1.187292797111625,0.9360280410527084,0.8195385432674506,0.8811383032042998,0.8881826279260271,0.891389915509345,0.9649835888404732,0.9870369409226144,1.030245455435746,1.002176271908561,0.8915530132287953,0.7987325738564075,0.7573894875594924,0.7642691518443739,0.7623732035691635,0.9843683316267204,1.252504990638907,0.9860847961190474,1.029628156272771,1.265726044696416
8E,MB10,HH,0.7972214731924727,0.7953265556645829,0.8854916255580135,0.8968984549046102,0.9448981115429214,0.8256236227804356,0.721232516943176,0.916701827310029,1.087755121433234,1.004585163850276,1.149687632506922,1.237508540409922,1.462503925946112,1.911648373411221,2.228843393963719,1.729929182904064,1.700128611503147,1.809552989812597,1.852528108861632,1.717229097379676,1.669387029943959,1.557991049171549,1.432589622328019,1.536350607746197,1.441634092577911,1.493535290095412,1.643543929964012,1.508152068377254,2.01132811405297,2.242990970277079,1.79378909933707,1.162151068202275,1.14801685238822,1.467805069057053
8E,MB11,HH,1.294688099836659,2.401551342571821,2.022053012374156,1.449819330558257,1.337716904329249,1.389790751480973,1.385806640069754,1.584840980218053,1.507948761299716,1.495229364277793,1.435891652751703,1.515828760947128,1.446376069848633,1.575411077505886,2.086382221456723,2.518849312130076,2.416315133951937,2.016895831131261,1.684592532049233,1.930554042220934,1.911322334567842,2.21287361838841,2.755415745664656,1.914151449777163,1.792128323287067,1.991408046057323,1.40278509616616,0.7868017621085531,0.3175197300085487,0.3314822795220293,0.4016282030066047,0.4153327155213147,0.6644579660531946,0.6646414762473433
AE,214A,HH,0.8471445378014373,0.8946556832791213,0.8051794024903898,0.8058283254696307,0.710327849129616,0.8119025280969007,0.8392289052338148,0.6886936709713574,0.6047125584051221,0.6566126741705375,0.7310804226902224,0.7245655910674843,0.8381048779734106,0.9911458605459308,0.7888837523944421,0.8977401199431029,1.42064958396213,1.44457134506947,1.438170263806043,1.277637154861328,1.263125842137149,1.002429518936538,0.9482917203775524,0.9019827461316556,0.8571154055702952,0.7513234905179214,0.7419133738273029,0.8140477772897754,0.6959599570088845,0.7729065349117065,0.9412682102532384,0.9151747570755232,0.8912914378911151,1.487418037861714
AE,PRCT,HH,0.8675569007492606,0.841143795722917,0.9309012615536144,1.142431549705578,1.167409469005841,1.263832098182024,1.153516334489084,1.264558027808645,1.344564632721402,1.379233048996239,1.479290031185873,1.308806016133381,1.513149221622996,1.552351584686534,1.567934807686287,1.163302343975543,0.9576721989645558,0.957754366826137,1.146181947164119,0.9012908388932962,0.8590219717720983,0.9515671243300304,0.9165546273908476,0.9520084994597257,0.9924331237456192,1.149161268335261,1.394204420024763,2.123767845034208,1.461491109501195,0.8306105203967532,0.6690316509245551,0.6821802135455506,0.7725773459140926,0.9234799536234042
AE,U15A,HH,0.9772342970877758,0.9483389886671318,0.9782534803852102,1.041014365495252,1.015882516860807,0.9149219755912712,0.8998029481550738,0.9441223250720996,0.8057630247605488,0.9624308632868322,0.7876020973435244,0.90770833766385,0.9686619296585786,1.123620913165789,1.27897271791345,1.268963924095029,1.311759060853408,1.191469117024702,1.060539238580902,0.9573124526477372,0.824564263610988,0.9562691432561334,0.9659946817950382,0.9316606213832068,0.9500147463981542,0.891310745780621,1.015289539462701,0.9454723601909032,0.8320057338425392,0.808325720396065,0.691744140124555,0.6456214584188327,0.5951287556473941,0.8564135593992843
AE,W13A,HH,0.9330438630407883,0.7786916606361636,0.8728286144886926,0.9490795315660532,0.8301540541384802,0.9320050955032648,0.8002124539602222,0.7986947547871484,0.7318023220725256,0.7816088981394246,0.6578148677245568,0.6995043927998135,0.7272460924123854,0.8719003016989998,1.041608372170143,1.019381963134134,0.9890231382847264,1.122128633094964,1.114272640267112,1.018445405146212,1.055187080208546,1.096605809807538,1.011708951626954,1.050288766268585,0.991391774288522,1.196797412490303,1.094748091815993,1.281434934808596,1.137221392343487,0.9234185619041586,0.9709080838395566,0.952694373558116,1.003591211745302,0.9316195435813176
AE,W18A,HH,0.9385426693625812,0.9779614340646688,1.050020710900852,1.111893384831111,1.243195569155016,1.611834325416076,1.537377995230507,1.622130586468296,1.506962262457608,1.119966509787413,0.8855503694372029,0.9865666381064612,0.9907917944168,0.7399085824820456,0.8206653805505036,1.007834747473719,1.06233005027566,1.20252753532727,1.718060017146392,1.998148253317789,1.967296807471328,1.978018624398026,1.306399079405259,0.9775281987896316,1.062121790977639,1.149712280892025,1.284775545045156,0.8559273074418289,0.9382301522916487,0.787972444413507,0.7190765117351493,0.4625747760076057,0.4287570221061584,0.911039263464699
AE,X16A,HH,0.902429506228992,0.8299104207771556,0.9099498146546706,1.030298854991319,0.927085450005526,1.035668368708608,0.8434696250153211,0.7948667587092467,0.7659406247815074,0.7389174687674586,0.8862265198269329,0.7773704778471978,0.9386476740707236,0.8509026137920597,0.8759314765381018,1.036256457489784,1.112593793181865,1.156196547169084,1.268082583603435,1.160351459474548,1.069946412682016,1.20407644286284,1.106910515177735,1.105744914130549,1.007235476543468,1.395909820550026,1.252454912888355,1.644494530445411,0.9917353247782864,0.88169371094266,0.780800648161348,0.7128559621998696,0.8594626248697211,0.9558541453753516
AE,X18A,HH,0.7736341193587003,0.7807956052988729,0.873865279754678,0.9479685347983088,0.9660617024331796,1.000033755392757,0.957072318691311,0.843226499072273,0.7420201764332468,0.7007479874782147,0.6191275666333705,0.7440208008256851,1.032845594388536,1.526527366606702,1.446000992639114,1.009771252589106,0.8626442004483221,0.9477071145184468,1.124553642007663,1.274822351060181,1.063351765122836,1.046916717385675,0.9084822164028556,0.7670078993293395,0.8533744733801006,0.9778257557483324,0.9933954522770406,0.8845261118015,0.9592058581848184,0.9702555496276478,1.427809598644326,0.6804445120278034,1.104744267589345,0.935097163061441
AZ,BZN,HH,1.843060184550592,0.8317392016276645,0.7694604140568246,0.9078918164684928,1.045413380537484,1.132175272574351,1.119383231985328,1.232046239661116,1.212170416259718,1.338965384778906,1.732648635578893,1.966993457158107,1.635749896180066,1.966844432946181,2.202214684371986,2.079739581413879,1.997500691811108,1.925926986350706,1.797930683650959,1.744610963337456,1.416416076320548,1.484288296680814,1.479792731493679,1.177399217439541,1.102992307273062,0.9320914855605396,0.7227063039467917,0.8975458727754728,0.9881513792017204,1.080347872351686,1.259142620787139,1.675197027450522,2.475117881140632,3.857496615226871
AZ,CPE,HH,0.9788850030919752,0.6450451950508929,0.535401581194208,0.6759090599253419,0.6941628648766492,0.6683763890424612,0.7335388401146448,0.7176723878208604,0.8043882239607144,0.8137477263034835,0.9660658429624812,1.045681165237659,1.142364891366111,1.265900136804663,1.529368619739718,1.604185992096436,1.369584019073462,1.041784998724828,0.929417430360622,1.00184459004723,1.143957610732628,1.424369811767245,1.151822038496851,0.6719552231660612,0.4048019961092289,0.444488042197291,0.5066733657693593,0.5209245277716652,0.3563979435136355,0.2966554663147307,0.539422051315938,0.7916605081595246,0.5499975321860594,0.9278748669481804
AZ,CRY,HH,0.764039892780258,0.7504572565805429,0.7044065484389324,0.8709867601545065,0.8910423877625354,0.8991190083819506,0.9714796716012636,0.8023408502668115,0.9905069438036334,0.967687520991863,0.9586443837754336,0.925725477204573,0.9459769472694214,0.948036964894758,1.054163682128912,0.9964995169579952,0.9616213852365842,1.036992540687645,1.058361990551097,1.137400722099289,1.215618050364923,1.059591321174211,1.045234889694733,1.122438537488998,0.9683357430470962,0.790606480335284,0.5214167893077446,0.5185597290059939,0.4272045132871191,0.3661761475682754,0.3492537343024709,0.5495534255229388,0.6607708441835604,0.9737417274787732
AZ,CSLB,HN,0.9686565609787352,1.058456752506551,1.709412872171015,1.963356654035759,1.346766976702853,1.173542975828797,1.120355114299681,1.023867720176415,0.9924994595423018,1.344713414409691,1.093821756210337,1.100137825485637,1.062048162481161,1.130073864142604,0.9974109207272152,0.920899441479162,0.9458302013611352,0.8756689984065171,0.8312439213192467,0.7306670441744695,0.798936668395937,0.6885880203247261,0.6475058404917826,0.6544421342070188,0.6194909386475717,0.7940242383387703,0.8753505636516347,0.8602479621198275,0.8973768943312006,0.9228453159343278,0.8765382535179048,1.67833797165862,1.19317398151061,1.208606273240044
AZ,FRD,HH,0.9729423010520418,0.7915476536211583,0.8157928498057774,0.8457419073209891,0.9088284873158212,1.102499434731784,1.15439827296939,1.229570541601119,1.087636664274052,1.172251890945814,1.15214514468698,1.052295498379648,1.062433797401093,1.229744543024496,1.300978847641232,1.597704928496148,1.61447299247864,1.575015587218783,1.606379393733098,1.580291115333099,1.445167741096881,1.424048102325111,1.258177100550526,1.223978492749789,1.092229861629799,0.981290888211632,0.8886909795344168,0.8468087371445414,0.8403867135357631,0.8227764798068673,0.8076148069993266,0.7024417424681086,0.6863848137405195,0.5861909849161092
AZ,HWB,HH,0.9244434416941758,0.7465092059640734,0.7119062699472726,0.7024556013713535,0.7298787623380874,0.7485188751763668,0.809932531658773,0.8101183554681796,0.7738088325491544,0.8308232369063002,0.8055754803962851,0.8301924961467283,0.8227957271157628,0.793522741873667,0.7820069226944374,0.7672484556380994,0.8079543302195095,0.8592419070277639,0.9440216813999802,1.031706299296709,1.05631734292409,1.159762613364234,1.181748073844712,1.002414667124655,0.7756024825039686,0.8556698688160115,0.6981981095716635,0.5381337775508823,0.4491273208151356,0.4793903305457116,0.3214863124673393,0.2348908256654829,0.1829701632148862,0.6139965279126308
AZ,KNW,HH,0.8123177416254919,0.7912380912387484,0.7427471671191441,0.843099989313564,0.7960437717389878,0.8140683375857943,0.7335034081525261,0.749043489356246,0.7198833866566269,0.8217023483214649,0.8165863839292925,0.8834028629524083,0.918693039086085,0.9308908532937136,0.9580843138445142,0.9664035774376346,0.9713282349086048,1.020630403729697,1.096386394773849,0.9802210386862648,0.8573869769124695,0.9124373177386854,1.032148024776709,1.057285986200149,0.9000279330092016,0.7126593337086597,0.5921580213740537,0.5187250841687636,0.600246330211561,0.6021206004202808,0.6891541036980883,0.7829041292112289,0.8293986740530973,0.9443913640356132
AZ,LVA2,HH,0.9009256861178347,0.8205216167249404,0.9417929331531312,1.138044250683543,0.9721918937106644,1.06588700718244,1.169119844869773,1.074789841468912,1.011669557991702,0.9880969629217222,1.210629843619542,1.329659648388582,1.238898059854674,1.224435776947105,1.175764244915412,1.231305778836891,1.149161086779602,1.201088125222749,1.182457192349977,1.129612586383208,1.272357789945988,1.182329035997145,1.01031295300186,0.8298869699200836,0.8590555035187442,0.9093553016311404,0.8077726128064742,0.8970910337065343,0.6201182250173459,0.5180958806656012,0.5594153975177533,0.7669739388242828,0.6832715614282894,0.914317943967468
AZ,MONP2,HH,0.9018116224430456,0.8528312903067223,0.824602877716936,0.7971910407337042,0.9319986160873992,0.930824334486581,0.9271785123454732,0.8851949347972702,0.9967201994596098,1.0059246926944,1.118780542028217,1.184078147995154,1.154467473407782,1.133573724746261,0.9572320837097996,1.054487535540892,1.048514997116514,0.95673365671247,1.091525704373883,1.049082815248852,1.067589794715516,1.127638935355864,1.107954742963152,1.087382794930271,1.0537759846924,1.04583534744857,1.00011229888323,1.218800809861898,1.529152108194218,1.683201313127881,0.8687640962846362,0.8568042770861858,0.9798831554942322,0.9402703646248678
AZ,MTRP,HN,1.10362419835303,0.9514290949708472,1.070167143521839,0.9834932947573876,0.9989517827930046,0.996570574313788,1.085564327774178,0.9517150873422776,0.974008889931949,0.9526645282455904,0.9800075206391424,1.014074414008473,0.8729251360001381,0.9298026456327668,0.9234792237595602,0.936982876799303,0.884891145404519,0.9561489812856412,0.9262293938812732,0.930909660572624,0.9133673153306436,0.9487759238359544,0.9175649696232924,0.9273552115694668,0.9453377368526616,0.921548532102986,0.9311763890403624,0.9469395798279,1.048547874088074,0.9153355814341676,0.8519502357920445,0.8140703983262368,0.6534807245109149,0.7900603970590023
AZ,PFO,HH,0.7753825436290285,0.665089651290472,0.7224022729352612,0.7534287052286959,0.6266033433730637,0.7670666748659037,0.6723423037072853,0.5939423425571494,0.6454157283100068,0.6918253826817967,0.6106933914777763,0.6641751405959442,0.7229723729845107,0.74012352659558,0.7806848742826669,0.8267855813502173,0.8218034970488106,0.8546128466487573,0.9091573644154046,0.8826913717160529,0.940956131350573,1.008622131379618,0.9783869503593366,0.9647595751639932,0.8758158620899249,0.8878133108228601,0.8919400531230816,0.956094613925722,1.374203137865013,1.224039547172896,1.500846564093109,1.580886055844924,1.728004423062045,1.110755984594655
AZ,RDM,HH,0.7881565865927653,0.8572976361719076,0.7400404331182253,0.8184085707996515,0.8663771339701628,0.792842967777145,0.7934966883151643,0.8744047158342654,0.9897215624677368,1.014257140844768,1.08437079228299,1.086361670752579,1.137255079843187,1.053261982597449,1.058606947137406,1.108879202664723,1.112867077921472,1.238583094023718,1.22705720929929,1.390017580886941,1.362481414104254,1.463106830612899,1.616814922513143,1.788094432230943,1.344722601504091,1.427088936916607,1.28114448978089,1.34163715988789,0.9471738037894896,1.10009660438489,1.544636456285156,1.234168590391851,1.569125609690659,1.620854784827569
AZ,RRSP,HH,0.9294911682262224,0.8330084928877844,0.7847863609392871,1.036115736477641,1.133738235306504,1.1811809224537,1.033577122113378,1.111178849549191,1.170671256800023,1.195426338913635,1.148356106196761,1.266763752219557,1.844592208574334,1.735266990019596,2.095772428968179,2.475211475755612,2.531507489801649,1.857747852365708,1.323426126083679,1.25065765647844,1.274654687634386,1.105228491319786,0.9656576090969632,1.256815219789358,1.067628600912369,0.9584526548074748,0.7335885367830288,0.618722831596801,0.5725884178582292,0.5831118508351243,0.5923659229683005,0.6081821508926243,0.6088421638629062,0.5668192934138014
AZ,SGBF,HN,0.886672890736194,0.7990835464756453,0.8781641315677462,0.8162003391313005,0.8530764695850763,0.9951318226511215,0.8747401848988257,0.9701166245464848,0.8756018976818846,0.9278686446887112,0.9317528589526678,0.995076635465585,1.005098899615555,0.993187493681938,1.019730782075769,1.059960087030385,1.057619914995423,1.019996337104583,1.04658097953364,1.034356423450306,1.071481985132464,1.001548891166056,1.023997026403648,1.0401180408582,1.037556569546294,1.345217539120836,1.505913827496794,1.033285426890309,1.081336645788248,0.996782212284808,1.212615788222252,0.8186279086035074,0.7830354570303553,0.8113188349521979
AZ,SIO5,HH,1.17331506936594,1.153039382125852,1.037513550695847,1.224543556713108,1.223273560924118,1.268205650539843,1.491357141619869,1.874559153000611,2.226842300389091,2.007236945738062,1.657985809329023,1.86278540257167,1.657101657929443,1.287219622389035,1.866210332939758,2.306902324346281,1.999178238320487,2.055370065998546,1.966790831294451,2.082266688258651,2.111866117418692,1.985113470152764,1.577857861313132,1.486939029917666,1.189033800710858,0.6806083833477161,0.7982411056339697,0.8723729248993928,0.6364897812710315,0.5180218430185316,0.4850477656116521,0.4521998764051922,0.6070279893577591,0.8015471987143503
AZ,SND,HH,0.838394030419273,0.9416714042747296,0.8994301006726334,1.130900936171823,1.077362132164213,1.191176550669042,1.381941598267826,1.282840295280117,1.134116487687922,0.9803363349070144,1.10001213689766,0.9271553904739992,0.9114583256519928,1.096141820954267,1.075428689282588,1.252388633919562,1.274214297853451,1.499104652082726,1.61114117775485,1.543158385847172,1.114198493430904,1.057275437499342,0.9633484612144402,1.038105470004705,1.156714416384599,0.8770903370734103,0.7743783200741945,0.7537681822388774,0.7588910175755045,0.7594181067493883,0.8015317445985062,0.9071110468464244,0.9152094367277968,0.9291424754200712
AZ,SOL,HH,1.418479362226737,1.142050416957035,0.984202380679395,1.218234145378242,1.24482808088269,1.490647305246164,2.114980530184691,2.560592660326947,2.900814563278002,2.303696119584501,1.584964691546482,1.732105757651479,1.608057376868946,1.429696302080739,1.709988879162411,2.326862068710384,2.190078893641322,1.927071386203882,1.549162443707131,1.175651336410119,1.057097005269827,0.8771534757728507,0.7972297454107469,0.7930396333144368,0.6566414622149301,0.5820366015289271,0.5074853781652108,0.701129807395467,0.5769771413313464,0.7361989000638421,0.8155103711037613,0.7881199857843852,0.748544550951918,0.8316041123927713
AZ,TMSP,HH,1.077802162966539,0.927072234016872,1.036857370133434,1.346497117290488,1.450776572893754,1.516553849887254,1.612178530991035,1.450338943473867,1.483159449138877,1.437044637497491,1.57052768271165,1.322268445874003,0.9064437571201184,1.390989682625966,1.642267723376109,1.683014566565087,1.288899192913137,0.9853482906590496,2.563855617616638,2.611067172298511,1.498243276927328,1.412002666256039,2.04805913357618,1.347550143533856,1.456650616393546,1.77220045343531,1.062906291154636,0.9972789077900944,1.178086740831433,1.184860895544832,1.388742600414409,0.9983198053340347,0.7968641744510637,0.7658186738557906
AZ,TONN,HN,0.8922101524351898,0.9309340393744184,0.938752078909942,1.140558951807428,1.001458906649842,1.056253901401825,1.318945474680113,1.275821554918002,1.239793590112038,1.125736848517243,1.000976701769567,0.9459118856228425,0.9451760341797876,0.9163574648102806,0.8971344482667991,0.9319865640837236,0.9295158613055438,0.9280413783012228,0.9360561880485893,0.9134498034621444,0.8908715045216895,0.8557338048655626,0.8076095382146918,0.7831209909148666,0.8362609227560113,0.8492834241459506,0.8907366371013233,0.8990566163239786,0.8641355211323275,0.8543713780534374,0.8879185781456358,0.879490174433916,0.8284863469934457,0.9002942737946457
AZ,TRO,HH,1.141185109751101,1.210356407904455,1.265822078815485,1.128022081078343,1.05773711749988,1.542679299422525,1.23135478123091,1.478712644782871,1.336929394608636,1.585505139532073,1.621430244415916,2.561054453329974,2.277791194741364,2.395117702629,2.538207425793153,1.702033503819402,3.748156083676085,3.244181871317416,3.388956265548534,2.958979775839397,2.212842642001783,2.304615203669205,2.697513959151297,2.35252451490425,2.515942605937692,1.990047364053891,2.155012099186446,2.259106471928471,1.463287226721805,1.086488853714629,1.751416977968138,2.881889229009115,3.110450583444548,1.60296304374585
AZ,WMC,HH,0.9053303098110856,0.8740396610040202,0.7842644072092707,0.921361099916924,0.988623500737277,1.061278023748175,1.165820758082612,1.000880767567362,1.041457728346536,1.046575824942112,1.086716757070881,1.130210572735333,1.395470377520876,1.254023526053897,1.29173149293779,1.436261045359244,1.52758801981987,1.618381932037607,1.407131193726009,0.9688815931788268,0.8019057156039002,0.8299479915761597,0.8947238969761511,0.9516457108871954,1.004919342782954,1.124355415990309,1.195456779675539,1.07826149395913,1.140019121838899,1.036326249426863,0.8473257939608068,1.18596734452605,1.500352194616654,0.9325296223454244
BC,CCX,HH,0.8104424590590401,0.6604904324580301,0.8061317935569566,0.9447338619629294,1.10631135380007,1.183660541790357,1.128465733606995,1.276609144522895,0.9708412804650292,1.030097417816314,1.002690862727238,1.028518329441487,1.065225144908402,1.109676136721708,1.189384696910348,1.308874847666303,1.659671420230677,1.856768530690937,1.849537521071834,1.984992171225106,1.547545762222102,1.294755327475624,1.181513219014754,1.435411755280348,1.287877134469859,1.262285930177497,0.9554975113500004,1.493818642328772,1.714432988365002,2.526618841429146,2.184039741842898,1.397053310397024,0.7336677574398067,0.5901293112704806
BC,CPX,HH,2.485959800839821,1.789011600933186,2.0915566618841,4.204061462810438,3.291511571091295,2.468746140941813,1.795714743191727,1.258381994008398,1.383470503295963,1.508899052747632,1.44648233706714,0.9533451603863752,0.6654405922875015,1.00183922938283,2.231150095676689,3.044999241669888,2.294215526439016,1.193653970764815,1.782285480299171,1.932950762702329,1.834991460027296,2.156544486920208,2.267753680795281,1.241759998219501,1.014530646944285,0.8901611938682996,1.143951032519613,1.189299552968779,1.468947568211262,0.9886773357251118,1.115670546619114,1.004069949747248,0.6874422658574986,1.229371179985893
BC,GUVIX,HH,2.345166917397215,3.171331724906877,3.037654289434139,2.617512379762992,1.704638636379722,1.634226508731537,1.746186272083251,1.665216476431506,1.583635182695759,2.125334260237759,2.083346437710948,1.994582625035537,1.690463056037034,1.670824963280732,1.322598184547519,1.159027395401284,1.282014946920965,1.194346711395554,1.039993850874087,0.9953036197075238,0.7286304479453976,0.6111767140656978,0.5916555195590008,0.6293748143614117,0.452957749095823,0.5308276949501235,0.4880146478625135,0.5594478293001515,0.6493133760871644,0.8765137578018073,0.8002851387815322,0.8958689622751256,0.9953521032970598,0.9200164814498238
BC,PIX,HH,0.8979918391600966,0.9198051471496864,0.9709306077330112,1.002479728448209,0.8508981233928901,0.7169363154914683,0.7917420211836671,0.9078668891401814,0.841296332428617,0.8720614226729518,0.8156045762286477,1.064074268782326,1.322662129127592,1.058713004216748,1.23679491061502,1.227782528167521,1.121440405527745,1.025595040088586,1.025437877715393,1.114354940870092,1.153018770190196,1.225723597415319,1.249073710185763,1.316874156977163,1.275259570866995,1.042595305614466,0.9499083088298212,0.8488402625969519,0.7720257047306576,0.7771597540219835,0.7157549536648042,0.6751526310621305,0.6544596563855531,0.8872753535663772
BC,RMX,HH,2.263190557841286,0.8636309535393687,0.7633133452676661,0.8729447100029395,0.9334092089055948,1.060285900649987,1.094893211062807,1.10952345466581,1.325622347363649,1.528238864920852,1.809442033493593,1.764239547080509,1.023070406367744,0.874160386125146,2.712792443966293,3.697918417031847,3.587495014766509,2.702243862908233,0.8418393005201744,1.850416391610057,3.455197091832841,1.514239208463544,2.599503611593653,2.308174651833348,1.314371993421688,0.926594593352015,0.91930467235901,0.9361088349059504,0.9221809274531018,1.3451826260856,1.929301355348004,1.614847005318894,1.725891600176588,1.795947130449964
BC,SFX,HH,0.9156332187742586,0.8433207986149605,0.8286672992468554,0.7893285933023311,0.6835569328266217,0.6304025740280782,0.8304686921073005,0.9442617925613794,0.929272318050102,1.017870605120552,1.11805941334013,1.082983007828002,1.008627774948489,0.9773652589315566,1.070679609284338,1.190135617055408,1.095504731545972,1.023819182778845,1.234329690755472,1.540002806156405,1.780505262693901,1.219662907830053,1.000887385827251,1.145871211320796,0.9413516736409224,1.071353375767297,1.132673621049005,1.284536575120411,1.372073131529268,1.405321098702646,1.308910680396497,2.108624554615695,2.359104621677799,1.4811670702137
BC,SJX,HH,1.879593736595408,0.7474255780681559,0.7052885194034361,0.7902617430904061,0.8794638160958244,0.8352871458219933,0.8517243162346271,0.8303394397089842,0.819810429632239,0.822088731039045,0.925037965536638,1.132898181382819,1.331274887029079,1.552384819228065,1.838776141142004,2.089772510210914,2.067163558799872,2.16569887416762,2.278935992594245,2.266651934818073,2.340443204108245,2.533358243181297,2.859291400691878,3.596726055793781,3.009863091918612,2.783270866361853,2.965940235435702,6.565589454115885,10.29702572189439,5.767148974075814,1.790185795757163,1.365250950356133,0.6309148377767695,0.6596665609662863
BC,SLRCX,HH,2.702605598306834,2.816502749156668,3.004278346739644,2.239422288841468,1.217864272116852,0.9455911772007584,1.137860614065461,1.098544751234725,1.311286104169156,1.470908297348949,1.663678357367859,1.761219002997943,2.18749723171141,2.016797463985748,1.150784999894091,1.046870454163778,1.381444712863102,1.598945276183653,1.441030959868394,1.389239420904738,1.340030756283411,1.48294069129366,1.101346290521357,1.06735667132283,0.9828158692442714,0.9473798985973796,0.9036350579994322,0.9448468954815176,0.8959378432331859,0.9764778581315458,1.163487603142479,1.110363714763017,1.341900146198212,1.676688807426635
BC,TJX,HH,0.9879342591078398,1.151705323005204,1.275938425372317,1.507066709445698,1.69645818795534,2.350523903374077,3.014572143123009,2.783640136484846,2.176866379039056,1.518110315623648,1.134027224247574,1.134295657520095,1.301563502482639,1.256821268811826,1.464940738908166,1.297101599726054,1.288533388220523,1.187150251032692,0.9912835965449004,0.8834212367889073,0.7164119979464417,0.5902891640374491,0.5794936324821728,0.5629822717252826,0.6354844616726881,0.6656265933323665,0.7627249120719564,0.7670923886046602,0.6905998565910686,0.6291006032186829,0.8797546459157424,0.8139738714689656,0.5503011864870517,0.8222932298898622
BC,TKX,HH,0.3418687676931796,0.4316715334590653,0.5373786523893221,0.6005172381581823,0.5776893757417298,0.6206668135111093,0.6976563348750232,0.696574348076211,0.6961071130346462,0.7294545970868849,0.7389804194617471,0.8485342838542914,0.9721858623144944,1.010206172107124,1.186299626953722,1.074373098957995,0.9850724081545672,1.003052672883795,1.061767162265619,1.152605892022818,1.401145015447721,2.087274935626235,1.507608889240522,1.064630775644817,0.9100076523296966,1.040857582066255,0.992850945807186,0.793723138163421,1.265478239021534,0.6891313871605569,0.6642710560464375,0.4519856723119342,0.231642385157217,0.2804794539917292
BC,UABX,HH,1.821523947704084,2.802817900010009,4.177047769955659,3.173041494086577,2.630290227826422,1.820416626348101,1.38765548188269,1.349192532770005,1.369628727007058,1.708817694176685,1.895745531978603,2.301634714128773,2.196323290162121,1.698775342251252,1.061627297581918,1.006366814140419,1.12623592732991,1.012552075672054,0.9277363320639292,0.7347141014070921,0.595669004621087,0.6433384705303788,0.5406305219321481,0.6752557140022923,0.6139287688533156,0.5421395014433785,0.4562279109551765,0.4482703886775216,0.4643937157078259,0.6169688805567107,0.7807275286159865,1.14978109395805,1.645995569591176,1.807068445169213
BC,VTX,HH,0.762937267567656,0.7428749913690451,0.7158279910664017,0.8961851221342984,0.9009722554893628,0.835576990531716,0.8732238911799269,0.870129806608108,0.8007348846068342,0.7992562588109705,0.7949145275287423,0.7356450917778526,0.7700373885821469,0.8431410776269553,0.8164456123538684,0.8679093844994565,0.9384165865949704,1.049113727079789,1.148299193833081,1.072362690346668,1.132852244606116,1.264690208724464,1.452232878641343,1.927625336327181,3.371473771280082,4.196427797669211,2.427297713428191,1.454187268009199,1.197546642050037,0.6974242949355941,0.9471287151164626,1.270898593469985,1.598269743073642,1.371194098129474
BK,AASB,HH,0.8967621457519838,0.8685039297611186,1.008641264148837,1.119720684908252,1.150840222202577,1.34163184905613,1.816232193909469,2.374437805699599,3.51035440661347,3.031292387809339,1.8880064535919,1.246027290264725,0.9186205170330308,1.035734167279958,0.8500919655281486,0.8526968565384841,0.9224290284358252,1.160305511088554,0.9086003272347406,0.902911772244913,0.7876227183304063,1.004089616394165,0.6901998284984749,1.254540814615576,0.7800476691461495,0.7215599957378622,0.9241654451860554,0.8516580574613948,0.6756350264044532,0.6521004885906414,0.1962154592152697,0.3328064935225426,0.4322059312726547,0.8276363196750528
BK,ADAM,HH,1.352478027392012,1.094851618961234,1.052212106856971,1.024074621059659,1.11182763821747,0.9473520069168098,1.040381661840914,1.155703762491392,1.207015193188083,1.337289381114958,0.9975240949671054,1.089599758844838,1.343238262822037,1.126144649421105,1.147267641791757,1.2765629169095,1.394729678036209,1.171486643529862,1.275084187539191,1.223848992548187,1.263856485255204,1.343040405604419,1.381958989754762,1.870022408305878,1.354126562514729,1.328850460316635,1.035350814269621,1.26386486959441,1.25465564033355,1.086583007458966,0.9152152103315896,0.8896163772323021,0.7573349160078513,0.9042585759301642
BK,ALVW,HH,6.163369194835325,6.55588768449241,3.425974805972767,2.336176690823035,1.34514790399807,1.119968074651351,1.401813794590783,1.397549647793474,1.666665315456547,1.828500650021233,1.588114417574566,1.570030447005179,1.748951741726166,1.450216114895726,0.8756592560768837,0.784347708050226,0.7390180948058531,0.8330070429748168,1.057579636854207,1.238667247093669,1.442577876094975,1.209317272979209,1.037811919150728,0.8749126367258744,0.7917514609163361,0.7329630939138423,0.745790072927853,0.6996546902357019,0.6816710608479204,0.6294520915641887,0.5702528153788424,0.5297547261145764,0.550383715676992,0.9206707409566582
BK,AONC,HH,3.43313090326974,3.987103841773397,3.268045810297456,1.693357268179748,1.122536539553865,1.330637067102793,1.390812972786657,1.396646732011376,1.241054848034989,1.248490447601214,1.319712292281506,1.424017190900111,1.808582166402538,1.613154368494758,1.312433502037406,0.9516491285438085,0.8918317624048925,0.9117321468950456,0.8629954299358917,0.8274089945758069,0.8893262484318263,0.7840711900228782,1.142445026336865,1.890649286098562,2.286876085336526,1.629809626532093,0.7899929559811485,0.43941212406708,0.5601176894695288,0.5633002931775701,0.6752942549470771,0.7033182855938922,1.152220002732505,1.031765820598204
BK,ATP,HH,1.373770288998617,1.333039612886261,1.295262292597716,1.592421109769787,1.527769897709663,1.538836045252825,1.736979564922786,1.828971689387193,2.066933980797209,2.012211666889702,1.845812374065392,1.677982087770927,1.167975887323934,1.031957493930739,1.263158918168431,1.194633317036464,1.1486817501645,1.178196394086189,1.289894826922675,1.180543275807662,1.430261077350205,1.237210042107728,1.124488058697571,1.08387866565187,0.9589114004585748,0.880727597997183,0.850801809805248,0.8445224462054487,0.8293353978604215,0.8282510268744008,0.8459642977321259,0.8186471977395376,0.9176985812807992,0.955899657893802
BK,BAKR,HH,1.296978172517796,1.051779058691416,1.140277997165916,0.9710078392020663,0.997752920263164,1.354148184109616,1.628609473960783,2.167338089966692,2.043941262505713,1.419987250825742,1.148105921850307,0.8434679380785982,0.9715743803389952,1.310878696366295,1.187290587043877,1.116625738215573,0.9009688192598996,0.8161839193442691,0.7366760102273817,0.7001294593190912,0.6640358710328949,0.6311420081048134,0.6439560082894954,0.6295223961771633,0.6828891434702464,0.7327529239926406,0.7700203197956813,0.623252073757653,0.8955113148274846,0.8570169505391764,0.8726344426640601,0.6883598240997901,0.5539569518527399,0.8914175984182174
BK,BARR,HN,0.7821544574868252,0.9731660933869384,0.900379827515249,0.948368585622823,0.8888980361877814,0.7981273411636889,0.8325320966898971,0.838062910928033,0.868115446652533,0.8817517738445411,0.8669490979878361,0.8878774785624527,0.9147878741716914,0.9095694847153082,0.913898775888011,0.9046672197776798,0.9251919836062702,0.8999969493664617,0.9107252401825264,0.9183970191222992,0.9213397503375664,0.915359055114515,0.9136567194618876,0.91012762722143,0.9196538878135292,0.916831520686336,0.9232261314940275,0.9583761034524488,0.9997811557161708,1.057010106245655,1.107140222774361,1.068240949579881,0.9755990603093236,0.922675882531419
BK,BAYL,HH,3.050391861244836,3.534209128184255,3.491977430453107,1.804930749571374,1.505957958793644,1.760326515785685,1.667239821224426,1.290230713543176,1.203886307445869,1.237037061310825,1.318249787221104,1.619604075059543,1.838688359292106,1.549995433374876,1.531604152988146,1.384448315347992,1.393627815202192,1.214677502496447,0.9705412464415296,0.5611162193366447,0.3575023821866,0.4785338026883734,0.9472100439068089,1.15386349965444,1.219692931306192,1.077585406905192,0.8279483234970579,0.9077338195206712,0.7931425164773512,0.5240986643001487,0.768837601574801,0.946694285906186,1.079712032298038,0.9290132978346944
BK,BCCR,HH,2.012787098597766,1.196105865651091,1.349302150692129,1.411559748623287,1.512572458567257,1.518519018108931,1.795458918457585,2.377226093500641,1.680370804091283,1.001165266655622,0.6965166709779131,0.6992241871262977,0.5276824344680131,0.52622911005583,0.5061602197979609,0.5862233699845537,0.5835268540074215,0.5745686873136799,0.5570610985729331,0.5780829745272101,0.5670591838360219,0.6348935429718886,0.6496921257835152,0.6637325304749848,0.7917605945909274,0.8681852334928898,0.925486929339688,0.8126256778261275,0.8048750569852071,0.8478537478322958,1.098426224468372,0.6853609512213739,0.5350472136826018,0.6014591369268234
BK,BIGV,HH,1.522624890339707,1.490339390331946,1.413735898281322,1.366906388485157,1.291662918384305,1.088355045548286,0.9378438289963172,1.017358999327965,0.9997461193294488,1.163329752831739,1.242332174852215,1.298010369279237,1.22303639783919,1.62122039263379,1.47272536112628,1.190248088416396,1.071293148260304,0.9988157174675606,1.02086902034165,0.9500539157726916,0.9235684011391256,0.8735576086700447,0.8855428611224723,0.898176515347533,0.9025055970205492,0.882675519415955,0.8797252130163218,0.8637769601796734,0.6525263941417967,0.7688963470030765,0.7205491254801236,0.7257317414751304,0.7843303359696414,0.9287417650394864
BK,BJES,HH,0.7345132043327232,1.187437478962101,2.659032114665039,1.512901046785233,1.637660589333874,1.351424163713702,1.54647096634691,1.290503085443125,1.428783710967989,1.228073321884908,1.058775060387724,0.7767959411240531,0.6716282925047778,0.4882883934281059,0.4368371780592828,0.327846150601336,0.2544123435885953,0.2235586638016161,0.2261287032152829,0.2176480848062884,0.2215870253037876,0.2368659095812961,0.2849669970190467,0.3002972263378484,0.3056568524524539,0.3495864415355614,0.3476385527732141,0.3763446600637149,0.4942330803686747,0.3792197231526145,0.3126240295073309,0.2931476937888229,0.3117483094090573,0.8926946200916496
BK,BL67,HH,1.025767773716349,1.078276816146297,1.156608174650734,1.14576869221517,1.080899105366299,0.9992868705073392,1.011851263541876,1.014774433156016,1.105967276770563,0.9753331902055944,1.007617046662148,1.229625185274093,1.415454221690222,1.348810290505004,1.414225178874322,1.445778703820631,2.249378009553879,3.205818100518071,2.14967865692116,1.85801928225127,1.228151756870979,1.164371091654683,1.218847470571444,0.7554390904469337,0.9833064255902492,1.540955493969631,1.18967671062906,1.173557650355473,1.826942108487418,1.853890668806896,1.903707294773763,1.876254542293753,3.225988866139129,1.682923488842959
BK,BL88,HN,1.434639699555262,1.361249489952847,1.315378147266003,1.422230927672731,1.247115212745874,1.240019552185136,1.224831655557805,1.223814803906688,1.188277301352687,1.108576499048407,1.13166790915213,1.099772858791681,1.087524342421707,1.073925245497399,1.008197589890863,1.005600920110583,1.007225549534652,1.014434303594198,1.019490136872475,1.098553684555849,1.076730509964542,1.052221743953814,1.101079490088818,1.076194394896752,1.060194510718019,1.315110932979596,1.08577915241839,1.093370175330853,0.8896515150514025,0.937876988051609,0.7071901413757462,0.6935279958368353,0.6142775193625379,0.8186995242305944
BK,BLAS,HH,1.335649625605376,1.167335658934867,1.18308190252181,1.20025562364069,1.186860471461512,1.229651002650357,1.375309107602333,1.24292619265976,1.134805425887854,1.040360814604163,0.9626862379014394,0.943412168520363,0.8215267969900419,0.8206782669025044,0.953325742407514,1.251830344724658,1.73699198006507,2.600530172291799,3.133592543980729,4.477978493596519,4.608717039650484,3.954000531982327,4.001122618768852,3.057218207958478,2.315474325628344,1.991582023051417,1.751130309197438,1.610028418796397,1.031787133096782,0.9912739665404476,0.9145625653581524,0.8288013600273504,0.6597394945875026,0.7151819786095138
BK,BOYR,HH,5.815156818710923,6.099695867968277,4.146381598954738,2.935757899739985,1.77056668905049,1.23393437374468,1.401362094194899,1.428595294847036,1.550732735461144,1.677140633339954,1.762652363879617,1.563089626134902,1.550712639797872,1.402754294668767,1.122329103312012,0.8566858210785755,0.6984008468769735,0.4189398609184387,0.4557050194927823,0.9299897670162708,1.310167158888769,1.821892138270249,1.907409037480429,1.889561224345433,1.343219877765736,1.119590668238191,0.8199131321534218,1.007946112138192,0.5871334357902087,0.6491418282335474,0.7452363124104404,0.8797416381779599,1.139975468068646,0.9874639492430408
BK,BRIB,HH,1.395011220141969,1.44450226149628,1.264385273322405,1.24600866225171,1.078229718898131,1.237039610164437,1.172342919047009,1.042333657281482,1.09906438114104,1.241139459225268,1.132495493111457,1.344528193044227,1.303540809931633,1.173466336983818,1.361916804554662,1.154972620031515,1.981147627819283,1.423462345568789,1.348323043132431,1.181399977861409,1.240843565798372,1.060149822694024,0.9595713892947584,0.89391970873777,0.8161396087316203,0.7348017941943183,0.7367263559842483,0.7719352400512823,0.7529675937762134,0.6466740750321092,0.5193601659930295,0.3941764668270128,0.323882350660426,0.859252989209189
BK,BRIT,HH,1.266196589208923,1.506030409560742,1.400054669897163,1.444118156132111,1.263426381466418,1.043235565634677,1.521768281719555,1.299103994800793,1.500251462147254,1.641080906571417,1.781468999609133,1.501627297289221,0.9587350459814136,0.5260654602083833,0.8196695519318448,1.441227277016482,1.369794115749981,3.047777142309195,2.687039967033734,2.753997872082698,1.276675006261045,0.9759926022761902,0.8260018053922935,0.8405153580290756,0.4890067732782199,0.4472302377756769,0.4286292926882604,0.4563950533613308,0.5541831175671323,0.6495923417754874,0.6150330169654661,0.6423112925182273,0.7055161034979093,0.9195122464365586
BK,BRK,HH,1.080684823503207,1.004016170965518,1.039316732941368,1.026721538742787,0.930474158706336,1.020289041672553,1.009200228322566,0.9656261187821636,0.9620263157831196,1.039452010521241,0.925632346110287,0.8966759956167868,0.8263720698796503,0.9284058650710304,0.92033919210871,1.122400143643088,1.17502195448963,1.325984404759455,1.169115530043654,1.376704372158318,1.880857588691231,2.058701460546098,1.653531331287184,1.266816261974591,1.232298231321229,1.150683313470324,0.824991521978855,1.093353517791139,1.231970182908442,1.217399096467799,1.747205450296842,1.904320764391041,1.686910150758326,1.908360159492505
BK,BUCI,HH,1.22193344801555,1.092763798873084,1.095049479894715,1.138719038721466,0.980012822893654,1.102948098086606,1.158351226321586,1.258433896046528,1.33113062801583,1.350893618254193,1.421444957833992,1.413978179428093,1.601163436822924,1.514582208272313,1.515334231221355,1.419274580839649,1.347625525451833,1.360898648911633,1.463859545061647,1.51901511162347,1.595390334927822,1.65735360704112,1.702643811838844,1.273422162433876,0.9366539933609932,0.7207842018755104,0.538113624028245,0.4203976212915427,0.3758127235380847,0.3921097933405691,0.5302367911212396,0.5186397327384653,0.478117402029832,0.8797797424063403
BK,BUCR,HH,0.2005041516174684,0.1833873069188179,0.201881495109031,0.2521928764024691,0.2715351489387148,0.3431653902035154,0.3960285967514727,0.4642217770600034,0.5160530330271632,0.6226751684843663,0.7094275487734089,0.8166067960943965,0.8357360420459079,0.7676214279843366,0.7413364667475207,0.7017355929559688,0.5972088879329486,0.6340780449130656,0.558049526629051,0.6101940047306712,0.5953485350267885,0.5544903472427788,0.5898033183049,0.5450648142410743,0.5697906693043794,0.6460751604959606,0.9015557415604324,1.052407595376772,1.419572475215948,1.475010736022683,1.538343878067152,1.31604676176169,1.147514434105298,0.9233818819751276
BK,CGRV,HH,0.7648365371454098,0.5939511948074853,0.5623436922699703,0.6299781438210311,0.6949306747408214,0.7305601652855467,0.8697992408757752,0.7912655970087918,0.7959921266350266,0.7967939799895327,1.031010679012586,0.9620406689074076,1.006018316766601,0.8941379583080555,0.9491636865274112,0.8981276956687366,0.9964269040393692,1.114016282958838,1.064853027947668,1.338570067671438,1.471456397029791,1.794653303536564,1.844033950967201,1.60764573289428,1.51174903823236,1.298089716387284,0.9327216476606311,0.7775555367974724,0.81815899743915,0.8779739165758944,0.8470099092749848,0.624564648304876,0.5875111158198206,0.8754912541549523
BK,CLRV,HH,1.203278498831281,1.271524652342273,1.226120227076694,1.003918879868381,0.8932261037430727,0.7205114618426657,0.7663177489280929,0.8341689566335685,0.8434124439308375,0.8879422878230994,0.9798730484713238,1.027806986118048,0.9755715427980072,1.000546291968004,1.017271330933368,0.7371754148112091,0.6729723460727732,0.6507727453625458,0.6452769535260737,0.7742721643890624,0.8590047562057374,0.7701168700342452,0.7548956361823616,0.7531861790157018,0.7568960363718722,0.7709683469526057,0.8131779975506985,0.9148764285852604,1.383015163503216,0.9133926299877584,0.6016744483968094,0.5129941072665036,0.4789136432138373,0.9204938871021328
BK,CMB,HH,0.8753334647084273,0.7929957938944233,0.8501798627180261,0.8279399778074368,0.7910844831612087,0.8307301682344191,0.8774372889535492,0.9102907864907548,1.002123032182832,0.9876797494264196,1.037299873530061,1.142342012111049,1.231367758333459,1.357347306032145,1.353160488163547,1.398891517085395,1.504217867989028,1.524568928144305,1.462364847826768,1.569773090094115,1.643252596764117,1.607549357280158,1.680665304102035,1.93145846100194,2.546261941522474,3.382303364867303,4.572887439975307,5.868965078469052,3.759738834118191,2.189752817383692,1.680927572772515,1.815819569643063,1.774779597994153,1.354863266187374
BK,DANT,HH,1.01095886077026,0.952690514452288,1.048786591112804,1.216780153764428,1.239747714473306,1.54211695969673,1.63934740983797,1.78389006194056,1.932001301833019,1.602148704427449,1.024367226309877,0.8857151447593729,0.8553059128176973,1.121224466305902,1.336572648543507,1.388345763776133,1.28298542128855,1.126710864862454,1.071233749399551,0.912706794682566,0.9342091457051592,0.8572652851934055,0.7453857401296694,0.690348890382223,0.7155465438827212,0.6555397111752352,0.6400088089467694,0.6097237725344619,0.6062365366944007,0.6683440606689897,0.6133854083008354,0.5335220821921198,0.8219642178021505,0.9069871074685136
BK,DCMP,HH,0.9554280670811882,0.9365535331645168,0.7867133591754139,0.9038216483615736,0.8144471557228475,0.7281016934953228,0.8527846294644453,0.7622371473270739,0.849658641796228,0.923839267434088,0.916829179222294,0.9675545582738714,1.086331734017812,1.122121767450708,0.8846993045221012,0.8564495942800316,0.9198106163445277,0.9283596483987518,0.9210045477232416,0.8670774471853843,0.8749111494659322,0.9166083667655164,0.9028490204093664,0.8492933172753085,0.9097348549319318,1.138129163145964,1.220375476696967,1.413499745143994,1.422839983435772,1.063620061737654,0.7130227459151692,0.5116242212625459,0.5254912409880548,0.8898074937217237
BK,DIAZ,HH,1.411460653007335,1.283118878957034,1.336403278605972,1.297255046206576,1.333315357817498,1.235426699158995,1.240941865904206,1.289280032956187,1.314830213149938,1.283595584105252,1.736384815222308,2.11898015008165,2.069870890513482,2.447849329304958,2.383610156190618,2.073143868359784,1.715381930968693,1.283688266018491,1.371711031102768,1.445171935250582,1.48042581316458,1.408458174325969,1.421353776843924,1.511287589302811,1.427584411742807,1.289599511090063,1.288844347995934,1.410481408014185,1.506986993893776,1.371194850900995,1.375884010210706,1.030703199817072,0.7866899215299863,0.8137816563553568
BK,DLIK,HH,0.8428569130249999,0.8557981046997802,0.941056458367644,1.049688920312737,1.016628405546917,0.9277040562750036,0.9862973975853844,1.08760257509343,0.9317981142533196,1.049564435289388,1.082900243208573,1.048837732470403,1.204179096147706,1.152235993011596,1.149616033596143,1.20954110825107,1.195470250610693,1.168688640922735,1.130450941856347,1.1245783193178,1.055214384993141,1.081112863673917,1.083667501553135,1.060615737802578,1.038385540490549,0.9066047054719352,0.968479213750389,0.9776005813310248,0.9365639883298408,0.8807233308895637,0.783524360642075,0.7168951729347153,0.6821098035851567,0.9153433110483344
BK,DRDG,HH,0.8348412365974567,0.7564898356154149,0.8289677536322069,0.8057736389047386,0.643463675830748,0.6711693875682463,0.7436072503394386,0.7340872931676413,0.7883489083343318,0.8406130627483822,0.896567834906496,1.136129345534961,1.331612486486491,1.573815605119105,1.671988394165905,1.526313979898285,1.283172556736273,1.116257392778527,0.8519479337941752,0.8143998444991943,1.082152387116042,1.254993707856198,1.117927573502114,0.9981807470991724,0.9636339619327036,0.9126213046511764,0.9013983333921208,0.8937955913816216,0.8915500068733448,0.8787845095154804,0.8659812856371393,0.8476972816149301,0.8240805693883454,0.9281664206035573
BK,EAGL,HH,1.681992179790054,1.630027435094955,1.683625127502688,2.509650883968986,2.708870396636256,2.419566591447119,2.042772991631469,2.001796322925673,2.226991172795326,2.522378088814787,1.830862763651482,1.047827648632852,0.6506664787232368,0.5374631621283682,0.5062131408045087,0.4940908806687524,0.5220180683813198,0.474842423108903,0.4533742651324457,0.4883382536788592,0.4967048288264498,0.4723598915385618,0.4921877160548342,0.4681149954022376,0.4732869171687142,0.7600685115301059,1.114649038343853,2.279867177052718,1.173576641924934,0.7039300267801484,0.6402155893780128,0.617750990301598,0.7044826838117213,0.926340635252058
BK,ELFS,HH,1.502180276452441,1.452680040801797,1.698865968914888,1.852399872963453,1.839470956061801,1.75401325590128,1.627921481308252,1.416399443528854,1.37331850699206,1.355828914785695,1.426950257746711,1.095725503214015,0.908402823961423,0.858633530608883,1.223665971856108,1.205963010139012,1.310126424332636,1.313679480438474,0.9666761347190076,1.07481880834512,0.8478934918315012,1.162421960205101,1.187648091143097,0.9364087755536236,1.127321482958031,1.24761253512677,1.015017387946114,0.8500465435950536,0.8556815430244374,0.8818693590993336,0.901850569926571,0.8917507447759283,0.9267105955307758,0.9104902100207826
BK,FORD,HH,1.474036052621541,1.657889364215387,2.002234684894571,3.55002277496986,4.749857802288818,3.430909560112361,1.947809875550127,0.9947149487245832,0.8653593947749851,0.902302642308418,0.9304357022450992,0.9316149390706836,1.018089834861393,0.921646597560384,0.9268297044059128,0.9552606848917204,0.9854737838153788,0.8944405203818602,0.8340651286298776,0.985046917127594,1.143493715080067,1.359101589137906,1.345895081928928,1.277949519308068,0.8840938513680355,0.8699288684278043,0.9653555771218356,1.158733032727258,0.8673788595411172,0.6806367774712594,0.6601942403168088,0.4124782453680556,0.5998999274133706,0.7855043352211108
BK,GALB,HN,1.794336448065258,1.335932659538037,1.269366272197466,1.140228268635625,1.167043096225348,1.078285683026215,1.0589498854131,1.116774099448006,1.06468424793416,1.10971888458644,1.086879454828407,1.084323422771647,1.155155031554545,1.109268762430867,1.095251910794623,1.080591847087262,1.06135428893155,1.104899976635478,1.10182264651633,1.102489920308627,1.125747992396576,1.139294817224842,1.128416780068486,1.142470944216312,1.133936940606376,1.131177483828219,1.139191802930698,1.161634004867306,1.294996143982886,1.296800127794385,1.248940516504819,1.242228157839579,0.963156912973905,0.910539134421822
BK,GASB,HH,0.8555054976804625,0.9216193114834202,0.925493929972978,0.9839116942267188,0.9791970924819142,0.9201116587945608,0.97823076052923,1.128954366479869,1.014337467689935,1.041861348880118,1.095513162356502,1.107691624592304,1.052118897494052,1.313308963486024,1.078597036203392,1.449946217452778,1.469619224886655,1.73581610836942,1.65867881199398,1.446443644017489,1.421756995806005,1.165395630823417,0.9618014718403596,0.8581230993980978,0.7532409215634192,0.733957476531,0.6436325404664048,0.5791379273132061,0.5366095998824518,0.5379593462852185,0.4957083008604938,0.7053998990628804,0.9130090512763748,0.9117504806618286
BK,GHOP,HH,1.498771941980782,1.358639875437427,1.19382679306916,1.275896247269148,1.132215197716502,1.275044485076507,1.06968683144796,1.1936437894534,1.205031419119825,1.221056278153833,1.355433424496641,1.348965561309719,1.52898333136843,1.655897351644637,1.840519665793366,1.831682551503031,2.573182223192267,2.703278566399786,2.289306361378181,2.032248900973696,1.334815852297855,1.953852233693196,1.988732968016296,1.563816275643196,1.498470694861169,1.50536768608437,1.115809856224903,1.019722003118522,0.8950031120976942,0.7547018029323646,0.6586260581928602,0.4933983532973124,0.6132098085094396,0.7128887928390304
BK,GRPK,HH,1.391866717084518,1.089333298008364,0.994725522961557,1.02822024478973,0.8771311480285097,0.7906120054177745,0.7638463508460777,0.851606899309784,0.8554396491507533,0.9082901552989509,0.9314997793760652,1.046309724206396,1.271692894478762,1.466046744421503,1.830348029056951,2.421550590904743,2.34713936258903,3.362243004825689,3.006708988154166,2.721583252874755,2.572259521146329,2.762661038198459,3.214180208034708,3.078054365203152,2.545533765617685,2.079870961484731,1.632712753647918,1.357707652826985,1.313193931724208,1.207261013550538,1.190237228683197,1.298262883933431,0.9298111168049767,0.9266171853665098
BK,GUMB,HH,0.8535712166072447,0.8813946099371962,0.8324073886855129,0.8445261132032342,0.7398810642753649,0.8041210898915669,0.6954519349440609,0.6708304789205494,0.7105864362917718,0.8212751301581299,0.8799347494119019,0.8593555085129163,0.9126245107522168,0.8846196190590455,0.9699306637097224,0.9229295759163127,0.9488592448695772,0.9323207059697148,1.026280006059061,0.9838821827976848,0.9847206465369936,1.098329721077374,1.178555956279404,1.302089160694762,1.476436592353644,1.673806423293922,1.237316315064842,0.9420896757270992,0.8613014364235557,0.8282810386932957,0.7785267412339756,0.7183180829032848,0.6768679702412156,0.9131995705017424
BK,HAPY,HH,1.380626217876495,1.347943227910242,1.283369033789392,1.297594399698295,1.135817567881592,1.124352047447641,1.284313488283106,1.115004297400966,1.049649985055366,1.365835592885297,1.551501614579078,1.366133465791139,1.129363977868235,1.082533886234801,1.101169564694965,0.9247995953751552,0.9308997016237937,1.153445183342379,1.109660858013997,0.9074029887813836,0.6975908353607067,0.7943692252705913,0.9129843913229916,0.8867262110817453,0.771075510398173,0.6415126652778294,0.6459762486254983,0.6271569780122,0.5806099260227274,0.7510136799351109,0.6010185394275782,0.578319525440985,0.4969404765040797,0.8374697453039415
BK,HAS2,HH,0.8679721081014738,0.8268924445591173,0.7972597477787702,0.9240909113261656,0.9977706823382926,1.049477548203116,1.147266528063575,1.226505941423518,1.463320422293912,1.537751617563254,1.744462832991156,1.769643268109354,1.157732734582737,1.09267123862244,1.02205652992236,1.123680829631782,0.9210524095277932,0.766956843892654,0.8723327172751278,0.775327777025829,0.9134283022874418,0.9814596010722536,0.8643806898435357,0.8002629957338377,0.770793263968377,0.7618893372602863,0.7379869105906954,0.8300817974402158,0.8324132169890377,0.6533246123148879,0.5249847827334397,0.6511363649120266,0.7359253064334201,0.927515369785564
BK,HAST,HH,0.8805990343623613,0.7594505767700899,0.7418142692856691,0.7938996568266111,0.862194026873923,0.9046341859830316,1.005821141237507,0.9243076707892516,0.9921431667432108,1.156113004324819,1.254267323756198,1.436522142001824,1.629941772228588,2.290440040109495,2.667746585223586,2.121753478628716,1.212545477751902,0.7629357108394703,0.696865526978052,0.916183814703304,0.8233099266451882,0.5904484720524915,0.638390604765508,0.554866439812296,0.4060522027164307,0.3058961403919899,0.3154989664650465,0.3546259643904732,0.4210366260386111,0.444813558906,0.331371930270198,0.5933398594493487,0.7493642273203467,0.8830615496994569
BK,HATC,HH,1.570397513167564,1.634395602719942,1.815385922521821,2.602689770038585,2.759149062804368,2.804430461884071,2.772212195212135,2.683455193206392,2.407491287078694,1.588152678117394,1.103014360135504,0.6122124322797547,0.7469608314600588,0.6733968784688454,0.8076349639257561,0.9110843086894612,0.9099625576665026,0.9524415144034032,1.296348573058046,1.173979051809884,1.132292512096835,1.097698531241792,1.397107229216224,1.796548953820543,1.065502803314077,0.807716370340562,1.035145922521207,0.7621999859266564,0.7060902545244453,0.8941650874293969,1.121816847578724,0.9719177432988492,0.9444532349258172,0.91887863687324
BK,HAYF,HH,1.047530228560038,1.031838958632411,1.005853574808178,0.9418707788118048,1.114378232810257,1.006353232493518,1.072275657609949,1.06982269372733,1.229696224787553,1.38480590708116,1.443461474691559,1.443175684814472,1.42055583527146,1.583147856643682,1.474186108419405,1.777667853585263,2.123426615966755,1.58620879226604,1.018298262804161,0.8518654804956834,1.021643063738505,0.992162115391076,1.142099639084815,1.346026049840791,1.264288990681588,1.116964635818921,0.9313112498496918,0.8195853443889042,0.7817438040860138,0.7473148788169353,0.7057506632656897,0.6377361005830182,0.5946931654701679,0.9281174197323364
BK,HELL,HH,0.8900408546314482,0.7495761969683917,0.7237623102302123,0.7749107387480924,0.8023546394940664,0.7805384305838854,0.8789202981379481,0.88286428661412,0.9786028429543354,0.9119103678618108,0.8356637886619253,0.8031531125434637,0.7913898693067709,0.7993865966579627,0.7612884748046569,0.7744580426797547,0.8069393475898061,0.7623819344093721,0.7731790980442161,0.7657933073894416,0.8235382131473719,0.9838153236936872,1.35715336705795,1.279393805916165,1.036010935286221,0.666048944770603,0.6463558443508781,0.8125986366833323,0.7634534768112347,0.869844574758774,0.8454226492761905,0.7988209037875985,0.5589845235756962,0.8976543653553796
BK,HRCH,HH,1.257240077549128,1.053421303087898,1.053872193843076,1.148250830622636,1.24422621976493,1.226648993424708,1.330544237641896,1.127880830515565,1.108130712811485,0.933223210156901,1.125368218813743,1.167899809734576,1.467875449212519,1.719456634319468,1.327719388210475,1.428423705107463,2.357586140060889,2.04571809398173,1.824163805527951,1.351019833886589,1.235010694312109,1.760053456361625,1.884218926882819,1.814372223205795,1.129189662750041,1.079871029386807,0.9622462628973132,0.7526226160432025,0.5685290295871858,0.6436423853229167,0.6436634474229773,0.5406265095931503,0.6162847842529293,0.8780330643291699
BK,HUMO,HH,0.7637341734870166,0.7629322843839186,0.7698272089619832,0.753848183167562,0.7313593186159959,0.7660018236857381,0.7365219688151423,0.8458121337153227,0.8901006186917589,0.9355839245731312,1.053356421929586,0.9065294940964298,0.9493786717109848,1.042087478345999,0.9667097113261078,1.122657380407455,1.26895229052242,1.285277291634542,1.396818927973499,1.40086384559338,1.295327424883324,1.136119201797237,0.986207345123748,0.7463750431753731,0.5156347392757243,0.4518379776861457,0.6186121882308329,0.8996942391080099,0.797120692287487,0.7850916648895491,0.8123716158039007,0.7825444204558454,0.7343231332770159,0.8973015959763792
BK,INGL,HH,0.8438162425803953,0.7924383925679629,0.8857047617638824,0.9045707872552644,0.8900610097767062,0.8022955795464146,0.8290184239026551,0.8338750271881435,0.8736153873737895,1.048702236495586,1.173024134305158,1.467877575556798,1.648928973486166,1.815785108227765,1.837041182005654,1.61399580514982,1.283222241686995,1.662863757602745,2.412257613553193,2.633639234970121,2.063849793463461,1.519842689313338,1.484649636738927,1.234936982566061,0.9524948201870608,0.8561945809332521,0.7866029510044927,0.691674766662602,0.6122234984955982,0.6525330141715049,0.7094136965184255,0.8253210149403744,0.793354562550319,0.9195496015821032
BK,JCC,HH,1.095527762615199,1.035327766302262,0.919889135237239,0.9118293169526878,0.8653754360478719,0.9201689397706492,0.8704378323558799,0.757471268388905,0.8432282239632525,0.8854369877012329,0.8487495561126062,0.8346995461296187,0.8810414291098311,0.7710639685292469,0.7158658336187443,0.7874002584176283,0.8392075941899264,0.9137715610734471,0.9371831589331708,0.9594718362550952,0.9534701560863346,0.9518156920861937,1.160362093482789,1.237427936127655,1.363792331702045,1.582007593305781,1.332717686998629,1.721393100227502,1.278054549155148,0.8139395701098845,1.302859259131422,1.597808732492351,1.748812390434515,1.045012077346128
BK,JEPS,HH,1.749148083812384,2.087556799362468,2.341319785592408,2.156670549264502,1.760998433305276,1.407950432058013,1.57236734655824,1.487209095049444,1.57030006030539,1.477766690663926,1.55665461984068,1.530956731527177,1.532726723000724,1.289078716063021,0.8947144340061224,0.7676072571251361,0.7653000584480866,0.6864594249377871,0.5479530428271875,1.056634484459876,1.283876527430162,1.156192313960508,0.6469314659321899,0.3949321215866936,0.4427736661957899,0.6746080154437554,0.5387577031305419,0.4707451741993471,0.4551797300212413,0.5221894934293683,0.5708214637055532,0.5618777222676412,0.5343957832525538,0.9151527942006544
BK,JRSC,HH,1.140924838070259,1.225820362469681,1.26180088043136,1.258391454374957,1.270386597462174,1.217263715313165,1.253851276490315,1.264536719659409,1.220653329720625,1.409540423806695,1.394462503006889,1.375315201622821,1.277652416436539,1.114045253205535,1.145647522636352,1.217003712597457,1.511187190165268,1.489050393250489,1.351149589005266,1.424226866641377,1.420870294220615,1.375769619789016,1.308281004915792,1.097012852190466,0.8817459933175587,0.7426783694087173,0.5659845300813748,0.5530741950378616,0.6886439027989925,0.7660142654185933,0.811884859534716,0.8953700508747499,0.9633626408778928,0.9335366822367488
BK,KARE,HH,0.9173983571817572,0.9933386444806488,0.9325186027463156,1.326603062020766,1.483544638004157,1.944551380877086,3.061661669888515,3.721595069048692,2.609450513776599,1.778925309139562,1.090915794579822,0.9911159826851808,1.511747925193254,1.438408294493044,1.111371810748633,1.092685885673952,1.227972190958086,1.26830392233472,1.207263071340967,1.005653018949616,0.6615088015083631,0.5863681619785127,0.5210710540722936,0.550967868341303,0.5681427749736466,0.5831997518409233,0.605045011141401,0.7302634623391234,0.5264821521667612,0.4639204708044062,0.405235624244867,0.3895923290022308,0.4343203815239604,0.8650623950185092
BK,KNEE,HH,0.9804755738572744,1.036009149066492,1.053941917118536,0.9773543912704102,0.9400544610897356,1.028365836751138,1.040442423640002,1.013763154019405,1.115419104751263,1.320477945787565,1.684376980114941,1.487639500523328,1.354794370820421,1.373220513010426,1.308951005028833,1.574771155226401,1.654790270875573,1.757983698663249,1.817724672589326,1.689539125017854,1.598217725519326,1.509640874811211,1.510672018511168,1.316292775033139,1.440303505345441,0.816420056237323,0.8881593228477481,0.9720398822181016,0.5069944150915453,0.748784548159755,0.6514740619899322,0.8254317034591659,0.3860879344900595,0.7353973902370404
BK,LCOW,HH,0.9384429749935584,0.955189899249381,1.039340530250957,0.9561807252082074,0.9445560697903974,0.969873469113284,1.166506795409078,1.106651422737176,1.306342187982631,1.534982225107322,1.738407135071379,1.868412849794699,1.754523024540813,1.497034826419013,1.496464916714263,1.643353291142048,1.485219394495694,1.437443336235527,1.151065734610062,0.7339159090244052,0.5726925784204413,0.6011962459293658,0.6707954969703914,0.7426370564147007,0.7446736892723015,0.7489547255708606,0.7452461726390541,0.7401060837753141,0.7038957934657617,0.7255653059930703,0.7039309691118676,0.8205459131599943,0.5529418603917319,0.8881660593534585
BK,LEGD,HH,0.711199036258898,0.7097753176984439,0.8681534153255752,0.8489694288122761,0.7737271594973468,0.9394064057723968,1.08957918199347,1.087571843877227,1.247045176328173,1.523451343649998,1.966562213481124,2.64458815175142,3.181007642622984,2.337479468720868,1.580457251873429,0.8197819311931277,1.076980264006504,1.328924051248878,1.18737569581932,1.026359319688372,0.6803451868166545,0.5119127621702775,0.5867657304093414,0.5169063193208777,0.5055811010163594,0.4194337358347633,0.4348077353708386,0.8613516583331905,0.422323306407531,0.2377224133109938,0.2380205916022899,0.4115046083210682,0.488719431437139,0.7813835933811354
BK,LGMB,HH,1.427301152949694,1.419886771404417,1.372012026340471,1.430013157846991,1.41053106940326,1.529097318532076,1.946278942329388,2.030818870467197,1.708792276282085,1.483347521283503,1.576289832949828,1.635025179317037,1.719902045034963,1.560353080144168,1.415912982481247,1.332335249841118,1.535733564101369,1.702463348304123,1.564783348262066,1.631609670728571,1.216603236762876,1.130021926252749,0.9850496413856706,0.966153774267312,1.019786727900756,1.021862148496162,1.059930188865987,1.151883538723011,1.201337670680311,1.302408294262108,1.514012958195498,1.354283751765094,0.6531506103515631,0.7303901908316591
BK,LIND,HH,0.743288283244362,0.7124688850524517,0.68580452810175,0.71145280840768,0.7266587777761152,0.7693109114404131,0.8465483232065352,0.8739313553980447,0.8927480862291598,0.8429170003931684,0.8665377264135358,0.8799192399718747,0.819803542039058,0.811261856455703,0.8195177017635813,0.8086503262795095,0.8204691701187067,0.8180199142297413,0.8194213006356863,0.7879147227579891,0.7658243982167166,0.794129806448046,0.8318607182293776,0.968581530098614,1.02397265402882,0.8186253400206355,0.9359407495681796,0.7404053683222769,0.5500773702975427,0.5291177375829071,0.4651403976538494,0.4890272911637224,0.61277191192575,0.8882022117830146
BK,LITV,HH,2.444603391815742,1.930988053365468,1.629779415022641,1.38633406408711,1.447046804062821,1.513680245496363,1.603661839416161,1.656393114445786,1.370758533281428,1.26353502972954,1.373731535343926,1.278855215678105,1.219006971736021,1.247206384072884,1.105423645225996,1.096905207877993,1.136727417633481,1.138645812900405,1.13739953559186,0.8793117483560375,0.7875000150838881,0.7955152558890848,0.7593205856289772,0.71839026949208,0.6830060234043712,0.7077606671653812,0.7800457615655593,0.7859794733017392,0.8185906212714503,0.7931664310214751,0.7712047232921454,0.7682826342809831,0.6419322756884059,0.913734131266439
BK,LLNL,HH,1.896802642741273,1.759204508657952,2.078618325401345,2.147472875169699,1.899888818439056,1.675287232746524,1.406727303202588,1.307593642803847,1.46591566929966,1.65745501190265,1.719283764532222,1.634394629867892,1.444065276921578,1.146611046331169,1.034893548958565,0.847768327079929,0.8638148144040702,1.024331168048294,1.141185045657004,1.267268491933692,1.133704408993289,1.129519461480594,1.249176073058336,0.9293178638993488,0.821810486666929,0.8819571978064782,0.7681525196100473,0.635322577810086,0.6280449048536699,0.816296393269986,1.143954094396235,1.148590389471977,1.405491898901795,0.9824131674903588
BK,LSIB,HH,1.216874516717549,1.313561471856116,1.023566400812275,1.128523076952201,0.9388457451627912,1.044626212938253,1.148890489141493,1.171331388606018,1.540757413517288,1.763549402118894,2.243047821221085,2.326059299259351,1.750117308503896,1.860429224019698,1.7368881732062,1.694758424554563,2.010412062030773,1.869061210979427,1.568997195530946,1.369122282294084,1.258899732125878,1.156964501759806,1.011146723618879,0.9139393817131708,0.8693467389309069,0.8716302786148928,0.82955570567479,0.7954463285672464,0.8075530105218505,0.842241257403504,0.9164856969538198,0.8723953398697737,0.8230379903211381,0.9170921969330864
BK,MCCM,HH,1.047383126584933,0.9415490948879685,0.967080681245705,1.123957545400682,1.17994690702947,1.197947530561806,1.174477686855509,1.290371334442167,1.257422912589137,1.138208259909567,1.0330339056641,1.038033794957661,1.256578864037538,1.120276385064923,1.111734339577219,1.361954381764408,1.384506174534668,1.503884689403362,1.495576282825377,1.40070639367703,1.309277265317534,1.398063945861876,1.344494688942718,1.38477581049878,1.139504388873235,1.036933119476397,0.9001854294639833,0.9104334037189412,0.60392822049447,0.6215799282622376,0.794493299856919,0.9583804031543752,1.229595505942008,1.246331970051959
BK,MERC,HH,1.085175004874088,1.056371760091276,1.45670097634182,2.15179201434418,2.829375818440335,4.033201904246538,2.491084659839659,1.430674800603779,0.6813672982529538,0.7844323688401754,1.193300896898948,1.224430995664776,1.177897512803534,1.384117510778569,0.8272805614114678,0.8252466623897124,0.9523151068387192,1.10675878345723,0.98279011578166,0.8810733820169334,0.687340983481555,0.5922938518478498,0.5892231912393853,0.4811621085323376,0.4720521395566071,0.4292556414760842,0.4963955712903315,0.3285636960213221,0.3012911054238914,0.1978947516312395,0.3187414430047908,0.3200695898953004,0.4082474467766602,0.8925418140407859
BK,MHDL,HH,0.9245316356580522,1.047234843468974,1.091503419801668,0.988691679127432,0.9610123730723678,0.8879568927139088,0.9896045117741183,0.9493401228896684,0.9094972211625012,0.9955810960413948,0.9539668462626028,0.9598642338711532,0.996339600011122,1.06398401470078,1.286748718204144,1.318775637596755,1.719368194285377,2.233751837417417,2.308231963666607,2.826643975506078,2.267506986624712,1.276721338288115,0.5176604302517771,0.5756223227371324,0.7222025037804558,0.7957796210914932,0.6522406579771246,0.6817231640050851,0.7265654965451327,0.9032570723495064,1.042380722315511,0.9982595722559529,0.866769709561486,0.9549967721164055
BK,MILL,HH,1.090364674951866,0.9943622559539104,1.089583292665323,0.9999890601853286,1.150722390312992,1.007609605935519,0.9555303285964784,1.018467505783291,0.9645190993774104,0.9756626688285218,1.067112280826817,1.070345312247289,1.079129075356484,1.044657484933158,1.200355784549501,1.109511476615324,1.127097324242019,1.254431795465055,1.39779766031586,1.551301612202888,1.358230026278836,1.605169084551751,1.452840500968551,1.466150254525773,1.518577666593261,1.53542704622507,1.468971806563798,1.475527801291298,1.351752439553459,1.125678083218158,0.9312625855808064,0.8598432470140532,0.8270464963985286,0.8969018452217187
BK,MMI,HH,0.916130562368858,0.8043770927994635,0.7598121702985128,0.8568699792921692,0.7855506033769266,0.9320724782332812,0.9468789458800012,1.029096773603837,0.9468719704056986,0.9448062704574016,1.00185008211347,1.02641663757359,1.012263200861003,1.018446980662851,0.9501314377739658,0.8766790151478241,0.908601187421299,0.96726229355612,1.038335845319588,1.100091131767101,1.205285994191978,1.170511949618947,0.7710617678597937,1.552458316383821,1.584983697875993,1.784286552908806,1.862455811166527,1.827850479648165,1.525645451927343,1.151567494282421,1.147835622579279,1.166581005514976,1.098833169580425,0.864785942781081
BK,MNRC,HH,0.9834252666729816,0.9682044068699704,1.051312209951253,1.144657469370632,1.278213181088456,1.331962880979015,1.314688214225087,1.273392402070014,1.162391878664988,1.038807445273747,1.214502910954474,1.063222121397036,1.09230927965064,1.018228410707692,1.118914480345149,1.585306649711737,1.655938061413214,1.586209562880378,1.370433859340867,1.324948296637331,1.373312121623103,1.192910808622102,1.067436347030018,1.168915357941956,1.041728643109489,0.8937115317767865,1.061482505557857,1.174596396241792,0.9711996486331604,0.8249555357012371,0.6241697714263714,0.8518769045402396,0.9271333253469046,0.849055803843207
BK,MOD,HH,1.145564810860056,1.213088088501423,1.149317940043547,1.08276990413336,1.092559009484221,1.052047442022637,1.070929959734801,1.071638152249976,0.9659115487300868,0.9846787822368548,1.067628167790343,1.175273503085078,1.163002427430729,1.55752535360215,1.677614555057066,1.326381305572111,1.183967232645711,1.205100205696151,1.116051625021769,0.9688760177251028,0.937979353907524,0.9156912027800068,0.8855102648494542,0.9024985331492912,0.9172751895026704,0.8542732852357724,0.940905562634662,0.8781558716669249,0.9666299644398192,1.231097154280866,1.276301030840473,1.690167022734612,1.618124465411138,1.209936273303951
BK,MTOS,HH,0.9379156871052374,0.9337683046224424,0.8105167803442105,0.8157707755720247,0.7762466906931065,0.714057923487546,0.893170995506293,0.8409504368594942,0.8539857050241949,0.9280277158056036,1.15291293060051,1.02584368675589,0.936872395176806,0.979726444517866,1.107047702632994,1.215360876313511,1.285320908115974,1.23872705375814,1.287465949276608,1.193580087133219,1.485449399390292,1.466923740367318,1.240384631585042,1.440784199206892,1.16781500983324,1.135203464306719,1.278585365423867,1.333588923520035,1.466649418292723,1.458188131920331,1.283371706196977,1.056875316287711,1.345473268407324,0.9531615241607888
BK,MZTA,HH,1.384100072391512,1.221303823928627,1.330935219066449,1.330155885252918,1.180381089082123,1.089486224054978,0.9990814190073448,0.9247756652731433,0.99517166824461,1.034388878092662,1.138977665366708,1.202808823211329,1.099697395546016,1.372036001036709,1.51507590858208,1.632611524021233,1.627981847715225,1.644236067270437,1.494270486580607,1.347317996423189,1.240051832222729,1.041492232052727,1.006700641492473,0.8651604442924671,0.8323641144176082,0.8974421451867941,0.829058985132768,0.929556089848003,1.085715377500759,1.286446482309121,1.601805452070084,1.762827870799556,1.176339408310016,0.7963574070351681
BK,ORRS,HH,0.9845847586145724,1.001817779967776,0.961168086032714,1.059352060943294,1.056393893325144,1.058062236203733,1.169739451519241,1.198613484059131,1.222439052842077,1.254422106179695,1.256149169861383,1.326745168269541,1.605706814745237,1.59364105857418,1.467752196374275,1.516070784796973,1.807307171787858,1.540140939711962,1.819001222843775,2.040301708682767,1.920880165901777,1.897161526007918,1.85506643112008,1.942666780662392,2.165644734938855,2.3107898055895,1.858243131002544,1.386983957173541,1.118819455612433,1.094089078568122,0.986583724875266,0.8827485626363224,0.7544588790790382,0.9196745787816372
BK,ORV,HH,0.9303100438993374,0.9191303922851712,0.8350794578132461,0.855150833297567,0.8775573723322431,0.911878802796036,0.8952908945948245,0.8997508665584545,1.019277527357038,0.9414642283966193,0.8561018566919938,0.8920550744846681,0.9293435910636806,1.453981806471111,1.867993369325262,1.193433394168834,1.169024420055008,1.161738320038572,1.030569973090904,1.389980926788742,1.278226335354623,1.411013209463166,0.9368960428394542,1.958718249162055,1.600661465519494,1.284965740070166,1.066012261186283,1.081954041230781,1.058378071126061,1.065073290517142,1.131644130400682,1.05805069001642,0.9446608682316412,0.9470081741159408
BK,OVRO,HH,1.518959095959036,1.625241372353336,1.959185276492153,3.233153649165857,3.931990079817421,4.944709286016329,4.409218079504638,1.80173247643142,1.174095788626314,1.475861855485422,1.377141369858114,1.539412176889284,1.397450425512707,1.450268192107335,1.434531881026176,1.030424399638445,0.7348849865377916,0.5994950965718093,0.5930394257754925,0.6594221641389401,0.878362075922828,0.62978007339394,0.3616697420641768,0.1962083149677098,0.3315157688850073,0.2659720447021006,0.1763159487560438,0.1127480134591705,0.1252326988692527,0.2203238890023018,0.2641241995720179,0.1838934268851274,0.258525212301945,0.8605382920554847
BK,OXMT,HH,1.155512694306074,1.138495005995763,1.059780816204256,1.161231395429956,0.9524316080154284,1.053040733087856,0.9629217077769358,1.092720550604946,1.078703074165867,1.116928582013687,1.178913193585448,1.290084074212696,1.385547868623245,1.667012602992195,1.774649980766112,1.769478168606455,2.007123000376331,1.995139490698512,1.365836929383132,1.705480017818498,1.973217517285054,1.408030812272321,1.458201504097434,1.579989142631936,1.642646582956001,2.479806335051837,3.136159014328494,1.887046810996124,1.879993110192563,1.940556075743734,0.9362566722713148,1.19479613474852,0.6451708328144176,1.072147100130352
BK,PABC,HH,1.195311820976003,1.189226896128622,1.354981573207516,1.418010579123363,1.464202089890762,1.243167245947986,1.299482837501393,1.04774018875789,1.253164473234019,1.246592239900978,1.111579021947685,1.224251991397842,1.290522053641669,1.265957234276316,1.165221626736334,1.385861943557615,1.45016680884845,1.739882849652165,1.93352681644091,2.056139252854707,2.165324839769213,1.597370399021689,1.425863353276016,1.186074230205246,0.9713397824417762,0.965178581657252,0.8158347384837915,0.7254587474185746,0.744090729348865,0.7970297613540068,0.8084398553324845,0.5410008625086784,0.2405567076413952,0.6565048552697157
BK,PACP,HH,1.046076750151587,0.9076821331455484,1.023834463682746,1.011559595646545,0.9858243736804818,0.9690951350684396,0.9831134924022328,1.04248152197809,1.099928238019048,1.087837249456115,1.197238938970499,1.389817728354526,1.64326738953156,1.970204859252855,2.788680947352986,1.862733041570594,2.36217420236721,3.08818280567722,3.004438098855421,2.613562323916957,2.880503192976335,3.024838976061843,2.537459939606411,1.617733750984086,2.278228047906664,2.460596023413647,1.553749494531935,1.238169286818742,1.532417048291113,1.982011254144949,1.956185859027705,2.563783819971017,1.283782874200748,1.480287855941154
BK,PESC,HH,1.363622540285568,1.061324094890209,1.262032249453208,1.290624936767454,1.510662892589938,1.488293748846345,1.465801214020834,1.725977715661013,1.927976119411696,2.244947946895517,2.516294322153376,2.258135597654672,1.341509112308662,1.247120305326543,1.279577679879464,1.355995151299879,1.305904711822037,1.585773429078412,1.934776653443575,1.727139961417154,1.525012906468715,1.246506929319231,1.002922657329786,0.8422251441321569,0.5797870846355868,0.6198251437406661,0.6426098212727375,0.7106587095023358,0.643720859620884,0.2935245610186467,0.5954271288229354,0.7112319540562527,0.7471813079842233,0.9149945382105644
BK,PETY,HH,0.9351941916827812,0.8792540469908761,0.8848725953575827,0.8844065245039978,0.8913127675903877,0.8982738839116867,0.9408417012264718,0.9487826194498648,1.039629641859244,1.088097436954706,1.179326487349296,0.9887500199227705,0.8351404747076671,0.939164652794888,0.8053160747304545,0.7613003868837567,0.9058909833148624,0.9583809065858064,0.9592580934095972,0.9202572567407042,0.9101416740613366,0.8887565120189622,0.8931877449268278,0.8929234391093677,0.9206655301078532,0.8347012809122457,0.7701224640214135,0.7303720197163548,0.6076870103031459,0.5581093342400782,0.5927055298606068,0.8154010437687663,0.9713763260519976,0.9279543698161514
BK,PINL,HH,1.182097321392804,1.362261225989831,1.371817956009347,1.395764948912574,1.378702173480001,1.833691798404791,1.85242604320156,2.001572290477222,2.079815868805842,2.793211237987738,1.690149295176309,1.572946680384937,1.028603826935992,1.168797950393672,1.262346249843973,1.219189677373959,1.060916942735833,1.201129559068048,1.328646593922229,1.29996433614556,1.154497239583672,0.9783363079937876,0.8986310323734356,1.086836965038668,0.8850822733386287,0.7703802657778172,0.5637541328564696,0.510138729143797,0.4968353605943074,0.4925915415804989,0.5503594483174302,0.7113433507613731,0.8612026626711053,0.9006196213830362
BK,PKD,HH,0.9779789766700806,1.064146289015163,1.068293731128113,1.198790111809328,1.118265071158425,0.9873077404918512,1.994583920404127,1.009005705168809,1.200716123838479,1.627188285714378,1.905891255084497,1.901984404725308,1.403430826052656,1.099775498190574,1.232915645422016,1.081552964382528,1.094159309931378,1.027892499632949,1.198968598339101,1.100956540356543,0.6044637947177222,0.5421786760833633,0.8933594344538444,0.8759149675334349,1.101070575408023,0.9199603275553996,0.9479877207006896,1.100022114197251,0.940529312773106,0.7820651058322184,0.9866538016333336,0.8786098373852151,0.940553901235795,0.9238355165766045
BK,PORC,HH,1.436155843030693,1.422487979327359,1.345461662144015,1.227363898356376,1.101457542850177,0.8258040718615489,0.7730113994336885,0.8278387400623,0.7173951812376204,0.8192724995844999,0.7329486141632249,0.8040741490634485,0.6951546004721444,0.5842205014894685,0.5333177292086233,0.4987540021850171,0.4852632733492277,0.4820173167949019,0.5178396559889162,0.5901550491863952,0.6911402230756323,0.7930018218887683,1.196359269639152,0.6660787071444639,0.613883833536739,0.4245730376499806,0.9528660270933402,0.593488660832297,0.5247460413032232,0.5363048810123844,0.5625573128041629,0.5534793058038231,0.5110124076359258,0.8889973401847265
BK,PRDS,HH,2.987808217803543,1.354618705788255,1.12265032428793,1.204177582290492,1.214881810490996,1.187286785652178,1.165943299773019,1.284791508454521,1.310968930349004,1.381938158510887,1.602181327882471,1.68450782996289,1.680050208692845,1.427307473273726,1.365576095711612,1.371017008151976,1.295115801515698,1.214803307878365,1.184035359218262,1.163309063333783,1.128368824364857,1.05734363746444,1.108011764419811,1.220792507229331,1.08899788007784,1.438189302895071,2.664930994033308,1.547559113035375,1.194259884533795,1.414502783515434,2.212381251444133,1.636320499956343,1.36931995407799,0.6176734022253239
BK,PVSP,HH,1.869943027802449,1.613159289974766,1.698954694980362,1.490104438442984,1.237447327548473,1.189554079211417,1.385094159801578,1.657073954199246,1.529606114039002,1.726300110499388,1.806262649587794,1.90586207809653,1.593370678685445,1.67275818624318,1.785448262828612,1.950144771505935,1.654687849019002,1.497439758159491,1.393693052643355,1.254448890852362,1.026479005622443,0.9350992161739636,1.094799071624668,0.8986108047263617,0.8776560423619141,0.880755507831569,0.8883039718245885,0.8189943599092939,0.8857308736969065,1.085120306727398,1.086132077685414,0.841290488066112,1.032366153019261,0.9666483252966696
BK,PWOD,HH,1.182085727751249,1.211509754745471,1.164555109933443,1.236178364121495,1.269697768188691,1.252918236075505,1.364385572586411,1.369086524386605,1.322448386332868,1.784722246307049,1.586912571228382,1.346148881780972,1.438959807540109,1.314769542299773,1.446127152310284,1.914683168047877,1.74442393257695,1.530868051017695,1.843245613367689,1.654891647985388,1.392982224656086,1.184693005295697,0.9544797145500532,0.9527016668546232,0.9774690605767068,0.8400206315081236,0.7322341178923716,1.046841247463365,1.128606985740988,0.5798461813932374,0.6297592573400652,0.7177620621239081,0.7796115436416241,0.9175701320725996
BK,RAMR,HH,0.7302995580110301,0.8022550289328426,0.7753865401986154,0.9573783428009024,0.932614190219134,0.8457066542282881,1.016671613959164,0.9849301568300138,1.404210400621268,1.430270432775605,2.117131648521782,1.811217977636137,0.8505772380925258,0.7254627402962575,0.8694395393330718,0.9882708779077504,1.023995756424714,0.9606026240671486,1.139355051427975,1.04647361286846,0.8692493848503223,0.7543116044563875,0.7303558153194398,0.627541028833552,0.5719094263699739,0.6776945331772102,0.7048464738167953,0.6509415323450234,0.6814148059063851,0.5130905807890395,0.3746387280679154,0.73572309304104,1.007958843646928,0.9203726243743032
BK,RAVE,HH,1.247030931824688,1.361009713325285,1.326404490128735,1.065920717925321,1.013076710720193,0.8338283480374616,0.8637460133245493,0.9502641323059504,0.8685372405994906,0.8468283882554757,0.8659995104420795,0.9835296493097956,0.9986370744743744,0.986755023372031,0.9718220151445656,0.9437138920457372,0.8558234718581909,0.7037645943385771,0.7931478253472583,0.9480677472879276,0.9444282765409704,0.9954470681837178,0.9042157088928162,0.9067596131993166,0.9585353522963824,0.9752921815362172,0.9494414053985856,0.9075995445765996,0.8643491332708892,0.9323029264358554,0.9032290807248476,0.9242852770489436,0.9334408647098796,0.9237236023366536
BK,RFSB,HN,1.228383087908883,1.164251978501849,1.227479021698286,1.195880616798138,1.307063828008677,1.323667745615907,1.221292912614199,1.355136334692542,1.526987038706167,1.64782335022893,1.773336769446103,1.876791833550445,2.420382916678275,1.946810777196336,2.02212018740512,2.037546605994646,3.743049908550639,2.213584142580292,2.656768581372679,1.581156332446078,1.35574233800477,1.622675026105513,1.735770207067238,1.198073555335404,0.9991256374975424,1.367772238092006,2.278947520361427,2.786208847492874,2.067077242014116,2.256227019902573,2.367246242603013,2.151372500491991,2.173733556186478,1.245395811980326
BK,ROMB,HH,1.182389647388786,1.083105516830518,1.190072732099786,1.327119602899285,1.048856907870732,0.99979152456828,1.216338570310335,1.232086490893929,1.183184762954645,1.311501304412509,1.309437187484562,1.495930870953021,1.557094632744417,1.418465610315774,1.242793464805598,1.184400444383299,1.133213172401866,0.9095613999979916,1.03672068191712,0.8620325715058814,0.8291009664231097,0.7258011257485119,0.7207376865516879,0.6434997526172088,0.5857950012074912,0.5973977046249741,0.5991092133828184,0.4733220924992659,0.4454843001559134,0.6543106730394438,0.3777012151680784,0.3567783419773725,0.4691306800339226,0.8945859740507569
BK,SAGE,HH,0.920050367948316,0.9273405772261204,0.9595010666280872,0.8713959462228711,0.8630057124268533,0.8799844460769894,0.8241976255637506,0.9326925058278314,0.873831539992816,0.8986159880367125,0.9241546634805295,0.9632179554601076,1.14848341929069,1.327195177465754,1.091198793730837,1.177421438990661,1.027299480614088,1.67585050368999,2.6908150661158,2.85897554958717,2.027504290272166,1.520940911211128,1.188095292950189,1.17752653817445,0.9959384799236496,0.8912815809568073,0.9346132487496064,0.7932460776066472,0.7348577635725839,0.7582983336575169,0.7209355015305994,0.6863705933778489,0.6434689540800119,0.8901262777520735
BK,SANG,HH,1.130929619619756,0.9724911606531618,1.037213070373268,0.9492868902020308,0.9558532712488502,0.8955521884034364,0.9677897988881587,0.9295788493317868,0.894068120491221,0.9885817770073492,1.140890646238171,1.151061189385854,1.235176579081918,1.311000405074991,1.207902590604763,1.54661718907776,1.45892873416238,1.515767771049555,1.574454597650502,1.453559575434988,1.421218076862268,1.424317492350323,1.482345976039834,1.478341326410108,1.400300560106575,1.400589304376124,1.231597811170898,1.136747061385957,1.070889785329793,0.8658435899677801,0.7677771035035056,0.6546231035626595,0.6834412043146001,0.9064111844438948
BK,SBAR,HH,1.001572749507773,0.9550445404554678,0.8997565553257524,0.9364453269726428,0.8835342583129323,0.9045078772559372,1.011165051524504,1.015407659581505,1.056309760580631,1.044736461117239,1.039551003727444,1.149978017777841,1.23032905870549,1.187685997195466,1.330637974034689,1.090176831005799,1.059001630548232,1.141684163231931,1.125774989892189,1.18725539624548,1.311305337897035,1.175655425951761,1.122813286382226,1.155144459832474,1.108536149901706,0.950877656749248,0.8024805529488187,0.6680525458202032,0.742749960801361,0.7826366349739935,0.745797091712841,0.722344639096378,0.7537261407782758,0.9176095155653936
BK,SCZ,HH,0.6305298457609032,0.6427116195596289,0.7082159889159051,0.7940554120858025,0.8643413781794836,0.7565003885116365,0.8833724563779389,0.8236192901900318,0.7826685682124769,0.7750463910848508,0.858906551182996,0.8194866540257052,0.8327681235722428,0.9546488487269944,0.8726097756578596,1.060462063380836,1.073793805573672,1.398494560244775,1.753815366286629,2.29595761713363,2.221024249349126,2.147255874800888,2.014499275318838,1.910940521132115,1.806380781356373,1.719917868023767,1.596291486862916,1.492478879435835,1.413844231107335,1.326968621974439,1.252073755268836,1.165677470139977,1.114653006554616,1.098103986647357
BK,SHEP,HH,1.593095168402233,1.720089933140161,1.570992085930968,1.49493587977726,1.618474002097254,1.518439943019989,1.33051436720174,1.521837430130124,1.76970064164644,1.969657461303679,2.16683698359168,1.528537688819753,1.455169911429134,1.382695738558712,1.611752653776871,1.548535539459156,1.441863123449999,1.318793146466971,1.20799000236156,1.246504827206183,1.179246936285562,1.033528047461525,0.9258817515000534,0.5774138397653884,0.4637897948655741,0.5043314275540363,0.5215172563069875,0.4314804947060536,0.4151034186178338,0.5961162639521432,0.6067550656427948,0.6475790486649435,0.7081708963675223,0.9176339052033864
BK,SHWD,HH,1.334648646556944,1.195890328339226,1.074763307280153,1.21790968866336,1.35812236329203,1.089935127268931,1.004697137347058,1.072734699459325,1.165522100818223,1.159296545799457,1.161604492722719,1.106241797735462,1.095081208951708,1.107152510273424,1.343397467748198,1.075809353751504,1.099903466461593,1.276956001031711,1.477854058361243,1.562842963415525,1.776107553320745,1.834325049885377,2.05260460345846,1.940330522305,1.56248561048181,1.23920685044654,1.078151792559776,0.9118863751645264,0.8335409683040933,0.8143805806580112,0.6926445501588651,0.5470132533600085,0.4268532282003455,0.8018838976527279
BK,SIGP,HH,1.020402695339876,1.03994282543352,0.95452098094326,0.887288424114352,0.8043848777853689,0.870674375345933,0.7875147197753043,0.7998218819171071,0.8425067500139349,0.7640443643055397,0.8102658952812594,0.804427182650235,0.8353439422352523,0.7862107916667064,0.8303286622111195,0.8812309179183877,0.9898027436395008,1.036108272395145,1.109670087163938,1.111931355893352,1.083843406056721,1.039439969596661,1.012240495731028,1.01957667020295,1.000262836820202,0.9920560014865568,1.00519756694127,1.06007511987628,1.018523226824274,0.974986144621802,0.9126900465253892,0.8810759812155612,0.8281238792796328,0.9196206394107004
BK,SKGS,HH,1.152239172453916,0.9499078346304308,0.959768966279084,1.065735672673348,1.130321991213923,1.209198235353497,1.335385330619528,1.260874572009333,1.26073299997134,1.424267243837366,1.656426581317867,1.245647701259867,1.147222301549464,1.318896826386043,1.643432666841969,1.854928342646642,2.012644093130231,2.326763149817305,2.590091294638863,2.421571757006645,2.203429331029267,1.274866741764919,1.050996446792775,1.093344704513557,0.9609059636697648,0.751228397554879,0.5665057742494236,0.7828301182416258,0.7533065034258268,0.8818840481219785,0.9610329841960578,0.9183828226492772,1.140433672941217,0.9815140160713688
BK,SPAN,HH,1.021085668004119,0.8817901185429141,0.792423798626021,0.9263921550678224,1.023359784136334,0.8360542572724744,0.9515507609414914,0.938347261280012,0.9436739401391164,0.979672554839822,1.094934085676951,1.191214797501555,1.231612591111385,1.363767543854672,1.479558131416164,1.359408747419146,2.325176839779911,2.435471995375551,2.514302301748002,2.427647947385745,2.43422065384606,2.450394114172662,2.279923554782481,1.515491002376824,1.141252734598728,0.8937894116120654,0.7587411645489351,0.7006600142122585,0.6954133172628221,0.6542901538053398,0.6263684109074444,0.665528095247494,0.8624789730469404,0.9510790323629718
BK,SUTB,HH,1.700057949384622,1.742323367582383,1.656375791513422,1.7851137375128,1.713124517790137,1.505488307890744,1.424902755279371,1.313618986117796,1.107137419333496,1.052410370391194,0.9800201049350232,1.00318378981743,1.27430046255934,1.491654672712782,1.57697926520814,1.844975607084608,2.045690666003646,1.889320705901243,1.508247859552934,1.233290443163545,1.032130285464879,0.8291480107672208,0.8645525559789049,0.830441303530432,0.8811601800678518,0.8787347937551921,1.136442239222368,0.9067452437614144,0.8609274007823133,0.7200824964571855,0.7116900376862204,0.6632047542269748,0.5308685166208476,0.8148031680557503
BK,TCAS,HN,1.090574086495658,1.353832529984532,2.04484230355993,2.384699911948585,3.605095873283251,3.265193753566768,2.014383643424639,1.210951601406002,1.44178547057883,1.223400123080004,0.96635153658661,0.9210035931429088,0.8821352449836135,0.7931181178867391,0.6870194064681956,0.6684875727673808,0.6609750393244447,0.6575901809850996,0.670304999282666,0.6707739055667247,0.6520381577450678,0.6501561864710836,0.6482909997243628,0.6669194650883563,0.6794707918032231,0.5700541132166355,0.9242849089347412,0.8739596779738181,0.8503235672768591,1.258823891708143,1.365133828389625,1.111823769616631,0.9726673946567994,0.6030858254995536
BK,TCHL,HH,2.590701037682031,2.876703008825996,3.937553188254311,4.182522994659107,2.275835981782818,1.304173455836669,1.139704908598363,1.283668646296695,1.484958345781506,1.610221941937426,1.705500530701417,1.54599680496171,2.046984007600045,2.20380577933146,1.905993083424027,2.332875942957858,2.714457557472861,2.943253296961573,1.952186517319587,1.433077359245656,0.7895937538414823,0.5689258639344005,0.7785295943387532,1.040920789603091,0.926040214768607,0.9338653089467724,0.8892276973660477,0.646075602989508,0.676845731595381,0.7210152564257302,0.833567846890855,0.8655623279380265,0.862854246118788,0.9223039958601484
BK,TOLH,HH,0.850828770832312,0.7672954806999983,0.7010508959431194,0.7109781163379866,0.7100997720698665,0.7498245487212588,0.778780007378637,0.781415857161067,0.8120047861111125,0.8987668624289935,0.919188915791213,0.8762380127828229,0.8171151557587165,0.8203527493099002,0.8196218259086181,0.8190516243371447,0.8901492980557855,0.958451793505578,0.9917412343397364,0.9730793670694564,1.141345446156026,1.316850146029539,1.565420248860681,1.662766937311732,1.576443818850953,1.601455072194534,1.161477762228379,1.090639855028895,1.183254543401116,0.8781995978252687,0.5949259247414699,0.6441522192604819,0.4901790863120386,0.8655218162082975
BK,TRIN,HH,0.9239632824902122,0.988287898944552,0.9792360216482452,0.9304308060763532,0.9797739684913924,0.9853206423679516,1.026297661543926,1.10440818879425,1.134565442737752,1.088630093122903,1.158237954745019,1.125614106154161,1.381446315921629,1.353422829304231,1.421274019065728,1.634301370640063,1.835906022554458,1.659306749074759,1.840123828190893,2.154978820303441,2.346592907482907,1.803952841350192,1.246055345991647,0.9809977659591316,0.7866153696929684,0.738878264961445,0.6765774099776993,0.7032509486874117,0.7443582077366019,0.7869599029612189,0.7709530134717449,0.7378806881589417,0.5940850131754429,0.909975193691488
BK,TSCN,HH,1.884781699768016,2.028353110329775,2.330012522502634,3.22326150321888,3.220914166762717,1.866609777937635,1.332653708732512,1.237583273842329,1.197513048785352,1.21243258241732,1.357554848004625,1.548314031960986,1.659448690520459,1.389108262139088,1.573249261919558,1.252290576698544,0.9559118119959616,0.7984806442604622,0.8975062412792509,0.8203568318600714,0.6406141170509329,0.5124323341473979,0.5065005041956588,0.4443406027243841,0.44861775749894,0.408345393617338,0.4989900562145183,0.5292583640773164,0.4577267346282463,0.703025347747354,0.7096057408190827,0.9097824244160212,1.081081270297503,1.655201763805878
BK,TSCS,HN,1.342476848533452,1.261806470677758,1.050946386722005,1.039801255336406,0.9758784915330314,1.074406064500245,1.188280537312923,1.157604246232762,1.1362066085221,1.096543610840011,1.125337074545315,1.072385055186353,1.042385595726174,1.073461211089465,1.033495021316594,1.04876023093407,1.023089485872631,1.025873605462891,1.00752357931506,1.019568436811795,1.008732063213464,0.9897546469371058,0.9943274837130724,0.9915316448349656,0.9778748990278182,0.9903516800962212,1.100920190854386,1.052003828575096,0.7094095130611318,0.8136947877160984,0.8718053002540547,0.9778034238263328,0.9917814517816588,1.168412459663134
BK,TULE,HN,0.5473501552003539,0.9251206069560064,2.160408522573337,11.15630044453366,14.21311920837574,6.111912063629123,2.828697617788941,2.486534034487066,2.768631916074979,1.712992690344985,1.173272608531151,1.026067533601966,0.9528211781162133,0.9351019724381564,0.95393827306641,1.012514861547649,1.010978027269496,0.9869835723954798,1.082443995350853,1.339799579382892,1.152706510316874,1.225277151724472,1.106594795771979,1.135510824974584,1.091872679532331,1.125781271053742,1.239293631451277,1.249137169050299,1.142308797093194,1.072150289503539,1.300911662050177,1.002653512958378,0.9756543164442574,0.9238134101546526
BK,TWIT,HH,2.128655950903695,1.997179995241149,2.128795314568682,1.838493034402451,1.679647361180576,1.549525942764881,1.127356193448488,1.273879903030525,1.024819067091777,1.670640726964483,2.389584189949493,3.014871898416152,2.152043297151354,1.601073248968641,0.7406409793381925,0.5945931435818506,0.5231692602612473,0.3932993236508671,0.4643921617114872,0.7234467361160397,1.038728797419232,0.6542737841725088,0.5888452544406103,0.7706825274208087,0.8029913320737966,0.5440834645591872,0.5620528231311024,0.7848159412675648,1.166255246997379,1.151529170638278,1.045883829767899,0.9879950150236044,0.7241750903636581,0.8059449519438436
BK,WEBR,HH,0.7749652688490273,0.7813149641139111,0.802897950979263,0.8392241950551649,0.7625297974754889,0.7177261074559171,0.8035012037840172,0.8176600998118198,0.7854734452634721,0.8123150581571111,0.8161173018052079,0.8499967719548378,0.7859047497734691,0.8400272950342991,0.8737160067164256,0.9523834961931956,0.9477105420175695,0.994599474713416,1.116656300655954,1.316630289447254,1.346304061208805,1.680400390907273,2.232854807391715,2.614130143313468,2.269139624871073,2.078759553375829,1.417930115519161,1.100578707614053,0.8949758263848222,0.8958834662330324,1.09270619745355,0.7578128374062351,0.7609941429827506,0.9174657630648204
BK,WELL,HH,1.289008064958543,0.9311765368761774,0.9650183523359004,0.9194357767599628,0.8172994631428769,0.8587296382336835,0.7845344981016096,0.7387043682474355,0.7931709892765066,0.7181711507260325,0.6501477678256953,0.5912502556470401,0.6217499653766198,0.6101617835416169,0.6138338679716393,0.6491040780227089,0.7006462843521677,0.7789506823199852,0.8381375022649482,1.123073489632157,1.564604783884895,2.31111239305284,2.14313536089989,1.207854239575573,0.6982025749180315,0.5975500528797676,0.5890422895940743,0.6219240151467685,0.6122135641516947,0.5538375710898014,0.4949991298398697,0.4647965694303515,0.547116299529175,0.8190121537852723
BK,WHCL,HH,4.8553035106683,3.090682957375904,1.671816764530567,1.39559526385724,1.55052148584521,1.635128366554222,1.634924584759279,1.695081352118339,1.601539862262238,1.849974866824053,2.232140604943452,2.243607696740162,2.116954074954397,1.796329092621645,1.119480355011722,0.9153934225379255,0.9340273444380478,0.989324905196258,0.9076548316478388,1.027637390644596,1.065452770138614,1.454978694381572,1.736555678623245,1.192172121162338,1.094751229434198,0.7418793555635003,0.4846916328709828,0.4824383313057165,0.648624324936711,0.6644203596074743,0.923311341918122,0.8313154659173826,1.009610210992884,0.9642269797682832
BK,WHMT,HH,1.161525384332392,1.447235606763595,1.598305964734304,1.654698978106123,1.167630908871836,1.06052843911813,1.867918026147478,1.969642115373444,2.035462590900493,2.13523944565576,2.854210414452403,2.500240235803287,2.18405704649054,2.452913683675991,2.180105883629909,1.73605519441269,1.540933540090918,1.25670246376813,1.154508469166043,1.016600184391392,0.9193336595204972,0.8353082787913454,0.8045396815236096,0.810518849004504,0.7431518989784535,0.7024970481520407,0.6540438197724032,0.6427074684485796,0.6563239421895326,0.6136720593491728,0.5336445728657456,0.4291901125014724,0.4231649798568251,0.804216545932603
BK,WINE,HH,4.450196197303038,5.979891498801513,3.642061249950474,2.218036265012279,0.8680100501781919,1.074159348389088,1.501033370467862,1.717105301479792,1.732505108622963,2.373836570525896,2.048528662174648,1.552398468181416,1.574033820720881,1.405989256395573,1.094933435466221,0.8905764681152267,0.7943731136864641,0.8107970016705633,0.7072392753707899,0.7201031786715498,0.5386068619324231,0.4279742801359274,0.4782880126314643,0.398577667243759,0.3227488863144529,0.4432586924483493,0.4500352762592835,0.4803126836074109,0.5484718364148861,0.4651951045667054,0.5275095728701281,0.5822544952566985,1.005743120936591,0.8107523490685214
BK,WROK,HH,1.370368761702656,1.209031138707057,0.9630631698766936,1.114476729075601,0.9774452318913992,1.009161690671189,0.893831707117769,0.882869924282689,0.926849539218629,1.014707695505438,1.040969097333034,1.021727317241348,1.143458157773765,1.319931437296061,1.523432241786413,1.856679702965713,1.993505893912661,2.257549164026889,3.178219666811219,3.682568673734777,2.594267324351351,1.502777075349252,1.210600220810047,1.217458684702742,0.9153227064593072,0.9568636878601696,0.7243624104313025,0.7403784697414597,0.7902894653331881,0.9461133041122428,0.7151976040529942,0.5644064743777186,0.5530023155544305,0.8831367327323288
BK,WSRE,HH,3.436159073976375,2.936503761126572,2.061887097484933,1.632844687263765,1.699875840790497,1.724336963879606,1.915067006103717,1.659341632549915,1.485173255262569,1.563807656588825,1.713828231865786,1.629227876488578,1.52729285307263,1.346170854087732,1.189055267210239,1.134334921205205,1.030397120527046,1.320364377106533,1.541779284929771,1.747006195801989,1.506440937045158,1.256372696809678,1.16692935784971,0.9856569163632424,0.5324737265545607,0.4960393360939007,0.4541378597037998,0.4900603622501953,0.9571639232490182,0.9349502284415506,0.7877785597042801,0.5396133248727368,0.7252551077787939,0.9191353485228958
BK,YUBA,HH,1.165222090622618,0.9802152175731368,0.9092317373302812,1.061723600188204,0.9794748267918256,0.9805792489867964,1.030708018370901,0.9892485799869958,1.005562169414431,0.9619245398677264,0.9975231335292174,0.9164641031510692,0.7094706745515659,0.5322605118723202,0.4613298601405098,0.4685922494331278,0.5052208082276591,0.6120102269788532,0.7962816884380699,0.9073793738203128,1.026307445886001,1.010669341062141,0.8738409833846184,0.9164060968480774,1.086037532666286,1.083829403816212,0.9989068221065388,0.8552131612496927,0.748971262932977,0.8102041338047731,0.5509019832511166,0.4273263511595435,0.8619056938083826,1.025002003933838
C0,LAMA,HH,0.958883108926801,0.8631542129098346,1.030217518757756,0.9903930713849648,1.143928887320716,1.081086030985863,1.290774598596975,1.280232736473264,1.223523389279831,1.212639322025304,1.522751918502158,1.553920894967592,1.563446838409939,0.8758142861755575,0.5307250848815065,0.5352198843650522,0.4548225052272108,0.438210165615336,0.547341196936475,0.6236357257594878,0.7402054891789942,0.7790278319041342,0.951945959632629,0.6744890710208749,0.5397857988574009,0.5367940843780633,0.6688199921296452,0.7391259353099643,1.32138166080432,0.7923680508912769,1.289390829303596,1.510690224526264,2.254743497279927,1.326988545625008
C0,Q24A,HH,0.9037548499499504,0.7834329362617326,0.785585287057725,0.7437589372159628,0.740201187122166,0.9096266406113132,1.036677514364458,1.000755984560284,0.8837186380876628,0.884802592310561,1.012059218474037,1.064758158375768,1.069572175093033,1.086311904964236,0.9127427024168022,1.41978683901038,1.741993952350489,1.685701906424402,2.260399866628418,2.189679725818198,2.483635400733512,2.240342377712654,1.61124164738015,1.217885628839738,0.9901447997880176,0.8584136014923519,0.6802092788145925,0.8121688908946441,0.9533594763803628,0.9692094261226614,0.9261434791882872,1.267240477419123,1.840727406229258,1.045308414578152
C0,S22A,HH,0.8776792968249401,0.803982706891664,0.8762629205294341,0.9126323893092114,0.9530677977838116,0.8638899933998867,0.9669856995725984,1.147995270365623,1.087130406263786,0.9987969195613222,0.8024399257179816,0.7679358066950068,0.8736481859170562,0.8085727831529744,0.8549136347384777,0.8630590108217696,0.9209985654168902,0.8736246069071444,0.8613816603631301,0.8281798799186832,0.9431904713164466,0.9275577135964804,1.182335073170656,2.81312141860331,2.528059233609021,1.097925602341981,0.5358693160382404,0.640193748147438,0.8898159827835381,1.139714785295675,0.7462494563785267,1.251327145409439,1.227394617162619,0.9379831499168254
C0,T25A,HH,0.9365716121741524,0.8626244122622415,0.9637161028670436,0.9760055297777396,0.923578080338172,0.9892653061628508,1.080906265913986,1.105050672980879,0.9989840726618466,0.939180002026498,0.8168140462907181,0.8031697038683275,0.8867867069356811,0.9546943686497718,0.903605305528662,1.009061254491399,1.079598914334466,1.012656303882921,1.167374248648937,1.0571222214161,1.347595272923212,1.215523111236927,1.257242480841476,1.129434757128103,1.098557903510603,0.9006399314770822,0.7223244480330848,0.5872025004374433,0.556522843208961,0.5418716173082836,0.5052132369774097,0.7952726629994922,0.9933898380790704,1.023777585549311
CC,JRO,HH,0.9132199865827312,0.8584592202612885,0.8757657212348339,1.102917577954994,1.026440535933706,0.989176559192126,1.049387114883625,1.324643997719066,1.271737981254737,1.283304614564108,1.629932807983029,1.823324378635186,1.730445157776742,1.728447119274087,1.925607741981559,1.738356765887454,1.634207705005213,1.411745121081613,1.362288267607289,1.586818101647673,1.596171317284518,1.652369457157314,1.814175047765862,2.066852057867839,3.010436507615262,7.907927305196151,5.615881357516654,5.01914210463923,1.842285775433878,0.724355776553133,0.6328690327687537,0.8016373169968792,0.8103143816492695,0.9477692117631248
CE,14405,HN,0.9382771145045352,1.045662215863618,0.9829320182321356,0.9453463619638928,0.9486887886616724,1.009130198684572,0.9059504152070668,0.957267355351222,1.054967686309142,1.0444945372532,0.9639313352542318,0.9805835135938766,1.181592075339517,1.042950605538115,1.015815417091737,1.01846119141479,1.154304731322014,0.983992733735429,0.961147193264374,0.9639892667641254,0.9889849865291094,0.9955748186944016,0.9450199807435506,0.8746305850116823,0.8550891408865473,0.792682869988988,0.5367989338039186,0.5246663990092247,0.7106788710270003,0.8014531456850323,0.8146099295924627,0.9312484099505118,0.9088340615288012,0.8991683295821113
CE,24851,HN,0.8130262013534724,0.7396677037766485,0.8106419383426917,0.8113659033202055,0.8333590804143445,0.8466430865872561,0.8795325587223631,0.9312671736140768,0.9753082486171,0.9824009527578572,0.9227370448265076,0.8836178022047757,1.006315786423757,0.9480483945982467,0.907702567290658,0.9174096230705658,0.979864877749328,0.9124347008555248,0.8984032325048574,0.8740877585183915,0.8994050187628411,0.8800726664427646,0.8724903726141318,0.8536604934784079,0.8080183176226114,0.6613454898295333,0.6193301963634167,0.6881604150732992,0.7050664022661148,0.8357028177234778,0.7573907661394461,0.6019989777578324,0.6081195145920092,0.4464482116798735
CE,24853,HN,0.9896499257595436,0.9145092666474072,1.028970942326643,0.9114699387539924,0.7699906736101232,1.101603385214009,0.9404568610101484,1.178488629434219,1.174005850803185,1.029727888596657,1.074591168449876,0.9796027583398212,1.105343137265576,1.04943721374932,0.9181589754241164,0.9231736460913124,1.067943275435545,0.9289503269637917,1.016929255795084,0.9193467430841612,1.17075291403601,1.306895102222273,1.623711406553827,2.093457719185965,1.558133049593844,1.389040351870215,0.8049193855211645,0.7609279423717804,0.7316105210552717,0.939379798257984,0.7917789655354837,0.9089152622110944,1.661628074291717,1.055499743540772
CE,25131,HN,0.9822464611456712,0.956860831594572,1.089585349085497,1.195153193244851,1.054198417294938,1.014953333726693,1.055740839520872,0.9844635143621614,1.01663824463775,0.9860369879108029,0.8422974216544424,0.8087081773123815,0.904870706228476,0.8949121048097349,0.9243704710472296,0.8227469657101939,0.7422754115759181,0.6561030016624833,0.6154165111556699,0.7157976795765163,0.7236524131575495,0.6814104629920612,0.6849279707688751,0.7432862500019464,0.7187836769987498,0.7639248357279282,0.7117203016928964,0.72656821690431,0.6917762419591338,0.7088904315874167,0.6953413753607266,0.7826991252379351,0.704251447402762,0.6687291537451986
CI,ABL,HH,1.149716664118947,0.9774980556325058,0.9110015570252792,0.9670603957920272,0.9604349157521054,0.9853052449454016,0.9235209543956464,1.053855525363903,0.906480790783724,0.794644478074403,0.7790841008772328,0.8356560582331581,0.950356363557332,0.8817640006139029,0.8700037663131919,0.9145853845308192,1.01628905755522,1.103732817618923,1.174524263968741,1.302778794791169,1.44934353129477,1.046842584559924,1.26630345072403,1.045056539884263,0.8213045649063438,0.8364613111884504,0.8386613434187861,0.842134960464232,0.8550203504552104,0.8955913984213794,0.829348813327893,0.9373889473897896,0.8585934425838548,0.8497088675846605
CI,ACP,HH,0.862709053014523,0.9324413176770274,0.917606653124632,1.185997945893289,1.169271705237142,1.388581368214276,1.680386910821025,1.708619619596397,1.501084093788829,1.308066467129764,1.433269623914513,1.484228081373399,1.445430622324789,1.44423252852585,1.650829709208763,1.497999342049242,1.738256987152321,1.868824694949302,2.063515491285599,1.966089946493953,1.790843044986616,1.712827316820505,1.395823216577158,1.054143248510956,1.006575110562744,1.049483175520296,0.9966293117955598,0.8310837000744135,0.8139512023595689,0.805219948543011,0.8297875566252685,0.7355575136334228,0.6711569978285153,0.9068277333569394
CI,ADO,HH,1.264060327981743,1.313709187812957,1.324237536194094,1.71373545244953,2.304270849974096,3.243541163652385,4.375517850554673,2.461804554270079,1.560662736163251,1.092109389889494,1.147101994952715,1.28050695622189,1.486051359406227,1.183131157905076,0.9166733644622868,0.8640476242649812,0.7641922430521435,0.7778943403294925,0.6462313428531178,0.7241772097213092,0.6765090334003,0.7267456755987568,0.8704653917366995,1.010834498114353,1.014988415125736,0.893804803958211,0.8441397401378602,0.5638121320365644,0.8796223334164331,1.00542444260755,1.02937159743464,0.9360572897289728,0.9995870422179128,1.072014380818241
CI,AGO,HN,0.7901114648379151,0.8303307702230349,0.9478867052641324,0.9612041798838876,0.88609274596325,0.8884445918482345,0.8683167096014702,0.9235628292589008,0.9123612668102395,0.9281750991312336,0.9241227007239702,0.9260030063659782,0.9320431128066788,0.9058197168054604,0.910725970337214,0.9382006949741376,1.051943452682503,1.107234978198149,1.464894590518546,1.37896691858187,1.251469490053313,1.104724234550628,1.051106737685982,0.7972470733401196,0.622995069647909,0.6175883187652046,0.6037398003556241,0.61331858372035,0.6336513021888043,0.5217988541165994,0.6394888481461489,0.4999713692761569,0.3907240187707937,0.8840515376494261
CI,ALP,HH,0.9376967074259388,0.8897353031883717,0.98399828438156,1.118688381013812,1.044931977072761,1.233705843158572,1.507993221251809,1.828297166282543,2.564987246106711,3.157184253085487,3.165324957641698,2.000895118080574,1.124758040469809,1.106316087707782,1.185766822455804,0.9718547368692813,0.8787534264513408,0.9210930738191312,0.9005769600970737,1.053924648602822,0.9130318158434628,0.7439314003822723,0.7154517932652442,0.8435845547889809,0.9529326697614432,1.204580734530148,1.466391042694202,1.289203958832045,1.002027234113175,0.9634894150723374,1.03655532032689,1.148557533977066,1.080852927142448,0.9747450158740454
CI,ANG,HH,0.8894210347030764,0.8520445505870179,0.7880944459367112,0.8987877994248786,0.8768141741589087,0.8158826753550843,0.7430720157293571,0.7952201304472687,0.8462659825783059,0.8195271767025054,0.7688645510752014,0.7882888341167749,0.7514325886857187,0.7814946777756877,0.8891842465238556,0.9509006012810232,1.054662249667462,1.080315867356317,1.094086898441962,1.035052347855654,0.980526316129801,0.9836923304703766,0.8906871939668688,1.001917686170594,0.9161953420472022,0.8510811162167926,0.9808804314481828,0.886630328627724,0.9909958969833514,1.022466394195615,0.7677376271477062,0.5873603656124382,0.4778668879741786,0.8711982962467323
CI,APL,HN,1.069412349925595,0.9472456593032156,1.004456390316411,0.9419580430650828,0.914475810609328,0.9581622473597412,0.8800706328795359,0.912854196924894,0.8949117844444497,0.9061672780077628,0.8675691650558703,0.8648923985403029,0.8719111368420819,0.8215034256938016,0.8526438929667044,0.85245209449827,0.8637441561996645,0.8429952738818572,0.8418171666708564,0.8699064692806766,0.8835610820240675,0.9941469539827446,1.350162733206438,1.113218459668832,0.7978784968504039,1.118148194017327,1.029889397140809,1.42323557103104,0.4490103092213614,0.8404645976218398,0.5181747313805352,0.5711220666682276,0.5175236863335325,0.668354832712976
CI,ARV,HH,1.242525748844477,1.145640492416763,1.181200317506926,1.242801680337004,1.230532908004611,1.616756712171205,1.922787624385436,2.263919613142841,2.184449959042103,1.928781330006123,1.459680605886501,1.433148076747076,1.537557741986534,1.234968502988502,1.510452341061959,1.479345542711136,1.654698416131767,2.052456122676257,1.962123703422471,1.47667885422913,1.343872067380761,1.35794823314624,1.166643665469737,0.7752647035654077,0.8610906720314755,0.8441285712726251,1.057957772085599,1.542956765372095,1.439482631740287,1.050217414474308,0.7054409513748041,1.032566895412087,1.483083062371554,0.9769738380254964
CI,ASP,HN,1.190655736884974,1.844278700276416,1.96227857805177,1.326436423981638,1.171502700511646,1.298850388095574,1.196996214175536,1.177995357726447,1.237244109240209,1.086287935072809,1.026885324361529,1.007263570042032,1.030201981332861,0.9762104023499266,0.8462852464774369,0.8309231587594322,0.8014023500856382,0.808570917163074,0.8000384474068474,0.8380576822273561,0.8359708322509597,0.8749131626511175,0.903641398568752,0.995658920371472,0.9647876590755874,0.9980683866361536,1.134342577990554,1.157422431006307,1.077576625142873,0.9621460190510216,0.8659517961572782,0.795516017778033,0.8132749046729635,0.9186293099650548
CI,AVM,HH,0.9754495455395388,0.9034753915729612,0.8618849924809245,0.8199455842622844,0.8083794291897978,0.8749661225226764,0.8125605406292048,0.8414271463988334,0.991220030651504,0.9422064707706024,0.9118057881447436,0.9132692298391348,1.044169686323998,0.9328937815164368,1.021886222464838,1.040978100608529,1.133494735955661,1.182998363063724,1.273640489735872,1.299678296380901,1.352909700181499,1.02783317941054,0.6994782468069352,0.6185383315706364,0.8851516804227468,0.7811200131768118,0.7992000144230601,0.7952378767806262,0.7131414160963212,0.5631219020650917,0.666807209211728,0.6835358161201239,1.123971203788113,0.9380377164425936
CI,BAC,HN,1.821572530350769,1.642854110370369,1.643976120593337,1.645926371909152,1.557643136379578,1.588430399524889,1.5208895769881,1.440157617707158,1.384301349687843,1.366526542336322,1.285121610901202,1.223393117029372,1.130560369925685,1.114812997087537,1.124335229791043,1.095898671561042,1.063584826039764,1.057288327018426,1.047094520094738,1.016638450792643,1.004524897341559,1.007313815941161,0.9929919013983972,0.9876059784211352,0.9784962975589871,0.981037814354222,0.9714609228782156,0.9604241356952232,0.9668982567839672,0.9882405537938554,1.023297737818763,1.080534280010401,1.15907217753193,0.92977223173063
CI,BAI,HH,1.653541819496765,1.106250084200789,1.065894838685,1.238716586434119,1.215904578414297,1.137786742679348,1.122475870172808,1.081250527137018,1.446932381804257,1.202008552050834,1.127971278459283,1.26098783009957,1.267997874660246,1.425603983274014,1.068371867024904,1.018233199616899,1.227121844709567,1.417496134909326,1.049249243209819,1.114576691338914,1.234664627074283,1.299224575204044,1.138016007432212,1.204229944813699,1.057371297050009,1.0369816891844,0.8522116925744617,0.9414106602203324,0.97362683777974,0.9614735614502024,0.9843247730409194,1.094761991810272,0.926412700080524,0.9389719741988252
CI,BAK,HH,3.278444266429672,3.885641693192838,2.257054712861657,1.287231742073976,1.162689316321513,1.226980769298864,1.258859841046037,1.145997291104843,1.480282016145229,1.484316981836989,1.464118293914824,1.73793734118727,1.6149546598965,1.765364001101513,1.760068383563914,1.583807098219737,1.655797591794547,1.389690098912072,1.283793234463836,1.062899138189421,0.9770721248464852,0.974162709299742,0.8656590436668254,0.7742716630321151,0.8303878628022424,0.7429089541445769,0.5901438332847889,0.5475651385642734,0.572157417315143,0.7298090439732486,0.9940786308689338,1.161894578666026,1.312564246253376,2.396354449422517
CI,BAR,HH,0.7640414852396693,0.7314832141821292,0.625069334239847,0.6335937435440415,0.6710452696148548,0.6731043313454692,0.6655664883727131,0.6528034798278852,0.6264408744862306,0.7051963902438655,0.756649120621925,0.7663684204607106,0.8823147351346454,0.8910991136392686,0.8705915103174681,0.960901272752534,1.017606143803273,1.092471385346196,1.317749426277022,1.425099512938671,1.547152723302428,1.423534316137843,1.072830748599966,1.099615228922927,1.045096573393465,0.9340967869945676,0.736100590276805,0.8180478808526755,0.987852506544368,1.361113700710182,1.385196924454523,1.045517668947393,1.045858137559509,0.8934932409223786
CI,BAW,HH,0.9177391871809608,0.8682381316226505,0.9197464675636244,0.9095784903918256,0.9328049050535904,1.150859865176534,1.262885449298323,1.396444676583263,1.525870656262047,1.429594454418981,1.238329192350142,1.355273760955099,1.486918793961305,1.571474653216015,1.607983148349888,1.776875681794841,1.548415963478196,1.482093579943395,1.125258214303118,0.8416303382381219,0.6728294147713813,0.5859254570136943,0.6813824873425861,0.6430384757517084,0.6080209471535162,0.5491851007256048,0.500175713336699,0.5369285195668559,0.5958814854130036,0.7302005602029429,0.943628327360344,1.156485145141516,1.371007816188342,0.93366375801991
CI,BBR,HH,0.8889199015057867,0.850191594690119,0.8789260201546341,0.9461960636284,0.9564713337514124,1.023983959962304,0.8644812784848336,0.9837759830480552,1.284684004935664,1.461319876864648,1.852918512672308,2.132813154425666,2.256442675742914,1.671572071681068,1.085269080413314,0.7373203619839275,0.8459629107951109,0.8340812944102558,0.848588544806922,0.9202738012092524,1.00924170420852,1.07115360731168,1.008150339227883,0.945486528325402,0.8601050085273783,0.8177855271505495,0.8166729548217918,0.7188579436815861,0.733794870131927,0.8297366556266027,0.8531547672308754,0.7717452948510077,0.6472299198250993,0.8686308915404638
CI,BC3,HH,1.037437250493233,0.9176666437584088,1.011698173783914,1.114439737794858,0.819406021153598,1.03147656963334,1.089686779684347,0.9068819841067772,0.8011343756206518,0.899507557420555,0.9080244028952176,0.9091843727885782,1.083855168297613,1.361476375639374,1.571282243949115,1.679791625809197,1.75783194559958,1.725032842648125,2.126746832082032,1.503856293035276,0.8813474782047124,1.166909181423614,1.355499985514217,1.77370121055752,1.581575391346493,1.733177553175991,1.469005037532452,1.349374851865001,1.344346548970266,0.6767817867404605,0.8476448655747322,1.215697820698641,1.341757466149675,1.579100410527294
CI,BCH,HH,0.992894999504148,0.9928170682851776,0.9528941882522296,0.9489472348555686,0.9849532752240816,0.989841498741328,0.9918495823573368,0.9589809978969918,1.129581194487149,1.067158822556106,1.196184811118469,1.226296395821526,1.275886787902015,1.25720681323023,1.261960517913498,1.310316710610401,1.356813110878751,1.66424514716989,1.870379798873184,1.725047820348524,1.651651006314934,0.9365131727064784,1.017531591836277,1.110560484369371,2.231130027216388,0.7350248898546871,0.9730454709906068,1.088109569171672,1.089589317574786,0.7697354252329827,0.8026646880042948,1.00608988820445,1.127966987850287,1.002144170382053
CI,BCW,HH,1.481670264057038,1.396874667268261,1.478142052945759,1.37248413860973,1.195317213144497,1.230360183068107,1.64038760294155,1.746705721774759,1.529594115239127,1.401952094639182,1.624047095589137,1.77417368646644,1.545612166444216,2.098858364473278,1.793137959638844,1.602754045195534,1.673806478406885,1.304097695967496,1.065667167873962,1.203211775761153,1.238082889418827,1.196995403306845,1.085920767211298,1.153781741799978,1.220141372032251,1.223527480949244,1.393621144835577,1.295118658841821,1.061657663937766,1.101104224677298,0.7415755336799931,0.5913344137690598,0.8916544511522281,0.990255201601222
CI,BFS,HH,0.7636951281554609,0.760916009961074,0.72428316764467,0.6472201428340008,0.7748263071835589,0.7816183010688258,0.7968609156377223,0.9830583729611834,0.8161870368857926,0.876440792491446,0.969437982128432,0.8855438616380258,0.8949501965415401,0.930435676925464,0.976005926361777,1.150609031436945,1.233949464800264,1.079129738432842,1.082529154835317,1.101288408693602,1.112954473794856,0.9269811645408924,1.313186706267666,1.772945690389005,1.975077090411345,1.80634776842088,1.719845363056396,1.919132368580107,1.852996228741569,2.029116844438067,1.899750390209977,1.27883178615981,1.23843421002477,1.031456312867162
CI,BHP,HH,2.744756136317246,3.427328899360391,3.84469467297336,2.777750894361978,2.087599859192982,1.673283424543003,1.47287426079203,1.273723266789392,1.170052910728872,1.139428210190446,1.043437994429426,0.9123651218498932,1.035237634777746,1.109809395107267,1.000803224994878,0.8949427661258337,0.8972268951649011,1.070143315439139,1.168361280202866,1.285213898500228,1.16681999797985,1.08438141662263,1.344936564401726,1.207861560276586,1.165185990507436,1.348162035195791,1.262436176746824,1.101378450990789,0.8998438179523751,0.7652645563976376,0.839459106791473,1.141205666748329,0.9158647887308276,1.069167489081693
CI,BLA2,HH,1.105500068897656,1.053282467058401,0.9957823480317872,0.9853826563976332,0.9218091427069312,0.8811940700003431,0.8546761873317537,0.8424831744011192,0.8918499596203443,0.7797504719012044,0.8387092318016053,0.8551989266014892,0.9099421214458286,0.9282585149011388,0.8632554265488074,0.9154279610364028,0.8781508646153886,0.9747022552352412,1.130602656347642,1.068779599222901,1.068828754565432,0.8692122342330094,0.7638936879631704,0.7589597090332225,0.8391239439801781,0.7075769124365952,0.6687240884677934,0.6166000266248446,0.5772517476315069,0.688610987225137,0.8068694345785818,0.7664741662081654,0.9658909464860505,0.9248841877656072
CI,BLC,HH,1.013009216030962,1.164593882273265,0.9459697465493664,1.071527681546119,0.9625209592843312,0.864963232584686,0.9881411149398636,0.9795482924205762,0.9872218684970724,1.037874129240702,1.046097769271298,1.186209184436672,1.19729774587756,1.305375062808287,1.410750025440744,1.412161508482761,1.366966988666318,1.313347904017072,1.327033480933783,1.303464250586279,1.197389237207793,1.0948906706824,1.097105325410814,1.074925024472233,1.078239673073885,0.9053380176428923,0.7420429096253969,0.7164899830586049,0.6736090543187703,0.7841866284092865,0.7143898802544579,1.08446875503411,1.708979043556569,1.10932531180072
CI,BLY,HH,1.015445595907837,1.002550035830484,0.9351696058184048,0.8600395782660379,0.7593185223737938,0.8684023157622249,0.9410281132207762,0.8330567730669074,0.7545973492169851,0.7300787191450205,0.7375496093122379,0.7535981300451137,0.9143168162103978,1.182641846483945,1.265826166376376,1.014662793617046,1.031816520573859,1.055980506862692,1.115086999720707,0.9274680040053755,1.045174899817693,0.9616511749294262,1.305495421018854,0.7081616548705084,1.215425128948852,0.794417288627756,0.9466632876714004,0.873576090330702,1.257378510073701,0.997937826665479,1.213693680313943,0.8168986552279089,1.0734968203333,0.9227429714318004
CI,BOM,HH,2.299855877323866,2.441838083792775,3.000986240381261,3.349146672962467,2.571927417309988,2.320899124189478,2.176940749700403,1.607266108098219,1.38391213896288,1.355094684656442,1.677704064102243,1.957318919941748,2.046121067678617,1.72367868759446,1.388890508353087,1.208883785069547,0.8493939471596726,0.8078141578968273,0.8842046583974577,0.8945707558859548,0.9045908045125304,0.7559560620362662,0.58818003477166,0.7336256712218368,0.6723290794001118,0.729244062619561,0.8012592356996183,0.8145015452525939,0.908880678294082,0.6523739563789458,0.6450283911703659,0.634546535609155,0.6423836424511374,0.8604585552331467
CI,BRE,HH,3.09760858910479,2.961087839047426,3.003541102794737,1.965484348532923,1.506585464638672,1.596612731230499,1.606066395218968,1.790575618313841,1.844664247498641,2.214945486480522,1.768101685550095,1.569526463640093,1.302065474500942,1.432775536771598,1.320995200473401,1.533923252063733,1.361912769200018,1.211594371354051,1.00568487927915,0.9611720256967036,0.8414616021037764,0.7620034906213905,0.8150815623836076,0.7940649195112665,0.7779101151667885,0.8350041775970783,0.9985266985720774,0.8962760935767419,0.9914234857452324,1.157115055662007,1.249811273839176,1.329980249228272,1.457075786840967,0.7335859136448887
CI,BUE,HH,2.204187655530928,1.61437824149548,2.298685475678817,1.504744987182118,2.059553790239688,2.782541287546237,1.336755146278021,0.9141434050931756,1.276735639018411,1.366698565106081,1.034469127142428,1.123315798862915,1.247101215422284,1.293630209700381,1.003873983146814,1.087277254553902,0.780628372757318,0.8327198588053815,0.8322058819663635,0.793095886429754,0.6965769214894576,0.702989212337442,0.8831177856534481,0.8024075021466884,0.6222749873524793,0.6649615810078837,0.7776578213724826,0.8044800538688703,0.8648914996655017,0.7830135697691196,0.7944351610056138,0.6413248218059244,0.823513150689021,0.9639333348363412
CI,CAC,HN,0.881829781129029,1.017036409851792,1.167488834429285,1.090226249570192,0.921326824639888,1.216049733323537,1.540220354259861,2.300539101143542,1.829220502350671,1.464713926800123,1.405372182629685,1.023554869144865,0.9892528506408144,0.9724174757706248,0.9860680330261328,0.9488649037610472,0.970165214594779,1.01461209110122,0.9729098824447232,1.017958247639081,0.7069843783908556,0.7491107916275003,0.768354309795421,0.7959993730175855,0.9915039915500828,0.8478515928996884,0.790915654754419,1.029417855437974,0.8605532737622404,0.8235524870560293,0.7168249889703692,0.5999458099756633,0.590659592085969,0.7554955686432822
CI,CAR,HH,0.9673276462395782,0.990465873150304,1.406429937894611,1.69046836211331,1.988562204924915,1.853039592104599,1.995311004898202,2.823198011592851,1.754875260685527,1.703380978686223,1.590154229151818,1.414347197019079,1.372010776367522,1.258179680689738,1.045019626185459,1.066472794280395,1.196845945694579,0.9447135515617108,0.7327645989822664,0.6577487837996316,0.6404725629655847,0.6999559083178969,0.7861569367235498,0.7196826946107874,0.7947038547366047,0.8211254131514844,0.764209690158447,0.756516406524751,0.7790700464678915,0.7116082073434964,0.7474901372680116,0.666954011321641,0.6841212741624948,0.8997876492485226
CI,CBC,HN,0.9145449035613592,0.9649727518757084,1.076275267939584,1.05543871653107,0.9508431756106538,1.056143943131348,1.211497432972736,1.319713062411265,1.517701947683656,1.776007235048523,1.559269943231535,1.231319769441551,1.089829715847513,1.004424990734667,0.905944034303202,0.9347208265268502,0.8839764582047096,1.024703611002571,1.079647157602985,0.6246454248616672,0.8681185641418601,0.6547718229376865,0.8993677670927638,0.4505067996866206,0.4831292585300175,0.3564391936993592,0.1909135578063845,0.2297361895927309,0.4052826764961611,0.5268032113564728,0.3975756761227795,0.5258857601103589,0.4479256341845627,0.3375372253927441
CI,CCA,HH,1.029853039280547,1.027140670332378,1.061559204402735,1.203496801177645,1.088206344982751,1.165054030110393,1.285193681232259,1.523840619622184,1.621905703854309,2.252675336630569,2.686105416168017,2.561849964376667,1.586233217689116,1.278033322677326,1.235699229240502,0.99200541101951,0.9130026095772396,0.521982420322466,0.4685152979658062,0.4086253960751629,0.4127138268058431,0.421678495257682,0.4341878232293008,0.4480615788968912,0.4731838185001284,0.5183532482081445,0.616815735710307,0.7350625591434479,0.9699692133538524,0.9017098331776016,1.435497731225797,1.867723347622645,1.724493581215325,0.8261849242309058
CI,CCC,HH,1.181886756520101,1.509695465101642,1.303064459542927,1.62170435406033,1.17588162480505,0.9824699096790902,1.613377434350337,1.286974611361072,1.118544515668928,1.394310996544471,1.882039970214566,1.343117581944096,1.247413206431774,1.218041730241832,1.148207249506339,1.160122913963196,1.030604367084686,0.9416709583248648,1.110880981678557,1.242111663507698,1.067262226949222,0.944233627582014,0.8318529176238132,0.8090895901443959,0.9169397077249964,0.861426701479606,0.9226641749299668,1.365548810072602,2.213927763831104,1.752425630569196,2.311936914081044,1.466396416195265,1.116633399003269,0.9349738422450726
CI,CCT,HH,0.6453060127682752,0.7279548529807242,0.7457133647709155,0.697358501230963,0.7302263259932598,0.7274722922844871,0.7916565858829117,0.7887663192228529,0.8128789824842504,0.86250711202038,0.7972307479498515,0.9273511744027702,1.018347848228238,1.416413952389371,1.207437716281736,2.213183543936776,3.946571507865289,9.857144572299283,9.236634017919224,5.084634242535317,1.887709546829436,1.030885444300994,1.105719863001104,1.06287308592179,0.8993667212235003,1.20431799586085,1.293933510814881,1.058451908771466,0.6890130091112555,0.6138406961604338,0.6256584843881687,0.5676345592696743,0.5054181757935873,0.7728436121322182
CI,CDD,HH,0.9584487861028642,0.9826470701386018,0.8512904221647181,0.9099648862510136,0.8401687207801369,0.7613032866379297,0.79981492889416,0.6688005689179196,0.710983304899193,0.7171951334038003,0.7464514140323624,0.8931125298790229,1.257502455371432,1.367172630969509,1.201810882781184,1.041130137586195,1.155164742435909,1.239016291397588,1.142048450306846,1.070372604329689,1.016817833882243,1.0854762484498,1.036477259772575,0.9932565954562148,1.065369035071422,0.9396262410399574,1.101573596417332,1.004687507566672,0.9114524895791442,0.8834079341514004,0.8741651134949642,0.858525586783369,0.8399224673427033,0.9232882563622702
CI,CFD,HN,1.090123265008772,1.339963116809693,1.326869387085498,1.311925691070695,1.725873678287842,1.739390584718631,1.671805502171037,1.511808832695964,1.43588167004521,1.422911833272894,1.310688124761234,1.318336844032776,1.309329170234276,1.359743444411655,1.324481644137192,1.205882961888661,0.8827603704847438,0.8519379147585049,0.7180739434517293,0.6168598129153284,0.5180106967750382,0.5201331879284878,0.4724446474711715,0.4114368086061074,0.3870127770911532,0.3519767566218125,0.2731242282437019,0.3060384695476586,0.2238923743994845,0.2911951845650728,0.2515554067335335,0.2882362122216749,0.3804050558184162,0.8922164460838637
CI,CFS,HN,1.561084739381808,1.610503352242875,1.479891203835021,1.453901848035914,1.534476856956929,1.537714550400797,1.431880842936245,1.505988889842062,1.526231938296293,1.447536282725558,1.382088334856928,1.519881364568891,1.457698674077591,1.350934751006536,1.25031233986139,1.176954809291638,1.103943631758699,1.063847991138014,1.079578747024771,1.077733367550307,1.032979343514006,0.9437976611808108,0.8728692177395357,0.7135308296775925,0.6362471410582003,0.6874149282079319,0.5817630940352344,0.5020854642304167,0.5196526312907828,0.5648808197695439,0.7684124738493605,0.7308747475127066,0.8666084571876035,0.9151308258896472
CI,CFT,HN,0.8581399681539117,0.9260647214596124,0.9836396860475096,1.000732757818111,0.9128865523291844,0.8777923193956022,0.9318491393357048,0.906965915403233,0.9065067389219734,0.9295418573018034,0.9162917921776624,0.9491046539374636,0.9227398747674528,0.9493090537190576,0.9528079539302352,0.9380913640979752,0.950431849611932,0.9981819136312572,1.100164959032937,1.082705806753011,1.01873821026875,1.061786432975285,0.9700773945177124,1.04346858025697,1.092979004923607,1.011699996183836,1.139894549273214,1.300678076928455,0.9664893557254722,0.979411656613283,2.166557170656172,1.928444956287993,2.091343595348378,1.059140655112875
CI,CGO,HH,1.320814769715128,1.072469580797195,1.005689051077954,1.060851649480917,0.9976676525060264,0.9043770891488588,0.9555325218800372,0.9689692445804216,1.186916266612116,1.121633052724895,1.291829130527591,1.453354097863791,1.593697235229867,2.070508528193388,2.263888882708734,2.369618874334458,2.409598555312253,2.175389279942006,2.329388263451688,2.386751311148832,1.909095586433533,1.394438957443475,1.297678384142209,1.236941970221635,1.151536888144525,0.9562578779742158,0.9161943429800914,0.5981352142127637,0.8450792745524853,0.909626194275484,0.8990990544551515,0.9819635338679724,1.399634947244382,1.843942121426762
CI,CHF,HH,0.8576834359520487,0.8638741556274955,0.8137364388377316,0.8474554518655035,0.9010313163838436,0.9104208302811988,0.8947781538694167,0.8998816239269527,0.9105442430896888,0.8081799349942419,0.8539751971491722,0.8936651683858859,0.9791658935740568,0.9646345892717224,0.8434488611471814,0.9170566504475008,1.042782217129675,1.094118778239505,1.128558353319213,1.247284228261831,1.334455929844075,1.353106232389274,1.404408414575346,1.539906754347666,1.467693370749801,1.135302567089125,0.9166488646226096,0.8699231021224428,0.98543790079167,0.895587383863633,0.876587837134043,0.9836980231462312,1.014882176110039,0.9745582722512453
CI,CHI,HH,4.713471549637938,4.357676026259393,2.404240925204532,1.38228215920877,1.569034096631296,1.467044798909836,1.491668971724164,1.502702292524948,1.495694432467263,1.257549534381483,1.101105109671404,0.9862879195846724,0.9390341448157437,0.969737537580176,1.138014779089758,1.156742776489464,0.6748136456793933,0.5379912634585376,0.730958890026845,1.030912975271463,1.149259304408454,0.9105489729927588,0.6926436191810805,0.5373701292737493,0.7017597625665579,0.70365439100978,0.8757244371416121,0.9961870062674372,0.8427977731386841,0.8127129355591837,0.8345858677778225,1.091237902007522,1.363230069312317,0.9655175453519766
CI,CHK,HH,1.53913051777656,1.357654184213314,1.088642368062693,1.110840555907588,1.029417533415738,0.9893291605887948,1.020794418528386,1.025970341025464,0.9621396263127858,1.238096617263752,1.290822537949404,1.205828684348718,1.09304442243787,1.074478359357173,1.118935095395658,1.240394335304663,1.205582839673006,1.367635328758307,2.109020870879642,2.252005906160217,3.414954326418207,2.468415653225313,1.942410950230833,1.30800133804852,0.9286206016497616,0.9431661317115796,1.138416256240409,1.257709081794735,1.736245238658445,1.4231677564051,1.420959942530008,1.335853060721395,1.356387076308825,0.8809433562158807
CI,CHL,HH,1.259101795342508,1.271267091544322,1.285448996107846,1.50604538657751,1.434077334593215,1.303271365869176,1.180533109597652,1.290907873487583,1.250091429671985,1.172546452950304,1.405069179833579,1.201722769652175,1.189817379056676,1.032228339164447,0.7385453601514237,1.101711732887161,1.337039641018188,1.442122500735236,1.508891765762076,1.593997295271452,1.805715141182249,1.820434155050019,1.547749034012096,1.039073920771029,0.9943485471377616,1.084494809426542,1.164795503421908,1.227527318888101,0.8012360724789871,0.6953219101278456,0.779391300884679,0.6749559255475424,0.6393688725128678,0.866941718628987
CI,CHN,HH,1.193542730705289,1.148690169605798,1.258625785345072,1.51995582666372,1.451973456900725,2.143680447454318,2.361021399144531,2.177757777306676,1.625150447936095,1.553781093614109,1.985472308109535,1.943234546195897,1.985348803782268,2.025019921912464,1.756149379684909,1.81892337920104,1.791651686106543,2.011567425611055,1.66952203134658,1.331751146969561,1.243190643044459,1.071748954573428,0.6809038527795646,0.7646711183338913,0.6831593395639453,0.5620904090500224,0.6121073228278285,0.486388132732659,0.5292354237047545,0.519107518268138,0.4339927305896059,0.4427784520724309,0.9287476289364665,1.031949487638406
CI,CIA,HH,1.05997334757044,0.9745057250404248,0.825854560203266,0.8705750747852521,0.8801875146578512,0.9275947103164582,0.9095496989560944,0.8090435381399951,0.8149393319800057,0.8192185723636914,0.9003269285738819,1.010982033799123,1.109468232209905,1.07327946743958,1.145047990331161,1.213292759814411,1.173915682714787,1.141593452396036,0.9876896729855228,1.366761833278037,1.049039308532206,1.011875428712775,0.8627603236632427,0.7508806100394896,0.7191914997317249,0.7985669369555101,0.7132844116245236,0.7557447460610788,0.5736856696778644,0.5366569446926865,0.7728680265891227,0.7822229299512379,0.9212010225231798,0.979187959666864
CI,CJV2,HH,0.9281477629305482,0.8754342101886509,0.9207007143550884,1.020959104273463,1.023220442702087,1.043171441433503,1.033397622098277,1.10230987146507,1.188283838001091,1.173546776207411,1.186324764363965,1.209489093391272,1.156625757715283,1.372060054395524,1.285133651296592,1.372436692017824,1.553862721081366,1.969683815112013,2.151629762069362,2.283701040611259,2.196589082695554,2.303448939638073,2.373695325063096,1.836685147821469,0.9624300018912942,1.20734706767793,1.192162921474596,1.132253321890789,0.8986633832068727,0.8972681907585754,0.8224761967612213,0.912714648794902,0.9364832127514882,0.9124015837848768
CI,CKP,HH,1.241696786122824,1.25662254117708,1.363803147064026,2.361231045275717,3.182381171502589,4.383236620848002,3.665507449093946,2.900081133696145,1.895988805196136,1.441136367008777,1.107967603210292,1.041657783446342,1.104483553760491,1.052982565825231,0.6796334438513804,0.5860247317170266,0.6156369565637659,0.661625353151213,0.7495512734793266,0.8249495063874466,0.9171525424483944,1.100481155441739,0.9434689692203372,0.9159217069571196,1.105573811606344,0.8089359277162768,0.6403831872547019,0.6067586018934866,0.8160074163727409,0.7766447096530145,0.795392835810295,1.042942035819852,1.032109647411318,0.9442028400034111
CI,CLO,HH,1.531550372653867,1.458573600348899,1.175091848308503,1.257838232477622,1.224935706655565,1.686155763655488,1.999881441401704,2.745991829896899,3.918936388706628,3.321253967235738,2.090091778923183,1.405004060062194,1.135681660123018,1.294561591176606,1.17467380300657,0.7477788009274011,0.8806719937145626,0.8870493087482509,0.9964371755459434,1.060134499472717,1.206752078098681,1.588603984674311,1.311077309249472,1.241761645528138,1.340576540529655,1.338831455212132,1.310740513722974,1.478798471800392,1.539005389522834,1.570326601099183,1.666490238616703,1.890811908015551,1.440744325581995,1.06948515973336
CI,CLT,HH,0.8186220563781081,0.8539818000241409,0.923446563408408,1.066992756205039,1.306273240022985,1.416568140055968,1.530212065780039,1.149332580577593,0.8497676598561504,0.978110032360162,1.034104195580098,1.055367213137057,1.08357448368075,0.9410549475787704,0.7818681660497329,0.7403769120768867,0.8695965533220039,0.8021095164432483,1.003995261385108,1.148052711421307,0.9197424425668616,0.9318483047637748,0.9396807278456052,0.8257362190269988,0.7306635315855676,0.5940112459648942,0.4101797650059309,0.4220540009926896,0.4646968981740239,0.4050400786097748,0.5083509105408971,0.6321715320687488,0.8000828383701936,0.7739055333090711
CI,COA,HH,4.166160964303353,4.94902052261204,5.878297303715397,4.157443897472334,2.246280103439427,1.40896957064038,1.505898299092493,1.451561130913586,1.444772231250052,1.426593833949311,1.495882651973691,1.513896063210725,1.467786607946119,1.369628150613043,1.205742063644897,1.468155951503865,1.582689935170096,1.120858352900964,1.069265753804043,1.751876699504568,1.791079507735255,1.415732326058895,1.161782398892135,0.7765436066055856,0.6756497683776747,0.4993908491926909,0.6836362114289111,1.051601473457316,0.8516888369248028,1.110543532047016,1.369543167233364,1.391578252009545,0.5958642977771951,0.6352289749302478
CI,COK2,HN,1.005748488328286,1.085922174565723,1.381217089287419,1.809487941724224,1.393705995025091,1.319351525712149,1.279920652129569,1.216305067894091,1.199969807087387,1.16477462744049,1.200715530272972,1.210355818806542,1.187759168943535,1.246508578023222,1.24702104656111,1.279149025143698,1.299476760571296,1.312350784913707,1.420122971531526,1.577152694927569,1.500569182329682,1.39132099338638,1.34426449756653,1.353228527952371,1.397701653725747,1.53575232904889,1.327518450646494,1.911800770529415,1.25297814275862,1.057774705605373,1.096585014024259,1.143490812692992,1.401386733333404,0.9361633810723742
CI,CPO,HH,1.395647879301928,0.8323397750794682,0.680061140464771,0.6641039983935302,0.7385319874364344,0.6878876324396288,0.6691592317893326,0.7247283211867448,0.7615287206451289,0.7848247325991499,0.7366391938394061,0.7630888422121361,0.8158070838491994,1.020773108776853,0.9396870595429084,0.8945232858448642,0.964190598018266,1.149327707636101,1.549678107781235,2.080828488418993,3.755430285265842,2.657566234143376,2.102359210229715,2.448368975502123,1.487964433066991,1.295578704417114,1.567319698607111,1.416781647473529,1.075138231015452,1.170981504770367,1.176564519989708,1.212499960610001,1.384249347263828,1.01617030777648
CI,CRF,HN,1.029092534913895,1.109723691838688,1.732941463612662,1.576641916500743,1.317129161749661,1.430073295904823,1.891664739329557,1.77907817222478,1.744136145362643,1.948433607546914,1.935871252016066,2.092774981298615,2.013703334683501,2.066084943619745,2.229551930894035,2.268217519647801,2.175617489313774,1.515223233091527,1.116009180494923,0.7937413967212261,0.8442785804519064,0.9901393785443134,0.854779279898946,0.5423495710450281,0.389843282275908,0.3694458803354794,0.3413776801874199,0.3184816478669152,0.3007715003663355,0.3126457216770094,0.3686192146323242,0.3676296861058552,0.4533338918422666,0.8495052000601094
CI,CRG,HH,1.279121327154914,1.270980779577438,1.282498942853406,1.254217505344777,1.222394648256073,1.404139925634823,1.531835567643481,1.191812936269378,1.35443626677932,1.518153107270054,1.506355181174794,2.160736457208912,2.099851834010722,2.089951470530537,2.29040080830879,1.924996182494072,2.376134465345738,2.585966360055326,2.475051685015465,1.940013632840584,2.076418644286393,1.941957878994192,1.488403799503706,1.317049427058744,1.303661127034864,1.209601555980939,1.151731842896665,0.9592595437910812,0.9551652297782228,0.9626905545061992,1.00137645062568,0.7236961949575039,0.987881681288756,1.619033205690121
CI,CRN,HN,1.020728394114069,0.9932827259713262,1.09515045749128,1.140928793145718,1.187213464933538,1.189625226942447,1.253604105373461,1.22831382237924,1.193997599360124,1.315321255933146,1.303056438299712,1.309907844588458,1.412973194671022,1.388508125824021,1.505702689872498,1.717257854402441,2.118354378642677,2.993465029127786,2.705707068042138,1.171420934216239,1.069948981663625,1.056606927461446,0.9034628954866408,0.8293867291358955,0.8650996643344377,0.8069148134837801,0.5608616656179758,0.5152391630717669,0.4598112169760441,0.410144223603846,0.3290891709989168,0.4121770761163355,0.5281542152055606,0.86594656056574
CI,CRR,HH,1.139212212928451,1.180079965568371,1.544540794606369,1.152786374584768,1.265237255506844,1.168690507413457,1.106206577851389,1.590441978370213,1.679198917428635,2.086917452102685,1.712898036932119,1.485026704383197,1.056640126879025,1.212712574832768,1.187060292047835,1.109046603808644,1.215201258187223,1.507181678728211,1.348976481463446,1.112338242999568,0.9239907103960294,0.7305090698374547,0.6531938726255971,0.7066545956032423,0.8169625507515469,0.9671330846806324,0.8644288382062539,0.8486419489304131,1.180007199830884,1.520660622463533,0.9464287835594756,1.741120487557323,1.40911035934956,0.970150435823025
CI,CSH,HH,0.7903495026817366,0.9713251517970783,0.8442770903514772,0.8226993807420664,0.8099481725785161,0.7797513833288261,0.8342235077430481,0.941439810604145,1.202993539375577,0.9482425076457546,0.8862798151379616,1.167673353011093,0.889017893419547,0.9094814115787508,1.018660994476067,0.961634592519908,0.7696952235982288,0.9217065389570152,0.9036890027610962,1.226929396754272,1.418989870213697,1.738169073273808,2.308691725934691,1.495466824017885,1.063057291121611,0.8063080439867824,0.7918920895980909,0.5786385530681677,0.4470992363104031,0.3891210665465142,0.3689851951425866,0.3495945620158594,0.3903063139760123,0.9122071096842032
CI,CTW,HH,1.128997020764162,0.9692447156194884,0.9642853623583212,1.00588860543712,0.8659649950177131,1.007977110399803,0.9836223828066842,0.9699899920774904,0.97058555987274,0.9695926234656724,1.039689392718134,1.174821320121952,1.228483449110958,1.130873380315333,0.9566583642233158,1.026681794901877,1.507138684110748,1.551504943114226,1.805110034672993,1.729524171032083,1.407344263295055,1.532756571109375,1.361546500213411,1.276773893458542,1.047990869381594,0.9051028650849728,1.131232925363071,0.7721082241768659,0.6697406845646232,0.664494649035315,0.9565002503864732,0.9935854861448092,0.9779334613310842,0.972591334259022
CI,CVW,HH,1.331710626974651,1.079674310997472,0.8372024064300425,0.88174961705819,0.9366901148605166,1.061285225323825,1.353897481445903,1.870751572282598,2.365139673198658,2.263598245556923,1.415975526545883,1.102356913631155,0.943544180019019,0.7619837759032821,1.267831980176226,0.955198736454646,0.9861743930046228,1.127923405409086,1.235920963869568,1.547748157007092,1.552724264194904,1.50440934493831,1.527958021342695,1.300060292255057,1.299718799457843,0.9129498397734288,1.282970083002043,2.003597107170416,2.05871248820538,2.329948663193955,1.517693855700023,1.023549199985624,0.766302280048817,0.6779586714962722
CI,CWC,HH,0.8113454808301436,0.8464402742263591,0.7611833835727737,0.8686561610527066,0.9195272904661476,0.7816892985012358,0.8711316020127009,0.8610890175062831,0.7867609793056911,0.8353305528285495,0.7222576597008575,0.8100924851888189,1.006078276622581,0.8895923673687884,0.9974626978206018,1.418592535206549,1.439186066303053,1.645413258336451,1.768278729941752,2.332315201327982,3.224553919598062,2.923414106501812,1.851516727708606,1.007511079293423,1.32554855268108,1.020372068256798,1.064010383911656,1.115931757459485,1.289604605908091,1.587152951122232,1.882230280573198,1.184173870636626,1.300836410477155,0.8957595575015116
CI,CWP,HH,1.103183907261081,1.040652595558202,1.052235564601193,1.117049396808875,1.046458061816788,1.231710756090163,1.097176723910481,1.317990491921218,1.41480882242549,1.391505526424384,1.223121417206072,0.930743857929902,0.9582401590058972,1.006519691477139,1.230429857140672,1.543624851022906,1.55421181982557,1.356001805955497,1.390133524970941,1.052305399717148,1.052423029180968,0.6911819991927554,0.5127608568683304,0.5903283059694494,0.6060399634651389,0.5205583848072376,0.407101009222992,0.3592783743321074,0.3751825697430117,0.362008442823247,0.3831917875426903,0.3909333679827265,0.406416719753634,0.8994540261372119
CI,CYP,HH,0.8335355714633494,0.7503063543719948,0.6702059904510853,0.6827855877566971,0.704972058772124,0.6363328136622259,0.6603979543159394,0.6448112186936944,0.6839174118361833,0.6792871731831135,0.7298230448535935,0.7411362172898024,0.7773172707809541,0.925693870835216,0.8954840548409873,0.904967161793906,0.9916963588918276,1.012388432616941,0.9752493228284238,0.9743428092519536,0.9524606080489952,0.9675857293797064,0.9475512249949474,0.9795578365238332,0.9271968952079144,0.897422633968819,0.9357035963046496,0.8754318033667579,0.7856602892092904,0.738513774165952,0.9366359390828046,0.5688348381705944,0.5893029023335927,0.909164236199282
CI,CZN,HH,1.462992498145167,1.056078708163385,1.089683872442695,1.117327595745502,1.133623786225075,0.9786456975727928,1.227386155679153,1.55489252357143,2.252621634385491,2.221482997057116,1.762570320894512,1.10655639023035,1.114099444864524,1.366713679945186,1.121148840105149,0.9078741049287568,0.8982044373899785,0.8560852267773442,0.8260465449631841,0.7300617559896907,0.7639599718794026,0.8674035021090906,1.060507157568171,1.335023376144486,1.26161271770157,1.275315051296186,1.337108380167024,1.24556916340277,1.206670226325818,1.209653451321123,1.263391982623076,1.369343309021434,1.217644090388652,1.166441335970247
CI,DAN,HH,0.920999202425868,0.9174486820274064,0.8795331636352761,1.151384480544926,1.061276920326861,1.188528077016134,1.259239415069367,1.309200578512784,1.345895879923138,1.307118915508686,1.294019828933185,1.144413239660377,1.072092857837711,1.103689277489185,1.067935685655286,1.205510419895413,1.293386111736982,1.332053838750509,1.450333138583874,1.310584137293163,0.961729015588688,0.9995183815294572,0.8570528443175757,0.7953290804508947,0.7437941760727558,0.6406791422203777,0.5797666002068036,0.6127192808027043,0.5682245165097574,0.6656468553766319,0.7922262066890352,1.011201148945725,1.186919698971963,1.043159443494023
CI,DEC,HH,1.081901685721065,1.102925866401477,1.193633347258502,1.290193418126239,1.351488905524468,1.233634755942465,1.442585678527214,1.66639886740976,1.538319622519572,1.67714710223778,1.582943135315373,1.608668051711804,1.430849319868483,1.502288172538811,1.8221879707186,2.455498000498648,2.77515148502596,1.537805357894295,1.848858554133159,1.305867653756325,1.454858064578468,1.384248370287886,1.030922357492173,0.9682608189292856,0.855862960639549,0.8628732321928886,0.6121726404962718,0.3848548144527131,0.3682278694681808,0.4293958922338112,0.4897319621320478,0.4514102447972307,0.4947028437063105,0.7678810628314595
CI,DGR,HH,0.8524253162154461,0.8419692011339633,0.787814740206883,0.7142700895954276,0.7306643839934396,0.7493523517032583,0.7282879124818137,0.7373162247294776,0.8292365353015216,0.8311970687906174,0.8312576604477908,0.9120180837101064,0.8895791599566616,0.97651838793492,1.083068640290815,0.9244919549067234,0.9681452939736918,0.9711493300628848,0.9245526545652744,0.938545342682712,1.004537237218653,0.9253340787641762,1.211611441561499,1.272725385131334,1.253513029162028,1.160577976431771,1.081741825509663,0.8335898448838718,0.7591024989346193,0.9209324355510458,0.960402657512546,1.134043489844055,1.068851662256293,0.8961336672414689
CI,DJJ,HH,1.39519067496272,1.104043646798295,1.070461701097318,1.322905622726479,0.8168468477253681,1.021934432818865,1.099191330202446,1.369005791201192,1.437531565433307,1.526489925406179,1.874016635640534,1.866715683130467,1.625984923596169,1.966544454964863,2.209764129517409,2.314702284073083,2.348980839833623,2.37330691582351,2.470226806851084,2.375288297720813,2.051718306777879,2.077463586166509,1.814356034278741,1.534441972120456,1.538899285697093,1.392802315841179,2.278445970162714,1.6502479980474,1.534752307185736,1.244775008457666,0.9294975583903524,0.743624376561662,1.022972237258035,0.96663752718
CI,DLA,HH,3.097123616292974,3.087380723726302,3.046413508673533,2.384454894503939,1.790179256206553,1.654101711668371,1.664265021053971,1.455957590792325,1.799028001040185,2.998162967954741,2.418351296330023,2.167995852578732,1.439534197659706,1.654784757212171,1.280937289481345,1.1165731976723,1.054722869034811,0.9294616349570802,0.7403892515320941,0.809685348128772,0.7480369303187234,0.732886982391289,0.7028460785572246,0.5345819506798049,0.4354445696789612,0.4731814085641033,0.605016097847951,0.6847251460182117,0.7319205585485821,0.9564193415082338,0.9298858746075448,1.037243227758683,1.278430766623252,1.059776689312113
CI,DNR,HH,0.9627286307164732,0.8712740601421834,0.963897446072752,1.196193866761829,1.089090306543854,1.11871696877708,1.010538763643658,0.9851879647000296,0.9693112438506204,0.9825143345681048,1.155168466345194,1.084807005445313,1.181743742040894,1.42096780422435,1.501874527016805,1.55102188720208,1.673391585791407,1.538054343178823,1.186286143928351,1.034136919999439,1.184640110589473,1.16976218786693,1.008991112883044,0.9195865468976908,0.9426233122041892,1.021650513023716,0.9639482077710309,1.023922379429633,1.025985421130023,1.23785823887672,1.144315297889785,0.7744756611614498,0.8828304583281162,0.9273102452448984
CI,DPP,HH,0.8181841414259066,0.7584277482643353,0.6643449535708567,0.7086168295820792,0.6653723784924251,0.7122493122435826,0.668905972028574,0.7514726652740846,0.7596985681986186,0.731104899779076,0.7098635361712842,0.6986095053285568,0.7048120643013241,0.7468860496492945,0.8523483226968588,0.8296810864464057,0.783080342943829,0.8900111635390191,0.8708062777204739,1.00366672230163,1.192999302252055,1.225926333602544,1.069257617707773,0.9265691810509692,1.07752484945398,1.034177930018543,0.7319853737911785,0.4215714756406965,0.3438170861457955,0.313991770247949,0.2228216172852517,0.3124124477468516,0.413633462509177,0.7839063389419079
CI,DRE,HH,6.321893489168288,6.662969564951686,4.697771404096074,2.763333746091651,1.595737949457634,1.472596510782068,1.651671021794686,1.577599943876256,1.518342338195948,1.71940329998746,1.622076800039528,1.635213286905079,1.548829592056929,1.246913012751474,1.108459851539261,1.01996391457297,1.170480853132641,1.11921491424383,0.980511850335552,0.8929837826047116,0.8394225184383686,0.9673973883322196,0.921743992334746,1.017488111452248,0.7583463564898985,0.6135244465015017,0.658359492423402,0.7636808273539676,1.033180285500292,1.567245174677299,1.350842194256948,1.06061267348736,1.132055999857147,0.998110289768798
CI,DSC,HH,1.065097431075016,0.9646759516458,1.045451899177992,1.117709889327099,0.9443955797597322,1.194663963783799,1.149144919225811,0.9352503065142224,0.8669455277314773,0.8207947556402492,0.8222633437923746,0.8714163016628316,0.9846814968969294,1.139844370063641,1.355790671477748,1.459089855967494,1.53929288430079,1.426843484831507,1.273653962581621,1.191561720150536,1.192083990659683,1.216600571293863,1.210902797404647,1.270942140330009,1.073475321419066,1.141619499134461,1.398246381878112,1.358162829992234,1.622887658559741,0.796942746284166,0.8115688101762597,0.574471201334725,0.8085552412787821,0.8961278746282737
CI,DTC,HN,0.9964070458707812,1.163288401072814,1.212041657019566,1.072166872998188,1.013271146898089,0.9692213904830304,1.04836897059522,0.974748456302494,0.9050459694065884,0.9892529158712672,0.9414149438763624,0.9133583025865352,0.9211678049647942,0.9601421708495238,0.9485823894101322,0.9659799997695204,1.020279768072364,1.104294804409237,1.417504423411509,1.653113957129251,2.049441267656356,1.854126181808535,1.242272643483002,0.8276198741469025,0.9043445657744574,0.7363079186008167,0.7367151794118237,0.5293782417178929,0.806773800568262,0.7655864346342072,0.5370142890943904,0.3051366735702983,0.4140052023711334,0.8299560787995375
CI,DTP,HH,1.038080973123528,1.07860040705259,1.092039128977176,1.059291595220086,1.05514735048684,1.060251610447155,1.133389641966035,1.071341555001435,1.140287216494636,1.054873945361877,0.9211697165209184,0.8925023576055571,0.8826773310088483,0.9990151960601666,0.8248776364335879,0.9669025947950916,0.7154363639139087,0.6408037033062677,0.7584571929677657,0.711314993652398,0.7931916056784635,0.7984447882137984,0.8676222768492386,0.8148424210452558,0.8182477768383988,0.8029813484671836,0.6182087727245159,0.5362572581567066,0.4551578080199227,0.3897672758043781,0.86731833439714,1.010435530144531,0.6726890496439025,0.9740732797906028
CI,ELO,HH,4.701532571871622,7.546443542879128,4.620776036774575,2.999942811973731,1.990276962503309,1.400956317302903,1.62857102893406,1.53548219132184,1.652227876828613,1.586150519400847,1.820308160711527,2.048515590854898,2.082231512902687,1.801291563563204,1.097438061261765,0.9625933793306872,1.07523699643027,1.158387160834314,1.079609525522327,1.010311028461991,1.025480903242932,1.422685727655405,1.399807700852062,1.495248609585543,1.225772867837507,1.44013296057618,1.405637294457895,1.335481131191951,1.176012512826525,0.8298822233902504,0.651509920335052,0.5179923854861338,0.4875588141593124,0.7736314586638309
CI,ELS2,HH,0.9718133824678205,0.8139253048768911,0.9220388239898551,0.7312388784395191,0.7029405543686524,0.7781714920724642,0.724067931908997,0.6978959934584354,0.6508590934730084,0.7792902799287871,0.7402440506077006,0.7485625688153164,0.8276658125835387,0.8584142128438543,0.8823836463652144,0.9465376577828216,0.9811326085745914,0.9512070962718698,1.057896698192351,1.190845933397176,1.110227265340244,1.06633872963822,0.8390644209696291,0.9253744261474346,0.98583948661593,0.997965563753705,1.067547475431994,0.872020115928633,0.6635425678788611,0.5245585173308128,0.5108291607896577,0.5878367118539181,0.6110232665373504,0.9161970935348106
CI,EMS,HN,0.8608161073508924,1.216247674710695,1.976823001916497,1.802484007961923,1.190795785166691,1.039759132466396,0.943335854088012,0.96830197202651,0.9785770702603938,0.9203896987692964,0.9181099340749772,0.8854251218317398,0.8788339620017603,0.888539494857083,0.9278232196818034,0.9240753271220348,0.9551755626553732,0.9795760195283558,1.131276334238416,1.424574024773325,1.15606365580989,1.292171058139694,1.098763057994647,1.003394803803816,0.960181364452511,1.025212807316095,1.387452395557835,0.9652127161654466,0.9314833824962604,0.7673302235797459,0.8654511165041843,0.920552460878558,0.9827669558401552,0.9326918305734648
CI,EOC,HH,1.620302267066777,1.397955053506791,1.597472745155685,1.537632641143293,1.521415974971342,1.600906937699852,1.482451704650256,1.517798647476617,1.459113179635342,1.476577179624961,1.347734698250032,1.073746305785416,1.109821176546419,1.035800048085299,1.086277624564632,1.029087425951011,0.9502765076213088,0.8610428316512089,0.993177301937859,0.8105042099328271,0.8817804274606775,0.8257360091555357,0.945709061203492,0.9468404384333968,1.191401432891447,1.145422805090497,1.344376233246836,1.458613939629579,1.425351164820382,2.526750419042528,2.964686741627377,2.375465330178508,2.266426356696258,1.356358681304672
CI,FDR,HH,0.6166003471165219,0.6187119155293339,0.7151855910289957,0.6783597593328472,0.6961694324678611,0.6840222913776829,0.8480806918214852,0.9402565788031324,1.332696548440816,1.813150906375865,2.285176879011342,1.630943264121886,1.372538701321267,0.8383044051049121,0.7566009464502892,0.8805637897576574,0.7048952343594993,0.6174768233392413,0.5936494047088473,0.4616901765423612,0.4799297198927859,0.5568350522307549,0.5690223438008133,0.6307035563420479,0.5886297164646549,0.5295142131407283,0.5672030812300212,0.5750131846642508,0.5671699839751398,0.5980411477709514,0.5839487365691961,0.5462467604592818,0.5082046730493106,0.9118300256153832
CI,FHO,HH,0.967852674114686,1.029997521390313,0.91996959838672,0.8379960669659444,0.7844906232034184,0.8285873134141355,0.8230196216868099,0.7862291844174556,0.8273446541432345,0.8637712094984124,0.8949992185535056,0.9835863062131132,1.252527307524979,1.506181943094841,1.875377447893933,1.678605747381237,1.359103610330896,1.576907680812178,1.385333207346419,1.699075099379477,1.446819848250993,1.57246650538131,1.020131692784586,0.9413216239070404,0.8623472411890314,0.8195060001786649,0.7379415274494198,0.6351698984888107,0.4954789559775932,0.6053325384406161,0.888952725381141,1.100286821280091,1.071866976124124,1.462799787157018
CI,FMO,HH,1.227227085258116,1.295200216488422,0.9640087816732216,0.9762185405300384,1.007323720431914,1.017393938527063,1.000984610756861,1.151609716237916,1.008755605119856,1.037850232240508,1.030978106509851,1.010051671952786,1.052125173698835,1.107302667199593,0.983264880379758,0.721677602701377,0.6655620748769159,0.6567192691102569,0.6420938905775203,0.6599614833981148,0.8071008787134625,0.9749573841212382,0.9906279206449584,1.021421695704541,1.120789536126853,1.05101863575465,0.8874058665601378,0.8694764206432837,0.778226629646358,0.8458326339433022,0.8131466279109426,0.8607500725803513,0.7676254394347516,0.9762790030453824
CI,FON,HN,0.9535408185689656,0.909919619734742,0.8932977861805544,0.942369732188626,0.8897365599508846,0.9073185308778052,0.8853416913777682,0.9372012991300526,0.8970166777913703,0.8895360549590167,0.9134173689082388,0.929274515216222,0.9334400416239672,1.000392915127225,0.9955518132267088,0.986627013295164,0.9249918332747102,1.033546651358608,0.906109633335977,0.8224064820617767,0.8656480014049306,0.9080144821458074,0.7854577231849873,0.7641202518185343,0.91212606340389,0.7423318569482613,0.4931098313236996,0.5209829825758172,0.4248061358058423,0.4108263522759292,0.5004803697926546,0.4661525410490505,0.553223991175342,0.7677721270185848
CI,FOX2,HH,0.4252031977638155,0.1907836332947335,0.1663882511030006,0.2293341567784345,0.3085680414753481,0.3966849827493054,0.5191952604919398,0.8632970012827819,0.968279450278214,0.9362250375536024,0.8995579787449548,0.9668181381542024,0.9082696695710446,1.352765208768033,1.170470982397755,0.8846747311285408,0.915339232623454,0.8806218797771356,0.753096820639077,0.502029483716805,0.5832489968751607,0.6721554355162142,0.5467673335395647,0.4688423197751477,0.4032425658411591,0.3739089178852628,0.3776446223471121,0.4368560089444787,0.6301659570482239,1.035934001483292,1.475657132370315,1.43121013858481,1.17551734315508,0.9716198626667916
CI,FRK,HH,1.161374194360319,1.034116423956188,1.054719876644686,1.13772917336688,0.8845649576413188,0.8838639559141339,0.8871496407530718,0.8783655806827151,0.8773037247209656,0.8987821934320188,0.8938981798433867,1.117704657221212,1.364216801386895,1.531685312631918,1.576417023070867,1.731400178820855,1.727584900589344,1.747661248650004,1.677886580162403,1.510598831903123,1.402903474617142,1.086188842237631,0.800191617051417,0.7363143893249979,0.6147218423003304,0.548555354715467,0.4569336578077528,0.4600052721579709,0.4442615260053676,0.4179526874577813,0.3915351535123905,0.4054646463738462,0.4291225147681507,0.880561085460122
CI,FSR,HH,0.7847114764417554,0.7650207576909505,0.8273412268808051,0.8641255316623202,0.8336901879745271,0.7655730201074582,0.8396085972920928,0.7697740004306854,0.7204658872818576,0.7921936576468424,0.7869913498565294,0.8362481340565716,0.8732221924212497,0.8848756251784954,0.9939849333897178,1.583372773806063,1.657408570717318,1.192661200966929,2.403174507368934,4.047112576370969,4.885135261668952,5.380386600836411,2.957682945978683,2.656552913508672,1.175974043510303,1.375966430538477,1.316179209193623,0.7402803201690458,0.7808285783888289,0.8161999119393972,0.9768236875681766,1.001809342055661,0.5340434256144937,0.8884785540014327
CI,FUL,HN,0.9857423333941208,1.699683999244569,1.863637030900265,1.380097229043689,1.392182881865789,1.180073940214036,1.349026292340599,1.198655404361004,1.181666361150532,2.24159031480633,2.099702963626982,1.400757990362557,1.106350486285081,1.15427219924188,1.055877928098745,1.17230807376692,1.256956103925563,1.294148749560792,1.305298556364739,0.9848064765068872,0.785633151532511,0.512311438103815,0.4111480464080345,0.3667372452984636,0.3551484838237546,0.5085198873072051,0.3826058898185131,0.405471298231955,0.3831017835289849,0.4610019074314309,0.339869387827513,0.471326522097329,0.4871687374463526,0.750523056535789
CI,FUR,HH,0.9527448450083346,1.110422093403387,1.14413597035124,1.429864668629435,1.404838839298841,1.245234898151877,1.233087827767503,1.344488202694859,1.167299649790597,1.179576122912698,1.154408179126717,1.286093383511308,1.268572840453881,1.309653692664069,1.17590974032577,1.106596259263473,0.93808299272745,0.8756089004379359,0.9198252120283212,0.8726572798505577,0.9216767818067692,1.191869267708285,1.145314806651325,1.207904738868768,1.341040533123019,0.8851254483862533,1.267416528591953,0.7531818977283179,0.6914398331160012,0.6413323577496015,0.5576422476012555,0.4841159764281837,0.6628949687547758,0.8716110663622806
CI,GATR,HH,1.674661540243176,1.536885344748503,1.509595549489263,1.767100528618893,1.709729906318685,1.605511144382451,1.541616129814608,1.397054550860655,1.543546260011755,1.494567096505346,1.604215126739828,1.888348770058675,2.273193170315955,2.23721346873875,3.197390622689417,3.181709326838546,2.918124974733503,2.62410356716068,2.313747772425111,2.116435788159163,1.651150545478414,1.22549551045927,1.17881328814376,1.060291134510618,0.8823634145828575,0.47708482579798,0.5131066828482586,0.5807327084581977,0.7257330496834605,0.9841718695129512,1.165688713213587,0.6219098397075589,0.8171527502356423,0.5640379651294122
CI,GCC,HN,0.9360049022880202,0.9723523879407332,1.048300379017724,0.9435964075750358,0.9633572113140124,0.9465977894237344,0.953672431274773,0.9130740448239818,0.935148444449164,0.9265917607796406,0.9241985798855192,0.911286824279787,0.9185962200882972,0.9048092031225832,0.9234132458105117,0.9041852827790922,0.9069053760722696,0.9261206935832442,0.9260845481757558,0.9238014512724742,0.931354233165392,0.9267959020563654,0.9258621594978994,0.9277003208106134,0.9273451829025676,0.9799065848703232,1.019410536689961,1.044383188203139,1.040572023905973,0.9755328252915948,0.999438726475658,0.9670416532371522,0.9784752442754516,0.9343765209395553
CI,GFS,HH,1.9383868205494,1.447734751871402,1.063643175989326,1.291979583879977,1.19362198512476,1.040434033895264,1.298669691588714,1.289891848572901,1.189475536913749,1.041410772092108,0.8180101023450245,0.8588743184281327,0.9772447639031412,0.9910050229820706,1.058169867793378,1.199257442106473,1.043472465610186,1.116546323675828,1.231441075212626,1.426442767724345,1.757246789656779,1.651259053314975,1.327011835829607,0.8440794725891875,0.6982998237671013,0.7361703527883307,0.7470631540870707,0.8232703441849104,0.9470444154715824,0.8291118665285612,0.6516758631724598,0.8671049816058828,0.7070689884536294,0.9089865332180788
CI,GLA,HH,1.172714969728721,0.7655972660247374,1.005702418754089,1.050000383063993,0.8486735633921605,0.9651212393455044,0.8263050062527892,0.7132141261667004,0.7044934691490643,0.8412115256305848,0.9075092865987708,1.293534899355214,2.252805640639173,2.027409512411442,1.976181046241842,2.206163752271391,1.6940688845993,1.031732802351875,1.141837506350849,0.9629808477590832,1.185873599981793,1.120002124674561,1.036837882361932,1.141363496445512,1.240799968494049,0.9593580513519538,0.8599349309716778,0.6680064500915754,0.8405901215705601,0.9194032451035368,0.7834886750003174,1.208720332415038,0.6823456251738396,0.9272315575431018
CI,GMA,HH,1.008342192065938,0.92734137525769,0.7846529580649048,0.8126502255289576,0.8060122915390031,0.8740495007701311,0.7967532104310092,0.7200085761089666,0.7165821919671878,0.7422024062151911,0.7638995739172039,0.7637635975982179,0.9331406323900652,1.05520173939332,1.180165896352139,1.448426514921376,2.813905316831568,3.236118067132522,1.688874579281366,0.8800263007008288,0.9152287509452528,1.058880900964225,1.123965540052669,0.8639503626517433,0.8211843456768692,0.7864687838953532,0.7480441664917284,0.7987601427939609,0.8205953489608525,0.8678790085572253,1.013470743864696,1.0700889490023,0.9925124143012936,0.9316660040669832
CI,GOU,HH,0.958021217928616,0.9086542206089998,0.9023579310344966,0.9715743429171284,0.9208836445754456,0.8956237981550179,0.9612753651641432,1.046232374333021,1.097627203714637,1.063424054499363,0.9822651153585132,0.9019137782849812,0.8248114424719856,1.036624465059647,1.306015240211944,1.209002136115955,1.105322970984534,1.238104156690357,1.278401014144136,1.593595811478687,1.20280924950168,1.057119901894814,0.8956082264034757,0.8848219549093319,0.9575924876761563,0.9383637157323016,0.8703568213558105,0.9680676779505596,1.100479761875218,0.8819561399605541,0.917616644161405,1.091356531662204,1.042406840236742,0.9742906805370788
CI,GRA,HH,0.8918672265409433,0.9590676979481736,0.9980713302558428,1.2536860351931,1.234828468265232,1.04060416296315,0.8658222149357414,0.8636227518640697,0.9153364479485424,0.799168532630894,1.001894562588894,1.197143230405982,1.124980345897816,1.191136244890062,1.182176465157563,1.075826566917705,0.9592410932060736,1.116428663734872,1.216436873204712,1.112840407108059,0.9717159974141628,1.161198824174189,1.413226856308775,1.250790989368129,1.263089162649733,1.34804944916386,1.212769726664458,0.8828057819442872,0.6785821710392735,0.61227206791526,0.5166676672768731,0.477399253413321,0.6361866418154929,0.6640214778514691
CI,GSA,HN,1.016236402147963,1.029371949719065,1.051091753350386,1.024700808655586,1.010134177163308,0.9816774860880464,0.969979517559104,1.024151796988906,0.9957936567857898,1.098448617114107,0.9895090183335478,1.007373730297596,0.9602550308622068,0.9972245417123068,0.9655772187407766,0.928922245792192,1.034081609392786,1.123255477053112,1.340688125415189,1.082862526811104,0.9855407198258048,1.009475458381516,0.6185285153832759,0.6609690247327474,0.6799458020223841,0.6196685635479867,0.6140741546518262,0.5725889888998702,0.4532849919440745,0.6437132915824254,0.6327702983350431,0.661768431744919,0.7147243102233802,0.8574959676532183
CI,HDH,HH,1.219923954649812,1.300301482610818,1.37764348643466,1.319319459331632,1.151642753021284,0.9405297691119952,0.941759715002418,0.8953436913706782,1.1164423031758,1.090162399216939,1.002431707080063,1.139756396502114,1.261053659595193,1.382622625552784,1.611199486889763,1.405636459642959,1.121922248195638,2.052393647272801,1.614976208786846,1.578359424961046,1.074209539641234,1.178537641889309,1.037709315302742,1.040205849676126,0.9867896222427366,0.9460955345260116,1.013996076644025,0.7678833351855394,0.6303726802457736,0.8566999004204339,1.554341083560998,1.716845328132791,1.817697163241244,0.9413998271507208
CI,HEC,HH,0.9894717221436988,0.9068935407274612,0.926852231497735,1.051424750695741,0.90877693406067,1.027726855213495,1.009257601772384,1.012342383463427,1.06379093137216,1.135877963761146,1.238322441727193,1.14152683175608,1.379206270417565,1.355519458176068,1.370260294647525,1.544453046476929,1.613382943238709,1.485345871232594,1.613689684589404,1.482813045172464,1.594823595214362,1.536759051927441,1.48042587554507,1.167902876972294,0.990133914414724,0.9529148943537518,0.641802564950752,0.7508148359724217,0.6314397588620184,0.7200790412441798,0.8615670288633965,0.9326282997653094,1.357248998631507,1.138049719079039
CI,HHL,HH,1.368664059565129,1.21079970553273,1.231689527681356,1.134812527096505,1.362342404898176,1.274147011650848,1.429809883225063,1.471810432164637,1.627890420410986,1.546282825662053,1.96726040595819,2.270079172256445,2.134736263435074,2.001524617833665,2.180323528772308,2.772178429425528,5.260246481169415,6.718445989607934,5.886380910359268,4.470901982584252,3.37454465959166,2.075008923438554,1.628742296150649,1.466851465019754,1.268150241523313,1.196093394505332,0.9030774686594548,1.006380289145707,0.9451418474656142,0.9734398058694136,0.8978253226868431,0.7994694475079192,0.7889852371084236,0.7716509984956448
CI,HIW,HH,0.8135017458340227,0.8821391751153562,0.8080142477820661,0.9132585605736644,0.8667019901827178,0.9538811901242636,0.9365613457521292,0.9575157017646734,1.035882859608103,1.322159897471848,1.567143722547854,2.0416510198216,2.643027985244065,2.042680448226889,1.228874487080394,1.050264350134348,1.161127062578404,1.10699654214247,0.980348455946394,0.9373630806613252,0.8802928187201993,0.807262686541948,0.7141431523293111,0.742295645508956,0.7019841298859045,0.7195832552584599,0.6666431948342162,0.7266645998686855,0.8541124960963487,1.201676769860988,1.372411652840567,0.8640379529472391,0.7026129779201737,0.925670824939436
CI,HLL,HH,1.262041045462354,1.24437967926691,1.469909400935881,1.748545625975684,1.901513436898878,2.130834090291708,3.099985711893475,2.409169806331629,1.863411978821411,1.231576476638394,0.8805363777244223,1.155328989296237,1.208399435026079,1.307167872612807,0.9806842075816736,1.078332938800421,1.091970730347866,1.042463542874028,1.014325258233052,1.306804472718163,1.155441428351892,1.106989083778177,0.7894369684767154,0.6998936424556997,0.4872505077395423,0.4095740852759978,0.5697239159816313,0.3677776699207226,0.4477133498074401,0.5050908762169942,0.7252775265457158,0.8321379304617248,0.8636120197938058,1.061696993773712
CI,HLN,HN,0.3594404400667426,0.3692159425583559,0.435745335560524,0.4458091172124205,0.4534092696143873,0.4692318367696284,0.4644731292210553,0.4925999838688339,0.530442089573936,0.5496259118068151,0.5813883899200942,0.6429818142834717,0.6510613406339526,0.6959754470570668,0.7576144532799993,0.7920923677571381,0.8861721504429689,0.8004669127140543,1.125749695320067,0.9829321230586489,0.9256365622029143,0.7762124799337368,0.8036404623387359,0.7945416760079954,0.7147018837658344,0.6263993199529194,0.7970847769892723,0.6253347935246792,0.5763236251835169,0.5412617316164765,0.3750526417383266,0.6380144286730709,0.6693675446012587,0.8961973998065227
CI,HMT2,HH,0.799836554418003,0.7065862858150432,0.6557655255441972,0.6577021200926398,0.6454698922286946,0.7620210007704904,0.8244633284333507,0.8456402462539483,0.9182867889902356,1.029703454882043,1.124574492202851,1.039837827100888,0.9649490947435516,1.056166366818965,1.139599372000033,1.219446719982578,1.337901154712492,1.454927423885413,1.536195033680412,1.641132519294007,1.926096330751226,2.118704029120846,2.565851068566199,2.865716228762083,3.16065797882161,2.218188406445405,1.936108348128994,1.381759956941011,1.158454576931077,1.220837848320567,1.21250027120244,1.172794886348798,1.158306291219376,0.9495140618422866
CI,HOL,HH,0.8779631727929988,0.9370229940551832,0.949575236368294,0.9702526517017774,0.9004374687576159,0.9518269433387456,0.9335064264549108,1.044676977166346,0.9836437470827676,1.014249517588874,1.010006420043122,1.225840351242924,1.227894139017824,1.196535837338127,1.231310832290267,1.481210428621615,1.936527194918745,2.006368537903625,2.338692924765019,1.896350537899406,1.190460992225973,1.050658512863418,1.417939483625881,1.254550109868627,1.245855816337536,1.012659939322829,0.8423325062602158,0.8437855883219326,0.8298899554142015,0.7942743346547838,0.930428130952481,0.7789172171272898,0.9868998680401068,0.9080066834550916
CI,HRV,HH,1.15063857562346,1.068133557113984,0.9886715697793352,1.092240440184324,1.241177420432899,1.36922139255812,1.348974361897065,1.300944659313034,1.392209631414254,1.601195781434372,1.070425917649174,1.190179413617603,1.141668127268343,1.13924717483854,1.096463725442978,1.033619819177236,1.321991507234721,1.193590823247401,1.47014099853583,1.475107547615327,2.093042737097259,2.322294283402922,1.975666182490517,1.530442218734831,1.13332630676723,1.144996669496669,0.8415461583009707,1.047317336139801,1.035739901025181,0.8035265222972287,1.040283772143938,0.5050256533012062,0.4589716581546314,0.7341069037039631
CI,HYS,HH,0.8974732089172397,0.822293618765896,0.7274554975348733,0.9078346842290352,0.787446016351963,0.9080122215822952,0.8959990683676518,0.8600469668890746,0.822745982261918,0.8591793857412721,0.8634186816043088,0.9172830922494728,0.9703927753711126,0.9367238973381444,1.311299502515245,0.9084490743066675,1.37304386468694,1.170477796491867,1.340660244706391,1.254831941707316,1.222381586913828,1.247602518553157,1.09237703395809,1.083761025984164,0.9665383242703096,0.6763953327275726,0.4349328477387456,0.3825378901968263,0.3780922672936465,0.4224682163917011,0.5665772411509938,0.7019945438499046,0.7915446972807729,0.9213206882953308
CI,IDO,HH,1.179334359314929,1.222524917934309,1.23740518127948,1.223641223716697,1.047140116989623,1.229966750883846,1.259937551365936,1.237001577261689,1.281468202294554,1.408866940820857,1.560673575559662,1.602719725976239,1.549363762199819,1.306983720991339,1.143775225736383,1.315014345404048,1.336653091627076,1.422491214233115,1.440312363919363,1.628661764919497,1.421155599062192,1.680069411627003,1.664745332336938,1.76122734782616,1.221861121064062,1.198501197059087,1.191644274199169,0.9954404660179684,0.9849422409627244,1.015390371162508,0.838703548047652,0.8917653340419264,0.7433261885432376,0.901544758556386
CI,IDQ,HN,1.138577254607168,1.072022138783332,1.104001197576111,0.956584531485246,0.9812820806164244,1.008635823824857,0.9414906067782398,1.085662300862572,1.003119836904219,1.108435452160895,1.017376016197844,1.078946421880393,1.364025242623976,1.239503839409615,1.145413054278682,1.075728388747408,1.553298812346993,1.157141188720665,1.334952403617782,1.103430074147784,1.508654166356352,1.566513729992935,1.723896741924274,1.877051861530183,1.507939770312843,1.70225099441268,1.786252441057051,1.838535998854264,1.423094871123566,3.046578828306148,3.753728465887835,3.816707530448227,3.339964816813046,1.01515217485199
CI,IDY,HH,0.7713874899006788,0.8370954193059995,0.7981627062139877,0.8955860440037807,0.8904664922484252,0.8591845388242161,0.776683687853907,0.7075004629979819,0.8199437737453789,0.7950830680365077,0.8908278446093764,1.254133061711132,0.9986606274248112,1.20264728616968,1.072235944857619,1.096761887364949,1.362391087664954,1.391748059545347,1.545043610009509,2.034467925442136,2.250880178025045,2.633640760219664,3.17969984225637,3.026169888784148,2.227083475043113,1.341255615969967,1.228094594075046,1.590322941884273,1.549724165106996,1.608299595653726,1.943177893125871,1.764477321834001,1.692867234470288,1.057832641039584
CI,IKP,HH,0.9606899732825124,0.7690821104774905,0.821287503067064,0.7656344496090169,0.8018821935534954,0.8483526714935183,0.7363963019130617,0.6717825421427698,0.7281413960396359,0.7455927708352347,0.788567322965849,0.822779266269055,0.9052932187812396,1.049599740367291,1.072970294990452,0.9392959769313436,0.7778152292741759,0.7090598017994681,0.8965073143322776,0.9507823575119896,0.902362494411826,0.8394332431530539,0.8674455042629337,1.035687682273398,1.065525604178247,0.9502744206129686,0.9629491720597518,0.873406300842596,0.804169452986179,0.6754797661842853,0.6824271818998814,0.7653644154408867,0.6788566749328867,0.911101976259018
CI,IMP,HH,4.024722540693945,3.122829395788367,3.914781494055529,2.78596156986726,2.339047114946158,1.642181539477587,1.768270611107146,1.755274961421651,1.52712929836656,1.854059798455424,1.867802801768124,1.783936222165249,1.833049934984597,1.342983681044583,0.9204755785829312,0.8970723333509523,0.990329135582586,1.023200879540609,1.116933479276185,1.13295509018966,1.190566137102533,1.205326321421332,1.032372628517896,1.014836206514657,1.147349619895967,1.373104422370804,1.595758553658877,1.711931663060774,1.04053305065654,0.8743041977891622,0.9895264687618004,1.620643424376841,2.066827906695811,1.332852606358928
CI,IPT,HH,0.9083588483536152,0.9150124682557724,0.954971196740956,0.9952726210763514,0.8952198326928908,0.9397068876820596,0.8144325056563709,0.825809351279252,0.9800743831463145,1.169036490475205,1.512209923490289,2.085045637859809,2.48118738344502,2.392143731680369,2.108596246164657,2.225288800713626,2.310739917373656,2.94644847831111,2.317647784921948,1.353090754809567,1.085662117166641,0.8394209506600194,0.9513642198619662,1.008208767453021,1.106923911916153,1.049560306131425,0.9590878549115132,1.046749973878239,1.319633105909059,1.176828000450479,1.026638015354013,1.357002125221052,1.057991454292738,1.081037127610041
CI,IRM,HH,0.9890738364864334,0.9440778137795184,1.016441848025313,1.028741229223192,0.841224348351532,0.9417079649223328,0.904648364485609,0.8005509474005863,0.7131525426636214,0.753466572243275,0.6395488374772704,0.6921486456779716,0.7924214431629484,0.9614088124970986,0.9950948250169788,0.9702988436706482,1.220270582964326,1.299953521368899,1.323090823795942,1.953492110432693,1.309439903150043,1.080054585634997,1.035820099361666,1.331826289368367,1.510377186902528,1.620140589937957,1.163601665379788,1.223362100344574,0.9178198433810034,0.6921725167522422,0.8038586114268357,1.580649033175259,0.8537105360225745,0.9436586229876608
CI,ISA,HH,0.818629248198972,0.7889216923705178,0.8180725549621339,0.8152856429421975,0.8520833260419227,0.890216614213164,0.9308383992647018,0.8830918721804681,0.955367316702125,0.8272144161154755,0.7656716850753728,0.852643760203293,0.8169936002237885,0.7595150209852468,0.8075936892709042,0.7784137089307257,0.8601288809445466,0.9094483498490228,0.6678236730680118,0.6634810438163823,0.8305733592150749,1.537117328258298,1.297764922043909,0.897292628340322,0.9520679823488494,0.8599252065864018,1.178547281262129,1.446829987985415,1.097629095304254,0.8899422455074594,0.9499219266885292,1.168920212218051,0.9560673222191614,0.9302928299647736
CI,JEM,HH,0.9209930456184005,0.8062273459676969,0.6964005692074282,0.732601601768171,0.7936912529721608,0.7282630632962561,0.724338269797703,0.6938079779168919,0.8787956655070404,0.8135994334279449,0.7761722196153491,0.8987579684704968,0.9857078048858532,1.064892292422169,1.070943230785772,1.063754009273552,1.199118333733702,1.051557263409685,1.142156022316263,1.424267589416354,1.617636278608412,1.660817079935461,1.188029359131557,1.11862819707027,1.064626751520616,1.034979619951858,0.9547814661940044,1.016729205931299,1.071075976224683,0.920798087863214,0.9957823096527132,1.153903172074049,1.174682908771723,0.9365120508424132
CI,JNH2,HH,0.8502738356623557,0.8045084959379487,0.8104320313003123,0.9943033114530464,0.8617908579819552,0.8576633065412881,0.865232075126044,1.053762686870293,1.214710367687226,1.315192697026214,1.324650090832809,1.196191002506702,1.17967864100048,1.606798899248675,1.619739150277529,1.726850516324548,1.993575619138336,1.854810841551156,1.761218681032592,1.49440328441192,1.458616888624857,0.9471414765824194,0.9937823893228034,0.912593374722774,0.9291722264471884,0.7716238910916313,0.6757879720189502,0.7244849028257012,0.770039984384919,0.7639235128950412,0.9704285570537872,0.7331585115992293,0.6389605848481751,0.932005948141461
CI,JRC2,HH,1.017452510754811,0.926572949079862,0.944106405473424,1.079417503268829,1.002693449531073,0.9865233327630144,0.8940638495948056,0.9652713130923042,1.087563909201209,1.291796020839875,1.175476222910105,1.32234362351193,1.306071180189706,1.582358686320219,1.878145915628041,2.293449823517888,2.167151671481159,2.0653447512187,1.797805236538011,1.883641461344053,1.847877222275636,1.53688862001254,1.982479946154891,1.742276167762407,2.098320871562979,1.802433715383809,2.042961525446957,2.286269619618228,1.697498557958854,1.345218558510129,1.382870280054638,1.858120122460678,2.011200492615516,1.172824361358626
CI,KML,HH,1.714307750807071,1.910613588239232,2.077844265140432,1.522932118857257,1.554016072400626,1.272354740912055,1.131070772489271,1.274180052502674,1.688437899776204,1.752362490276391,1.45263335843037,1.25879085919444,0.9309768863930528,0.8327219656018219,0.875781827055859,1.143077443639011,1.400034400168727,1.598675147092003,1.54830525374401,1.929809667177216,1.715094649934921,1.631858898900691,1.743442214607367,1.80681175967826,1.569852944806024,1.047284913760739,1.428314438797951,1.912913097538917,1.349034439485886,0.9535194873920164,0.749918969758249,0.7606531740001213,1.179955490483071,0.8942748357014755
CI,KRV1,HH,0.8555654339199289,0.8626048888352144,0.8331253036872531,0.8301819047674838,0.7920890660926833,0.7274289711242904,0.728788463618117,0.8018507548935592,0.7738106217386491,0.6913480123052737,0.7564097742430277,0.8847093351063734,0.9637885907794916,0.8795106909718606,0.7243134964388649,1.027066902776344,0.9978225752873656,1.001558242835572,1.146163989727737,1.102994615053952,1.160550126374049,2.049985581772881,1.966061728823189,2.42633016419492,1.173594103164823,1.190059260171807,1.573802740315422,2.241609422454422,2.860088181601307,3.200383476497131,0.8878636742218812,0.7022782093588553,1.063860633574232,0.9195987275966178
CI,KYV,HH,1.015155938168302,1.018087372325697,0.9801512782715966,0.8779135934355485,0.8981345981988894,0.9852456118738508,0.8418772917008974,0.8421089914432264,0.8326527811210834,0.818348064916244,0.8499284194423098,1.088399221365913,1.255696775892792,1.119627884433156,1.249625516564351,1.338356074721643,1.398659460424529,1.246866590523646,1.198027990190728,1.158321253496002,1.023283931185939,0.9881632899692924,1.029484126814347,0.9603607040163952,0.6856576904345433,0.601196350870278,0.5352083661476703,0.5053998948718633,0.4274777088425266,0.4850277976576179,0.4752522138449859,0.5089757688337411,0.5729453319575664,0.8966674894663917
CI,LAF,HH,3.161876327876445,4.08004549168,4.203179211523592,3.544313105208182,1.797756849290644,1.35748978558262,1.543930119221553,1.408230744001956,1.262605540174225,1.413342220760187,1.086535311671941,1.102931424526866,1.229253389096923,1.401726943568236,1.316450839358875,1.435048805486164,1.282893216081332,1.313403258195101,0.9979531175054972,0.7944407409544612,0.9785152402703524,1.699174647834391,1.231045101526779,1.221663077576748,1.205110715001498,1.139705034200645,1.02559160457113,1.295656679855177,1.785162025804369,1.130831925933816,1.420383036598739,0.9836298124681188,1.690879068931118,1.264753038820988
CI,LAT,HH,10.12526942444647,2.510007539351665,1.545817341786231,1.629726244723084,1.822553254241791,1.908345881996998,1.835198609236594,1.643003046982028,1.655670634148513,1.302667616486744,1.430974976327396,1.545598611458601,1.548650168686792,2.285583197383027,2.051490622139878,2.364700632167113,2.55140271136418,2.401156291432803,3.079762192224635,2.931692190168013,3.131306314611928,2.909170757278331,2.724812364964765,3.276155072766553,2.715759074432604,2.426889915824066,2.510350230734773,2.502292119332927,1.769872026218565,1.520200432608542,1.68135386983625,1.551770283191743,1.990695360533106,1.20502852615893
CI,LBW1,HN,1.126625635847613,1.72930333298272,2.326335796201843,1.993384771171496,1.427136596635299,1.342003271659115,1.133455471820843,1.024783214994255,1.014318352393136,1.275184161716666,1.278145526392573,1.223595351520662,1.06618381841997,1.179836638930247,1.125622185113241,1.116924116940283,1.117665789482792,1.088909434382397,0.9155010491404696,0.7945634204561398,0.742105864995842,0.7919442839766581,0.7094990404217235,0.7199006550354836,0.7061969872703534,0.6911657025767961,0.8044461431220044,0.710534254662648,0.683696971142196,0.8570575493844841,0.8481464807723976,0.7664262377165408,0.8185129265408708,0.8794148381782663
CI,LBW2,HN,1.105859974376118,1.91681305773667,2.61576980987883,2.31078150741827,1.618973472510183,1.575101390458873,1.296478892393348,1.187727282924702,1.021661446713748,1.039232030461644,0.956815438289731,0.9984103428144376,0.950519178035429,1.022177898467884,0.8827777631423155,0.7586191820392786,0.7189479866028802,0.5963615236699746,0.5148341190987961,0.5889458690609206,0.8232528796801356,0.8887554692622217,0.8017360429001583,0.6825839027602455,0.9984324360670338,0.8244989387055808,0.9931972743430896,0.9211759968205012,0.8333790434715158,0.9863673107130534,0.9931207851475584,0.9744562611705796,0.4757482015058824,0.910025899070712
CI,LCG,HH,2.97064952223255,3.653846848286605,3.941921194132147,2.738783511054369,1.866365733540845,1.737585916633928,1.392010180589268,1.047387582706558,1.039820631950105,1.029186451579248,0.9270935434386256,0.8141067751216521,0.7576855193382545,0.7823270180636054,0.7681239140108571,0.775128390446261,0.837228482716423,0.865178140660668,0.9138378428252782,0.8818620053644727,1.034211441238984,0.8955853011532972,0.9459117798972368,0.95203398918614,0.712195993294818,0.7817575045184136,0.9190638389867788,1.416353582749397,1.29577954852815,1.250002578706057,0.8987587068399854,0.9615075115764756,0.7967649030357263,0.9278871286083328
CI,LCP,HH,2.539096360761169,2.224780829301339,1.942141430027763,1.504703884762609,1.562687572331613,1.349964755950427,1.404768357302777,1.319821904688646,1.430132497700576,1.30798209517798,1.362689558249733,1.497264400024604,1.482372715688036,1.479592935888217,1.288437709477316,1.276536509849914,1.339758504261473,1.719427603853005,1.336900358161661,1.31574182549921,1.23975720744154,1.132126552984257,1.005941508807087,0.990183922213069,0.9163209926855204,0.9574263610354284,0.864014614852261,0.8225097532517686,0.8660988530088782,0.9574626412792178,1.08794074703486,1.183165780099411,1.096538599167969,1.278597260909763
CI,LDR,HH,0.940623781230566,0.9073664806346188,0.9502854459773856,0.9881168721454396,0.9446658554461292,0.9494571149203096,0.8709065283147994,0.9168992842893036,1.033386453619118,0.999903858919225,0.9532100201768908,0.8660442246975812,0.950968790558198,0.8741396213176239,1.063528937588701,1.241055446303517,1.0677510962489,1.059031054250706,1.530603279160955,1.48262910375844,1.24349853774672,1.074104721601659,0.9639134053662232,1.058264461768315,0.7992174206727582,0.6206836354894963,0.5621039190115705,0.6001169877605356,0.3838618905076379,0.3900307016894018,0.487767185790407,0.5827792670641992,0.7300949838026733,0.9078165270775872
CI,LEO,HH,1.091685780458372,0.8783797312275208,0.848086092819195,0.940677600346992,0.928642748352028,0.9781847850544344,1.064462529578021,1.069615425808078,1.240227305178174,1.071463914462381,0.9310162488121426,1.218030760955739,1.247326673921791,1.210117697101174,1.333720732394146,1.535496764173959,1.329833361060436,1.432540219271581,1.285335231036225,1.170464720939452,0.9462128394005316,0.8722909077112959,1.014789194268408,1.004988584360612,0.8164887050554694,0.8625814326469262,0.8204908853982489,0.9346849069007966,1.100706507607802,1.061036853536069,1.554472872905048,1.290968784725036,1.244500857328757,0.8815378034727914
CI,LEV,HN,0.8127114908975294,0.8071900344063043,0.8355911416044338,0.8585829195995847,0.8458690432868208,0.813023631766549,0.8026769254848284,0.8501722333092789,0.8600937857429607,0.8506953117077003,0.8325232036680813,0.8547364634026104,0.820121260443124,0.8671567507060458,0.8547894542713937,0.8468246100151867,0.8254637366641456,0.8533550030889078,0.8557025286905432,0.8564245096349689,0.8606235732609739,0.8325468410516239,0.8670439066958175,0.9361028406824964,0.8962206522110124,0.8235149577852713,0.743837022392217,1.374237430744421,1.300783788304257,1.256729877742191,0.9242695554283058,0.7355636755581832,0.993506756476644,0.9836757373729847
CI,LFP,HH,1.280009551139165,1.256502429562192,1.12442609817245,1.358053074828085,1.237268108278922,1.156444055172489,1.122208763366724,1.15462039433334,1.166755460346554,1.3231604427976,1.401355894625109,1.546913619313538,1.535855194831312,1.476446310122974,1.3630818604125,1.36584530875279,1.481805687677674,1.400170315221581,1.208967233077325,1.239793774157804,0.9349677697526296,0.8770889939147148,0.9709779104231716,0.9504438898039194,1.095878981525853,1.211327940758509,1.18099051312657,0.8753086124427837,0.5559615651389361,1.02870566190612,1.05081513021848,1.135976115732469,1.137638071985956,0.9218026055690904
CI,LGB,HH,2.342954186195265,2.657164207476902,2.236479001085328,1.963402270362586,1.563788723402174,1.340734011904183,1.381455171928781,1.246927121867068,1.249210092960293,1.274573183836076,1.267426115855946,1.290993499144357,1.246248280495101,1.237412552488786,1.060053943883895,1.043179977494897,1.047625567040352,0.98050406504632,0.9154747898885052,0.9478756087111796,0.9289669239480968,0.9214593662926456,0.8956874272196894,0.8345837201611851,0.6795993641742994,0.6133761714876944,0.6008107838454609,0.6416223522993452,0.7471382787455199,0.79105875394249,0.8530208364082401,0.9295353599085224,1.122176586985603,1.054723171831532
CI,LJR,HH,1.692729667770144,1.018814409176525,0.9370683277210616,1.131539712356288,1.12089484220221,1.179826012566771,1.30103742954643,1.275109979035213,1.286035414118646,1.135994482866844,1.251377009685523,1.119091316054713,1.144968254222646,1.27294294593421,1.629260548571145,2.263569894935806,2.247614974843842,2.047344268364348,1.38448812809971,1.20465595078634,1.599927559303728,1.906255346443428,2.429638351881068,2.155927121459198,1.554353389096658,1.291444402050571,1.260483124966423,1.002334953253206,0.9080648263960678,0.8464397860790316,1.23689233808394,1.618726445397052,1.266755724963437,1.187138382370476
CI,LKH,HH,0.9123985839908274,0.8845216716063495,0.7861435687241702,0.8496001595740927,0.8451305820763357,0.7711791167390191,0.7235583597332655,0.798504157921071,0.8777819048596677,0.9190364370365632,0.9803720282104904,1.158679415018493,1.238117582689864,1.661872314499963,1.647003077822172,1.631605875431978,1.440287946934922,1.209518395232458,1.409897775124562,1.535549213915851,1.747985436429412,1.485808714086323,1.046081041691663,0.8647187121026504,0.7970309150646241,0.8514400396513944,0.8420412537219818,1.019140666462826,0.783771302778106,0.9519698861322394,1.105937104444119,1.096212387167025,0.8479803558150161,0.9158227534601264
CI,LMH,HH,0.7499786596078298,0.7580541718069441,0.8251420279220472,0.7717463990344738,0.6918223561932215,0.7968850495316909,0.7729369405195339,0.7248497356726764,0.6827182310070468,0.7724649634996922,0.7649581185096516,0.873231140100815,0.9027718294681056,0.972443906088464,0.9381896273868964,1.026677999409028,0.976696260775181,0.897884559383028,0.9521386675228042,1.115181824281164,1.074447141489124,1.171170034264094,1.235616210233218,1.132605782145954,1.337018145353791,1.300330701204988,1.236528988965974,1.078240089055645,0.7616263071305452,0.7407481233564683,0.6361553373339488,0.6577263950476793,0.9035501191289788,0.85944121809383
CI,LMR2,HH,0.9051462330906758,0.879695103232032,0.845416221094473,0.8776078956019381,0.7974783466041118,0.8971798703676923,0.8718328208041721,0.8418761300791957,0.8131403635980423,0.8498331843732295,0.7920087459141048,0.8099654270249459,0.9056016015145458,0.907869573455684,0.6756589041430815,1.011769253771766,1.109105520194018,1.218934179723409,0.9814662353289269,0.8466237511861736,0.9256690995700788,1.08071661146662,1.146417770317041,1.097551481288084,1.247400192802582,1.245987903500751,1.42977848128714,1.246263138456737,1.414280922499739,1.069592768416665,1.167113649112875,1.564732756192094,0.8313975929913004,1.11323095732304
CI,LMS,HH,1.67301463222371,1.545753575792207,1.435562083493434,1.462626504687329,1.528845471071537,1.571097129656971,1.532971224084262,1.518160213528542,1.543157846578615,1.50242246354163,1.59471928076674,1.615540532898769,1.747471399459048,1.747607703820133,1.969274769513641,1.983233141351566,1.978143185341997,1.812609547843265,2.25513753173773,2.4726265875127,2.637191230989234,3.193292616550418,2.765706299159322,3.131371142355058,2.839005836738893,1.943688164395494,1.005803620317639,1.212289542932382,1.428034999617765,1.232512196885163,1.057635931968244,0.935807682129574,1.199625165943407,0.9477897589974152
CI,LMY,HH,1.050988336248236,1.100804186638035,0.9917116571292256,1.107044290695502,1.103294381028378,1.319756441058912,1.556987911833513,2.076490120854102,2.601705392493687,2.712047452359232,2.467107543748019,1.857705430440027,1.045660609314741,1.041270110480811,1.375974591028245,1.634728543250317,1.695414542465759,1.891126533660038,1.561450482059362,1.158742815426992,0.5897692266868744,0.6180302073603484,0.6454526985620094,0.8451436487447456,0.9952840666957014,0.8214591928179379,0.703012013015005,0.7981294800739309,0.8786902630196833,1.133486130087938,1.108983292287929,0.915659114688738,0.9993781900023366,0.994968274406551
CI,LOC,HH,1.860910888557143,1.738672047558756,2.313910443741631,4.163603077340785,3.887971934411838,2.603953381698465,1.288252212873409,0.7579654584131328,1.080353633695121,1.359980338513192,1.38283666831149,1.510535984710315,1.319248089709733,1.152854588504953,1.180063812612995,1.231528343187177,1.105336693713088,0.8580043729154955,0.8065878845224407,0.6270911985336411,0.5695358175023515,0.4993820550596274,0.4540180453895157,0.4622718624750632,0.4663265705015352,0.5056686862393144,0.5369455576575524,0.5450382240704882,0.6193918972353744,0.5799691063447896,0.7218612997616454,0.7386296881686593,1.111226299997854,1.018425911165341
CI,LPC,HH,0.9698281811310736,1.165616249082532,0.8795169798812735,1.077152860668625,0.6945412703837107,0.8234231492330053,0.8008972073650995,1.006671001584039,0.7203368297509869,0.9049107729730332,1.018093388712085,1.412526321075237,1.815194709930618,1.351869794453674,1.368740980878387,1.617581683937023,1.500305268872481,1.24963194120804,1.294423739785752,1.336166809659858,1.177531770510825,0.8400513878510268,0.788753861466645,0.8017199639978404,0.7339211990093951,0.8632524568338922,0.8295577678295254,0.8901123678173702,0.8145194812678279,0.8744860509407782,1.099009703616187,1.502969799034202,1.74204001316563,1.482903663671986
CI,LRL,HH,1.212385260572864,1.034588323531154,0.9634241369988084,1.014433259017478,1.042337544326867,0.9963823855075624,0.9526506642314176,0.8685050935693405,0.8738983848910745,1.03757055601306,1.059109472916215,1.061111388494984,1.073344457263171,1.120326103511768,1.219229032274426,1.352325959713521,1.443908469342024,1.551359636280468,1.469349951645386,0.9709792344623898,1.15840509262052,1.189202128598104,1.382308194899647,1.312371607057869,0.7625002363857581,0.9499350925136628,1.033428025789882,0.9911529143897206,1.016135018082919,1.258776399066024,1.05241427955938,1.377737220990972,1.777281963733808,1.495915467440489
CI,LRR2,HH,0.9586792640999086,0.8901715312857778,0.942388261424334,0.996964123906704,0.984472867457031,1.087162885592911,1.099962020939138,1.078135848993284,1.238347097402297,1.290378793011445,1.472836214599465,1.185107803132845,1.250367969806062,1.220432832380281,1.257432766794477,1.213288100840942,1.252290030165116,1.280427490861621,1.270733168232242,1.098042163916602,1.343840628792235,1.080081052164037,1.21947724006898,1.2125607642261,1.339603039167207,1.09037875895441,0.9729344240691714,0.9856334664669568,0.7298360217137166,0.8872189664915454,0.9950485265929911,0.9063647962379618,1.156599395398304,0.9182836159178476
CI,LTP,HH,2.879378146093364,2.85483568716903,2.542284956132426,2.054861541609167,1.51401482071409,1.536078475112858,1.565478464928931,1.503839800730435,1.786418414387834,1.822470841678746,1.597329096671692,1.725313518805905,1.669487579155398,1.673802770592265,1.474050119015747,1.062206248164613,0.9806916905852924,0.8823254179721244,1.051291227053998,0.8021828309578638,1.040446942351118,0.9028350753938578,1.001864646724167,1.033322361893135,0.9459552391153352,0.97416472426857,1.092074372122001,1.06386839653803,0.8620274778389226,0.9070258410420884,0.9132181377254482,0.8578543334431438,0.9916254502964534,0.8610055064954832
CI,LUC2,HH,0.8422134556722911,0.7521882185546989,0.8000984536282606,0.8845544709791108,0.9307756042395132,1.065999853358171,1.298112691677629,1.391041858831396,1.723608030220438,2.462308976106048,2.798321487942934,2.91906256547174,2.996939055889805,2.289754266611753,1.917754704323739,1.697723858020327,1.520535839909401,1.029437617389068,0.9186730036945372,0.8957130911535611,1.141031231118105,1.292303710389088,1.354933180540347,1.168957639710867,1.210372193076796,0.7405828921202697,0.564949575814111,0.3727181335473767,0.5305199196986564,0.499554716911528,0.407508344981028,0.5094273181055382,0.8422338002091947,0.9615742993784232
CI,LUG,HH,1.102037878270447,1.118988246707211,1.291685200983215,1.241729028090482,1.594029917061981,2.160340517926806,2.744716103721935,2.535520887277622,1.840938278833694,0.9792932182499732,0.8635563030142657,1.275833814848026,1.43776216526896,1.404316817297768,1.237125661352995,1.193076055145552,1.315667742732325,1.188812536978611,1.170386172942665,0.9894309587743152,0.9624002318615694,0.8652031012449485,0.7828454202628713,0.8320839087664926,0.7546307431308219,0.809189666159705,0.767066688921517,0.6830115844674878,0.8401610327926525,0.7651438576555399,0.6453452355884656,1.099233696479721,1.191295763103431,0.945830857739394
CI,LUS,HH,0.930276111400816,0.6890221486316563,0.6802033893108795,0.8477374561624088,0.7259160716145194,0.7091181083314134,0.7512365749355481,0.6510566683129099,0.702114154563685,0.7763315910062836,0.8591598547081546,0.8235935753347812,0.8667178128757264,0.8993658566898581,1.00113772004841,1.008665609012158,1.136154026808711,1.045050880074448,1.32990076071574,1.752138376277001,1.516263185455049,1.357070799215563,1.160301394609714,1.315979037061444,1.191284473279626,1.216456647694668,0.999596580608746,0.8267452167312753,0.6389334328505185,0.6352359467291192,0.5139383815043247,0.3760881974719129,0.4109431284993754,0.9091093703354324
CI,LVO,HH,1.31419051061189,1.245092442676486,1.347100956565065,1.499654252092155,1.571998081385108,1.458206404611831,1.545838711187956,1.72540792266934,1.346047867242425,1.374502492857928,1.271275163554133,1.188688559226796,1.502617942883403,1.411050510241322,1.210896551218389,1.419793016413929,1.383131749562067,1.373873356529818,1.126162007721147,1.205177645623576,1.251881929250943,1.348411217991122,1.113004995470485,0.8630579243444456,0.6831383212021589,0.6050316979612871,0.7139357398373205,0.723515610309913,0.7960749287173036,0.8803454355661595,0.9387877133564482,0.9234501831892942,0.7533026778602177,0.90354427309997
CI,LVY,HH,2.321363466215528,3.055298480625448,2.725296198813218,2.740644640230243,2.348155548168023,1.765802419757529,1.236248136226439,1.532640564415514,1.578377399063744,1.429466902107205,1.228391580168126,0.972630715441068,1.03866087993991,1.186518467120753,1.035300419750278,1.004800330287589,0.8425600886422403,0.7894233864465046,0.7207763149775422,0.8085662105915449,0.8569799956589825,0.8738641671587553,0.8561292028572914,0.8351065576054975,0.9908811946010154,0.948624559412281,0.9052085616424074,0.8958173184711289,0.9800477492929728,1.003486876721,1.06708489634068,1.194469937053859,1.387757391604638,0.9329636972958304
CI,LYP,HH,0.9560691534497274,0.8689500952299523,0.783858289205798,0.7070277441371529,0.6937031240207687,0.7248524220480953,0.723021072299924,0.7698444563363123,0.7311435128821377,0.8081219919801045,0.8507163440251573,0.8931446944137555,0.9864286751631648,1.040084445496437,0.9545329579998516,0.8821201461396452,0.9110684453657576,0.9668821372427367,0.912154113131324,0.8838479344012599,0.8961127724238213,0.9178745417390348,0.8802290269503984,0.8253465177019835,0.8122762172398003,0.733242041078792,0.8497181999394128,0.7229863111757135,0.5980401820614736,0.5651473204745693,0.5658886551703735,0.6921424122856753,0.8294714985027677,0.9279919267620822
CI,MAG,HN,0.9106055491508496,1.627656218735737,3.180606809064839,1.97628315747946,1.203882682109201,0.8502074639062389,0.972267080397914,0.9392834868599428,0.9958798784580334,0.9907339931378092,0.9757506908792934,1.005942525421776,0.9288457140075648,0.9310773050555547,0.8876110762222472,0.91873000031272,0.9490675675094344,0.8687863573600774,0.900093622515696,1.073733241525807,0.7459842218887682,0.6796643048394806,0.653382403848637,0.6653256173965348,0.6522689631449663,0.6260864644667999,0.6394845654811001,0.5625274342653589,0.4006871358262108,0.3883428004514476,0.2995519452914506,0.1908634186740648,0.2956729103822414,0.8632177210881207
CI,MAN,HH,1.194544895035242,0.951763455918642,0.7748434403935552,0.9209164660759732,0.9721672374585508,1.043531216510815,1.037819430782643,1.180592213483457,1.249039712740558,1.13793169396876,1.130683646907004,1.278713572656998,1.307197731667765,1.707832292219575,2.37461249103691,3.9541091668417,3.054104243455901,2.686574124966958,1.437371035557819,1.374384685619576,1.171499571704922,0.8688651995931623,0.3788616459580857,1.138340896383451,0.5529865261859399,0.6919919262397473,0.7735544170328493,0.5602436342766162,0.51036950767609,0.6509090611616101,0.4693014522216737,0.3775470239443121,0.3726788251420203,0.5883317861209482
CI,MCT,HH,0.9556236882516994,0.9633658499605504,1.049368325465208,1.076625999637596,0.8836420209316823,0.8066125945526398,0.877312192285858,0.8828927294081617,0.7490546710970323,0.7860428891778014,0.7012935962619722,0.7262406809414939,0.7750775968938587,0.9431887538462008,1.033559621669646,1.13187184544905,1.273507650046242,1.220810521248986,1.379999415336925,1.344384506672761,1.457820417110231,1.424898606805409,1.296875808021133,1.394825656243805,1.098648192534828,0.7997861934105088,0.8355404293250539,1.578591657475547,1.588195498350318,1.393090395683543,1.681528595571161,1.440970475148388,1.392334767623278,1.08474140279254
CI,MES,HN,0.847048734872521,0.9216674052775948,1.507769340523514,1.522419860509606,1.231596355507414,1.133067674800987,1.104517850741836,1.046335263882814,1.087256444806613,1.063492564006062,1.121450377392642,1.116003860368706,1.119846776932599,1.064854653979755,0.9706545576268748,0.9274064792998188,0.9082710663514528,0.8896526218462463,0.8515468377283215,0.8717500288556432,0.9428206367577304,1.01876270398423,1.054801771375748,1.155211905003093,0.9900424793388208,0.8838827371948503,0.9728518920303229,1.38559455022166,1.669147644564152,1.227422077993953,0.978829788315878,0.8951336075355832,1.520584970280701,0.9885571847604276
CI,MIK,HN,1.011674764275206,0.990487032027168,1.155921999481737,1.06518885996358,1.042629697338673,1.045604041831666,1.066910769427694,1.050192346006837,1.098944195742574,1.462328380577144,1.365470699223861,1.940601177815183,3.047195275684456,6.722257001931938,14.76201685096045,13.61741228861118,7.237902695085197,6.017818299542819,2.241207586220396,1.669269251129789,1.282346352045358,1.743895773270818,0.5194741608468303,0.5206752676830578,0.703543542729915,0.196991978655749,0.3280555336216841,0.2047425240910856,0.4120341998295958,0.7608181240171324,0.786001990870329,0.6819845229221039,0.4245300336522344,0.4857014576592188
CI,MIS,HN,2.5489658786018,2.501135851076354,2.527320569368038,2.421554961892094,1.904617595372457,1.973211869379276,2.313655477839507,2.32751296841937,1.624178536741447,2.028457057697362,1.830693702664621,1.878330661156123,1.481765053931963,1.573662601549713,1.48053022524344,1.44673194480346,1.443566462913405,1.28775177333699,1.212823163110878,1.131926415179561,1.105837485981641,1.02906723978098,1.004137336666608,0.9275413838354472,0.8910851163283343,0.8145880029778942,0.7884578008821346,0.7369331690649714,0.7548838800951835,0.7878474137078177,0.7299433020636654,0.7043827369535266,0.800843846063997,0.9201082311952472
CI,MLAC,HH,1.035682287464167,1.199502585577455,1.738635151411149,2.082368216714507,3.124248200122852,3.829597371018671,3.876567608601958,2.826836059964,2.377870309019853,1.809183271232532,1.675130237064133,2.123145547192367,2.123360512663068,1.827167769827834,1.468918595986462,1.267135195368266,1.026819096413157,0.7547331356963806,0.6033176791789194,0.5677809030112332,0.5312271744681257,0.49731609690373,0.49564604327679,0.4025204021553175,0.5224181720360829,0.5985309661506404,0.627345205847827,0.6421498670030196,0.6632100699513641,0.580761039582407,0.5641105496025749,0.5487760119292394,0.7111038014566728,0.913845742069282
CI,MLS,HH,0.8232006323976414,0.9125973128228956,0.7988853095037532,0.7397899242106347,0.7441923769127972,0.7043365735476596,0.8428931518109392,0.9074867712150706,1.123140569651649,1.052023736406187,1.20896317561736,1.64371869174805,3.32017115748522,8.74119704134011,8.37527926952084,6.297200040451275,4.677240219493677,1.280990685897864,1.346542020980634,1.297272157707765,1.123464638266004,0.9262532085343862,0.9010980043369284,0.9333818744875022,0.8229942204596478,0.8239536953840225,0.8118520387282877,0.8662206128387488,0.8321104687178477,0.7697024997911894,0.8163902996871446,1.132732997652717,0.8734681543076996,1.043069685342575
CI,MNO,HH,1.056020321144962,1.041772118000162,1.003398881247971,1.068381782508684,1.059645605413686,1.053570408654266,1.109694214724239,1.23786197577323,1.083813566610518,1.119274813312129,1.329094705675014,1.975190815629498,2.978553208617697,4.146252142782702,4.042390541881773,2.378461961596618,1.745107461276188,1.340100255109953,0.967237537046038,0.8050346721617331,0.9170157373849368,0.9311006035761098,0.9193258881382368,0.9209057215904464,0.951242137436426,0.9077233715431516,0.8682721218100314,0.8457533628566194,0.8558486686298528,0.9028795832793554,1.119069737178063,1.289460354645186,1.499753674563471,1.213276125356479
CI,MOP,HH,1.507062875100136,1.479746625881451,1.435118887217605,1.56509374212179,1.450570125713378,1.335806952487428,1.281046492773761,1.566814296358583,1.769949459595795,2.077022170230384,2.169684147883918,2.185336259163838,2.231022516184676,2.007762856769569,1.829273239500573,1.691580416593985,2.001537668624746,1.867093438124836,1.532396442225455,1.188575338820528,0.9945469267967672,0.8258234593172276,0.8922035127190081,0.7785992961565644,0.8189883294512947,0.6471634971760819,0.7869728851569726,0.623700094360339,0.6639378977735355,0.4957316068875986,0.3969992693276648,0.8587568619411011,0.6145838218619126,0.8885490134095859
CI,MOR,HH,1.059926745780694,0.9921432679404713,1.002923361436016,1.327790804355999,1.564057855762538,2.034610772219625,2.226996297985422,2.015765303548369,1.277956172468785,1.042530946710508,1.186976566017957,1.474486971531284,1.594854998142937,1.475300373592681,1.341197088436721,1.191870054706908,1.297973362075437,1.242378478482344,1.303761060618726,1.171234521420768,1.065310166366697,1.237423246134522,1.224463823238519,1.218088043576692,1.330465927532572,1.193451027220134,1.147489889662053,1.240405325093859,1.211049596864933,1.477091276122406,1.458161475680232,1.414758175558944,1.462042653569816,0.9966929514778108
CI,MPI,HH,1.208449124555782,1.266032376002028,1.201677033841653,1.314896734560809,1.201139962144197,1.212442281893869,1.148287751242657,1.161578772227167,1.121758203355475,1.288029737091495,1.26585949028801,1.596699506993714,1.357685289544559,1.404518940555212,1.595580983045719,1.705762984864651,1.779242166686933,2.492012487339258,2.872129999604348,2.81319569406277,2.328596582094587,1.26441010796606,1.933730831427775,2.188954496407868,2.414434989854851,1.558360744967326,1.080461232830639,1.059728740182794,0.974189755659402,1.450715826537609,1.17498747342456,1.168126125619638,1.555374585161323,1.446197428440122
CI,MPM,HH,0.7824310286087908,0.7669496552965341,0.77467246574893,0.7653253044670719,0.9134526220992109,0.9377854293519258,0.945508543572707,0.8823866951787362,0.924806214261229,0.9541521408914424,0.9403869373194028,1.281318870541773,1.242966095134492,1.28342041000789,1.176877039576218,1.242037520785989,1.263545709786404,1.289482944478478,1.159427191617055,1.353785803133334,1.130737330257331,1.23851310930452,1.249703214416581,1.143069350416354,1.07123235313368,1.002880281474183,0.9220079323559808,0.933576816682874,0.9918640188962368,1.379984001892598,1.356635846765097,1.521425117338867,1.857760784826076,1.241770343465649
CI,MSC,HH,0.90270982249031,0.9940632050231444,1.062404137421687,0.990787815749473,1.051137873954438,1.010661221243699,0.8841118079693756,1.054858371541998,1.044592182407061,0.9835256076715078,1.053505313196181,1.164060314959232,1.198965842030483,1.357307763229636,1.368810309096547,1.979439656214491,2.074534905189706,1.783852463523092,2.413156963966564,2.928285538573818,2.622505852692655,2.65738447894652,2.0491265054575,1.499426337848138,1.305393646397462,1.261124431196323,1.101799495124326,1.069195792844505,0.9437687442259292,0.8606112391338443,0.8392821953926168,0.9491495747071624,0.8742125156262499,0.9610227752472064
CI,MTA,HH,1.889021885700715,1.036647461397708,0.9217035960202886,0.8937795592647273,0.9162238814716936,1.02161320516018,1.206387365849792,1.320180582134342,1.508544414914115,1.467973487768408,1.468465575993491,1.473820126280111,1.261886154883654,1.229235410374941,1.164723167038187,1.135830473960477,1.164075160380563,1.137844114878347,1.12467123819619,1.183750922590532,1.162862499349438,1.191761483986814,1.211285736065399,1.143854583216598,1.19771370809002,1.191448514581192,1.267980973942521,1.292382174955233,1.164705265759038,1.115548429689147,1.261359113788218,1.217738114651294,1.672820032314589,0.974478691908694
CI,MTG,HH,0.8378466081387758,0.8621264315456241,0.83331110706199,0.8845620331540128,0.872652341804818,0.7687734979256222,0.7883530829314024,0.8100030232443013,0.7924405407190032,0.7600578465022182,0.7412783245049686,0.7825493301661292,0.9875926825173212,1.058198255139763,1.147510518357964,1.099047719420447,1.145339671395181,1.231605325273314,1.298945772369128,1.597745267153377,1.328947822150139,1.011501539593402,1.028415853436725,0.7735990821592991,0.5947370183611705,0.4747201492884514,0.4452956569934384,0.4374633952295629,0.4405747012843566,0.6138914132287044,0.7744759548619093,0.8606201143281702,0.7730375429650359,0.9263071817173938
CI,MTP,HH,1.11388294348186,0.8674127248281149,0.7896329900550376,0.8487783188144618,0.6606602577775634,0.7483280948475599,0.8143390651894877,0.7973853436566817,0.778021691051232,0.906899528071275,1.108656068156774,1.456890046269835,1.763102682738074,1.976413258420143,1.766021774133732,1.506887361968969,1.43904609177865,1.382185575894062,1.062012565630478,0.8405377163011021,0.975448182840114,1.375741138715148,1.429531436099542,1.251315070957644,1.126854507947083,1.025822325746808,0.9395434268744915,1.216758432408992,1.781749031964526,2.52482996274829,2.255551506196606,1.432550721116872,1.200771079670395,0.8416873470083823
CI,MUR,HH,0.86376579746282,0.887927702193606,0.8348386632098596,0.911561869481982,0.7985954261885012,0.8447724182995409,0.7607999187467754,0.7653321422415533,0.8476160338647846,0.7278356073362174,0.8220737155241385,0.9338709760589062,1.058981432451623,1.192159959510408,1.180603697312934,1.482004035241582,1.858105225662602,2.235128047175079,2.767249530395026,3.528623895232558,3.028955609024238,2.718593497693738,1.7803123787849,1.314902010142499,1.519846936392944,1.102024753660259,1.121563418216837,1.136071862003017,1.647366771457548,1.371963617551496,1.525910654548855,1.396859154996295,1.273441186198248,0.8784758926697508
CI,NCH,HH,2.613046702702379,3.237871127130122,3.392838953684971,2.868478682250382,2.7587920648486,2.177690886007999,1.919042222386914,1.629838659494433,1.226762187012008,1.180146087851296,1.40486847861767,1.402367641208598,1.438459356344473,1.550163581926434,1.643789176238617,1.429546561364406,1.371838704956957,1.205808423250797,1.114284786587729,1.332172620223422,1.526591383994531,1.137029791893877,1.120825731812257,0.8246203396593641,1.347970042723702,1.917205306125523,1.178087939583012,1.085367647450637,1.101111007501354,0.9683410763152502,0.7684613166587401,0.7485915165631476,1.526819070729339,0.8803718573237463
CI,NEE2,HH,0.8018883281446769,0.7212345293314116,0.7576226746678889,0.8444326819715268,0.7101066913841649,0.805223039781885,0.8821488623536652,0.8805737206435427,0.8680420250551409,1.018508371985379,1.110861053865842,1.805065771581604,2.647390858823943,3.606655902244172,3.497158604754062,3.272963331016078,2.396380244693225,1.645533477629816,0.9005130996217307,0.9623586396203112,1.185329182906002,1.769959137387177,1.422105293470039,0.9856380231499388,0.5689499119701971,0.4986615446448234,0.4660377653559088,0.4374653144517991,0.4755231943659539,0.579350014612059,0.7285986977219797,0.8718031817027194,1.166080385326734,1.052769077214099
CI,NEN,HH,1.428032376756735,1.264567405227429,1.346424682105068,1.498146084458937,1.654078875702454,1.56595804318721,1.349450955435808,1.18167482004198,1.132921337803305,1.245142809422023,1.425145278692972,1.496517925047921,1.564798274559655,1.614790744638932,1.466666336926871,2.116605624936995,2.596153796041742,1.711817908515451,1.534302447366351,1.213543209050038,0.9582660799950375,0.8620202884552666,0.9472418891191832,0.8209151547560155,0.8160637793936184,0.8756621246207149,1.015802257592008,1.110259741945013,1.396468704403421,1.85886192098964,1.733500309968889,1.012833432846837,0.7348365475225922,0.9301063129747638
CI,NJQ,HH,1.252397697805674,1.251366848411892,1.292419219762838,1.14273519925,1.094329704665172,0.9616488263468784,1.215492343354611,1.383322314618843,1.105264622220972,1.197859561955743,0.9712518006208376,1.090073754207556,1.347617025762788,1.573773741668728,1.681645478984095,1.555241633003584,1.572799015651834,1.407270105772427,1.242195253991169,1.234238823397701,1.140994876754779,1.019227607120573,1.012362131315463,1.129535302290507,1.310715114582949,1.33610003118239,1.255581153247685,1.104197064748171,0.9455426040388129,0.8851204757427032,0.9586832582733792,0.6607414155657755,1.039402509208984,1.006315241544915
CI,NOT,HN,0.954752491136065,0.987904024214824,1.477927817613112,1.683204887242144,1.543823955247366,1.338161591982671,1.105643157765749,0.9806028534111664,1.00045690757826,0.959502646354678,0.9167611005254974,0.9477887389914332,0.9179882601692674,0.9304038484680184,0.9746375302591608,1.032692291291166,1.043165169345225,1.086290485021455,1.198155572859714,1.289872319750608,1.133592653803333,0.8477421103790426,0.7404472345791617,0.6563347325787712,0.5780744508467613,0.5987716557176312,0.5328188580450757,0.4969354872987489,0.5447586297748891,0.5131038008632512,0.5369626503485189,0.4194577583732503,0.4440051834922344,0.8001553951069307
CI,NPN,HN,0.9680337365503358,0.9978774877861144,0.9582542861949888,1.017741409960866,0.970157323958546,0.980960965177004,0.9324766742035284,0.9680524986897852,0.9149130986606104,0.9248816450241668,0.9341214323687372,0.9255138994875456,0.9258315308352774,0.9477345273974364,0.944572992197506,0.9355747112860976,0.9707082599018744,0.9529350873947022,0.9353693686899812,0.8983438358556696,0.8747445592265075,0.8950734796898908,0.8914827676278428,0.891600371830091,0.90374815435297,0.9142219185424844,0.9708449081752234,0.9832724091010758,1.022694599263296,1.025091316913885,1.026210683899444,1.126321988769793,1.298895535842105,0.9410500934342606
CI,OCP,HH,1.861990229984509,1.252817896713261,1.355666552088104,1.896468328825874,2.278932177774592,1.888229687197225,1.007691651242368,0.9727207322201112,1.268567104170557,1.317896619174964,1.408799536057938,1.636997797807876,1.602680633924612,1.331360608908403,1.298004544162919,1.159904202012031,1.276662410787933,1.197054904661756,1.321749412995634,1.335128704003193,1.326575622025523,1.380979844359067,1.264227545752472,1.137721229091561,1.178463996272168,1.117678275656157,1.146170595941163,1.049908347414535,1.17931633606621,0.815200028075828,0.8399806700867323,1.166525275907364,1.676224501464806,1.04196582867276
CI,OLI,HH,1.633857141997363,1.575289882847665,1.266935813510851,1.235607754419188,1.093524311718908,1.254838415567403,1.153751939107993,1.113988734256009,1.30023040570818,1.397797677073002,1.174963326931175,1.104188880892306,1.124951085241207,1.258874783948554,1.351336738221951,1.407006812854179,1.350456324463638,1.519988787915332,1.447562473534003,1.601808389823656,1.691965063191673,1.926875257163539,1.070464885920809,1.299939954341433,1.302676997165967,1.156307741723975,1.149485257807576,0.995576308017938,1.029549634628381,1.118970874328593,0.7927464225368979,0.883498990511248,0.6259741488842975,0.8117689708386491
CI,OSI,HH,0.99164332830239,1.027202786644383,0.9314110314628136,0.9601115801421296,0.9988581877388354,0.9398762828836776,1.013363426928399,0.9574114812645574,0.9756168253626656,0.937624662975286,1.105110968950935,1.021706081777094,0.9756028139262182,0.8982480195786501,0.8579706167626199,0.9402672851233124,1.086462558352545,0.9493506868019734,0.5396566720831807,0.488124936320781,0.5432800799448482,0.6637247406377216,0.9033851423714748,0.8849013860021702,0.8410820011058497,0.8662906159910334,0.8250217335539297,1.046962116148951,0.996320357462781,1.132168001118618,1.112884846544084,1.181083897063811,1.145782539286937,1.102293441424807
CI,PALA,HH,0.9455045526183956,0.8768163124974558,1.01215549294623,1.018866093783722,0.9567899758544266,0.989027373075126,0.85272302082259,0.9285019790971808,0.8879095235258362,0.9499477759184818,1.234154881249952,1.353734157761659,1.081790869457619,1.262220655104753,1.383833573528215,1.406154065537051,1.608441150843214,1.93410629473598,1.822516944641939,1.907381218277165,1.708781832828163,1.500553076826594,1.2418403533056,1.339136641151642,1.192106081802547,1.017492557316436,0.9035227470088976,0.8165205268547109,0.6416064265961108,0.6698490693017692,0.7767671211642921,0.8005446107196671,1.143613921789642,0.991562645235878
CI,PASC,HH,1.000969357701343,0.9601345488988852,0.9375663992433256,0.8993977942788778,0.8210378355361694,0.8054972821708798,0.8584275584174734,0.8349603690221578,0.9078445875174872,0.8853031274067367,0.9792593650093462,0.897420061910282,1.033150347805484,1.078342064512809,1.108360519830152,1.119447610533006,0.987540945255864,0.8319574490083917,0.9477741272822074,1.222860344166691,1.094740875286711,0.9742463762696846,1.420663499431689,1.291689531564635,1.132740476020415,1.174946938522018,1.148112181429516,1.18700696358007,1.183596319937296,0.8714383236649333,0.713956230600795,0.6854557224819469,0.7401403262564599,0.916075080394645
CI,PDE,HH,1.374238488743391,1.406284684568947,1.488355654839077,1.487167120478261,1.221949077958792,1.205048366205988,1.307033900991561,1.382559424361222,1.331757144065554,1.397043977682705,1.383657898729604,1.478608488612185,1.819747833209955,2.343021473727549,2.474500271360925,2.616793561354198,3.526217958564165,3.34791396194762,2.541805351702089,2.817953096469902,1.790010949718758,0.7885551252993758,0.5157582974292255,0.6273657908592923,0.6400697068776436,0.7287094707458962,0.8937748348379421,0.7200952264700219,0.7277277218206056,0.5183170160480055,0.6360101008110134,0.741329428430463,0.8275257313824419,0.925370913245082
CI,PDM,HH,0.7664490147907567,0.7448970101914815,0.7935011705762888,0.8462795283861999,0.7327161066135598,0.9116429771745316,0.9182770648550074,0.8786175806883313,0.7103975133071211,0.6667915894076057,0.6595311597825835,0.6851077695532275,0.7927861797259892,0.9540615531394856,1.241481134304257,1.146311926645423,1.783218629677075,1.769787309662267,1.415584711188657,1.505597458125987,1.347777713676977,1.524389887379358,0.8807077686223155,0.7363098696843168,2.366079538181196,1.750695218670521,1.20115271815796,0.958835205416259,0.7790548807385517,1.039638375338291,1.035833157447201,1.198972551319525,1.006833268684671,1.017236872375144
CI,PDR,HH,3.041676394197783,3.751400980370446,5.071096846702837,3.388111542002151,2.346814297455536,1.635058585900468,1.233052991954309,1.223643783698043,1.220922588169282,1.124624151697765,0.8176313319089963,0.647412512032487,0.586798696409193,0.6533030230848695,0.656900249816008,0.7487843927991722,0.8372453315029463,1.117888501369404,1.098088275074767,1.214767603864866,1.209032933238829,0.9994392141840795,0.9654135927001728,1.024403501555487,0.9392948696796232,0.9659856116029062,0.8984970507405982,0.821994600172703,0.8784786484092469,0.8110244434621157,1.021239459735428,0.9663823146955516,1.019348594081663,0.9036371417958728
CI,PDW,HN,1.639314525786645,1.44718226267303,1.27148028671866,1.152092219964233,1.151112235171372,1.173481798466525,1.10078317987697,1.064855639532014,1.060756994283517,1.011858906123611,1.009733369796787,0.9601713460642294,0.9270483770730388,0.957270324271164,0.967877203397322,1.020133179552652,0.974845962190045,1.068364953138524,1.03377876374702,1.07198346844356,1.096119306548666,0.9632880551116624,0.796743390047718,0.6359323297216162,0.6407850771327406,0.6870932820722468,0.543672137567113,0.4982670998154332,0.4213972430890853,0.2492448262740991,0.2114570595808601,0.3354527527531589,0.344184438693093,0.8924789716201056
CI,PEM,HH,0.9527470152308708,1.028711701248535,1.038220876926414,1.195190878339004,1.075273675756205,1.001659982236106,0.977130734250403,1.012726239303626,1.220899719368806,1.2954543625312,1.133673166368414,1.512317932047418,1.861206763140546,1.668193121940328,1.41542897553292,1.388503671919708,1.933872702571754,2.445848859151626,3.278805052035504,2.747945749787846,2.396595011485505,1.603955069758343,1.060596239381596,0.7421038473880993,0.8184265685128297,0.8327453687499752,0.7413831473900118,0.7933037050836999,0.9022589816878988,0.8167790455121187,0.8793346076060534,0.8352415627022052,0.7342571641741797,0.9250300383866252
CI,PER,HH,0.9199408833230082,0.908518236581653,0.8088401244372916,0.8444449513692319,0.8419900342688695,0.8877096204722196,0.847463127762442,0.8387100475099475,0.8235043018896965,0.7766954701971599,0.9155895969664882,1.353560918041143,3.911837398651007,2.078841265276171,1.586262757941714,1.500680076265231,1.618972865688929,1.860162126183807,2.081924309652348,2.166789250496601,1.744349836860514,2.602942295634023,3.582786713051659,7.913500067497701,7.152661558264245,1.326444576816857,1.407301254755588,1.642929634096631,0.9220511253074908,0.8562129500107105,0.7522336501561133,0.7108458886686297,0.7303864109840732,0.7624667823340736
CI,PGA,HH,1.050851922718337,0.9870180549722588,1.083895786677507,1.28353884997718,1.23751422496474,1.402718919713674,1.652321229594092,2.307867281238908,3.154022257535381,2.358016179777657,1.824856449713183,1.339685442104462,1.603085971707833,1.870804626361844,2.074001191452971,1.737322416801493,2.176080320236752,2.682298637738619,2.061121437690796,1.743521651928682,1.090335840079663,0.8306635430971839,0.6988446209018165,0.5774533956065272,0.5269946843800837,0.4684561285558419,0.4637293381479102,0.5138574423252805,0.5399272571716696,0.6973421746524235,0.8870264360201819,1.17178050632846,0.8245296005286099,0.9468350647520948
CI,PHL,HH,1.221018444190022,1.19824250674516,1.196913219813464,1.159518956688716,1.236988268089067,1.185092009204528,1.15302198458084,1.155652685100634,1.136430749279136,1.080895995589723,1.153260500051097,1.082284428313307,1.110297825785362,1.103783016093544,1.119260338398237,1.088934277533858,1.089409837752799,1.092249482714113,1.103099682327701,1.088249079016034,1.085784420162897,1.093008315865288,1.088506787305581,1.086196911488654,1.081513341375224,1.078134498084632,1.074169065570362,1.084891849493049,1.073978922230709,1.082529251146981,1.076865540049379,1.076874482977148,1.085116631471613,1.084349184014475
CI,PLM,HH,1.251755444966352,1.074368141971511,0.986072733321764,1.164161986991044,0.97596079524807,0.970161694860626,0.9749780802465764,1.000298337789374,1.114935872577032,0.980762332277784,0.9622174778799713,1.286949722043911,1.369125758908563,1.210409268637538,1.166892943930702,1.182463038417997,1.389975469782396,1.485274530410251,1.421461390650618,1.29896551161993,1.277964578001761,1.043358124235684,1.076756247471793,1.190453263040014,0.8115514494200392,1.036726518147449,1.403002584035101,1.543616599001407,2.103854037347721,1.188260801616471,1.114991021000718,0.7228010804575945,1.100036195472432,0.9316250188810818
CI,PLR,HH,1.468875119748331,1.543466843750289,1.537986077658081,1.94036914752518,1.571431995832102,1.571439099571677,1.532633797741626,1.400912293093617,1.342072869599094,1.249003216103531,1.136890752802216,1.063755336336142,1.384836439632392,1.314805375521613,1.239846672708074,1.214204292798668,1.349025357544525,1.367520225513743,1.229055080182613,1.185166913074275,1.052251574714859,0.7910629318483754,0.7886317500163572,0.7719356900131321,0.7113576715939678,0.691669498974742,1.101961615195607,0.8471855099700245,0.9871091287102008,0.926900476649484,1.037035265416231,0.8793167003536457,1.083086266790508,0.9440887607721896
CI,PMD,HH,0.7041159632672996,0.7097979667956702,0.6894964750614876,0.6631897443220465,0.6095857170405435,0.7517320723005863,0.7248627872066952,0.6479803776467128,0.7135927178835926,0.7641682644223196,0.6902438569948434,0.7640186901602944,0.7599310836025854,0.9110888475125558,0.9177232367286996,0.9099766780996148,0.9596219408503364,0.9988208605837688,1.17889936544191,1.188846196238968,1.290019839402612,1.360590761656673,1.197561955444881,1.189294595371768,1.273799518091162,1.136040919695601,0.8691356538202643,0.8575653146559523,1.184426184128039,1.274547406963499,1.293094519621461,1.497337793627619,1.424725223426223,1.020401622027261
CI,POB2,HH,0.8229805198040868,0.877459702707749,0.7602400149033222,0.8537524421426821,0.9509855335689872,0.8095150461863841,0.818268024475437,0.8881291462668917,0.9988812490537072,1.135575443867999,1.265409749548255,1.260287723345285,1.340605787764679,1.733792355889302,2.191483576595452,2.268003885565045,2.513409708996836,2.620121209984005,2.840785103028314,2.104454860198004,1.863943773981908,1.849010250770672,1.352172676173888,1.282239091149273,1.099363702636126,0.9805053065824788,1.059993581826576,0.9158839687175612,0.8177939582126643,1.056760229938214,1.434795678014457,1.103079199701648,0.6522734326091049,0.8566862920511046
CI,POP,HH,1.012854566300728,1.002037999604456,1.002366460992154,1.074076018429317,1.099106719532526,1.140095401853709,1.173364465027157,1.048263091684503,0.8332181144076571,0.8024836654906988,0.9735524908878078,0.9954642597486962,1.003358398079605,1.934400260712604,1.287598565393985,1.978480362828205,1.782134743279739,2.151549419938002,3.679126295870125,2.414055115375315,0.9815131887196474,0.6353067542260702,0.6452572821802379,0.7161053012604429,0.7188718974904218,0.7322912362326902,0.7510703389984124,0.7194618360418596,1.002407353912747,1.130719383111074,1.005459843449205,1.066140724435835,1.022311664779741,0.9369123067809292
CI,PSR,HH,1.015355227397122,1.108002018527883,1.298497874801239,1.351871331604946,1.148652899943049,1.296620558267206,1.36854975095601,1.389111757818502,1.234643889570409,1.202260758183599,1.182555354990952,1.301326380376773,1.194373827800191,1.103932838654052,1.121839130737002,1.050063791712551,0.9799152995274428,1.08430702754989,0.9495955924412212,0.8538782247886624,1.047409296150028,0.9546092910990818,0.9814041040482772,0.9092808568021982,1.126615699195328,0.7430761536256336,0.6441604376204714,0.9936982554313996,0.9293623898212104,0.4671459895510704,1.015976979915699,1.0377876144143,1.181492399186052,1.057927387025248
CI,PTD,HH,2.003672630348706,1.422913667819766,1.412706941987523,1.788280232456128,1.06385482882306,1.229542817551262,1.344091626444937,1.634851168421935,1.717057967529357,2.574264922511405,2.425066843413322,2.301423444583314,1.982808188110804,1.671163994125158,1.337951005025207,1.42141754299662,1.525756598801255,1.547178349237152,1.638526758308874,1.90491168101965,1.16793304789406,1.033294782748801,1.073629704015603,1.295577187857342,1.460716003588421,1.25301096520029,1.640289775283305,1.708236677138549,1.598268198614099,0.9896389085994058,0.7413589819678947,0.6726788588094453,0.6281556126915873,0.7695918351255574
CI,PUT,HH,1.00480923134512,0.9119260105046898,0.9268645637387224,1.004997441596056,1.02392296713566,1.248864031580084,1.411186727851683,1.691251587026482,2.071013577582625,2.677783473125124,2.96208339873612,2.29036627574107,1.568917691103038,1.167649429154282,1.003001704695582,1.11671821224732,1.117381830139459,1.064311731874955,0.8564607428582416,0.8469117153151636,0.8294151046800116,0.8454579139397315,0.8511970684901783,0.8366321173033301,0.8949947009285194,0.8855456504562699,0.9983812207304018,1.097651021647845,1.201516660490721,1.218653244959767,1.199392848094558,1.050515508110405,1.110302537802765,1.156193918557168
CI,PZA,HH,1.570664652829259,0.8947606010539403,0.9537474273295172,0.8456126754640892,0.909669402767866,0.8246787861503021,0.907517560503052,0.8115207127108675,0.868029335810571,0.9096791303069712,0.8910720471361769,0.7636860784565418,0.7334222633210489,0.7619372098991813,0.7960972810096265,0.9277012489841768,0.9666927429448844,1.028864705431937,1.009209304296178,1.026091662480966,1.04190871824127,1.018261269999747,0.993165614991038,0.991451596144098,0.5374630826075669,0.8875561957579579,0.9648203307503876,0.950013188506372,1.035125668444086,0.995594025388964,0.948082052857708,0.8842158667955865,0.7192082582994554,0.8627114769628594
CI,QAD,HH,1.238333398084028,1.410271161143799,1.591417572504006,1.629707372923693,1.560992115309287,1.828700883974803,1.63292420927383,1.92961724803913,1.768264552932462,1.660669821046083,1.48913534909071,1.346611340387783,1.521169118497592,1.237102262140493,0.9701594694595056,0.7812975813365408,0.7297394505909234,0.917920434090062,0.8893132483797498,0.9092809858401364,0.9203153376488912,0.9403505069989038,1.017622498937672,1.198374773341654,0.9943296073487312,0.9633835112664187,0.8419546054652408,0.803872255031849,0.9717967072544902,0.976652520848528,0.9217848971240106,1.153291178550213,1.313595883114169,1.022914780533565
CI,QLC,HH,1.038211647560238,0.9947880679906376,1.166803218888683,1.281721059187143,1.557494532285397,1.764874596200142,1.97933841554331,1.875459634718434,1.515468558513321,1.253221909819223,1.152718361336677,1.153270874040187,1.500908520235511,1.331170591890221,1.415771528755744,1.503169600160412,1.46503730372943,1.482151366594531,1.438755296475273,1.515015686705082,1.573460663896312,1.465750010865284,1.155934926452064,0.9271042719339396,0.9368926723295328,0.9017597360828028,0.8801871711155163,0.8876984358658662,0.892996385719683,0.5861625309655528,0.7601931233198961,0.7401939197455537,0.7339079335499521,0.9104348322010882
CI,RAG,HH,0.9465217697514812,0.8345609958467752,0.9941051658127692,0.9275452663014142,0.8557598764911613,0.9132032068586912,0.9049744387926448,0.8380161637094953,0.8418926166342513,0.9788805183947256,0.8519561278815317,0.9301592829069022,1.208860050568282,1.415955853792839,1.401438780957667,1.420919874709625,1.353776098848755,1.516170064431408,1.636969620365501,1.662004350951136,1.469040660233982,1.315984122603016,1.493909888116877,1.522010650339052,1.152438142482217,1.291816815616353,1.236413937804225,1.192268861990768,1.071447141569061,1.121114260245421,1.053628804521644,0.9785335109997478,1.185758438380423,0.936437564351013
CI,RCR,HH,1.058146332325949,1.084243304928709,1.09950460456348,1.023595069958672,0.907424717877056,0.9239573780053184,0.9590497221088464,0.9990967650742902,1.095783553192625,1.112513384925186,1.062791694940082,1.214924547985223,1.257013213715045,1.381780992426564,1.521842455186713,1.390339870437156,1.397075860785034,1.43528585719716,1.434883012995937,1.288526460344211,1.260504361033606,1.16681296965909,1.231477284453889,1.064211929647081,1.016708767702019,1.154836701696492,1.081984241136959,1.192419210918219,1.087840170749846,1.029227574493218,0.9442913709505916,0.8813318471525458,0.90501338654299,0.9280728786533464
CI,RCT,HN,0.9805692962714212,0.926696546959709,0.9951614278710128,0.9971069663111491,0.9314380093588228,0.9800622426184248,1.303501634476109,1.07591871530644,1.000808997317274,0.9640198284691176,0.9279541370405048,0.9636147788962725,0.953668429684804,0.965669493828704,0.9456646306740982,0.9493209392126082,0.9731753250356632,0.9598651924505416,0.9845461966317146,1.085941271853725,1.069941213293771,1.088768711593467,0.9610880452165428,0.8101761859116267,0.8346410995544596,0.6869709109703124,0.5480281298803223,0.6840237051010759,0.8208939062811967,0.7689637627864746,0.7873249101195494,0.8149489846119194,1.256026139587987,0.9233467738820548
CI,RHC2,HH,1.770564217082026,2.028899555916523,1.574674315464944,1.552595340052608,1.466287239836265,1.524765719991998,1.460169962583336,1.305759451273436,1.094238864736719,1.501450371872433,1.592780516796738,1.692161693913442,1.635172043408995,1.818999425645989,1.611206398616002,1.722160371904928,1.811178599492563,1.923862848752667,1.439057558230336,1.45123515221361,1.408303827713403,1.55400339525193,1.349399180716278,1.037959704156567,1.206337745522693,1.31922575441898,1.062172740140872,0.7901290618205872,0.6383971065434535,0.6559476413320329,0.9173695853616648,0.8128046730587117,0.8095616002687765,0.933549411293202
CI,RHR,HH,0.6589481030796958,0.5691678699503775,0.5081317023963065,0.5613683425879733,0.5667585991226977,0.5515324300923731,0.5210294798609474,0.528357462512686,0.5836093030112889,0.6083326474338695,0.6427253672695699,0.6261900851915738,0.6736197614497903,0.7615543937320024,0.8119514188157,0.8976548612487844,0.7905510487895997,0.9307221640006932,0.8689754006018905,0.7995754167045117,0.8260493734732032,0.915549857778379,0.9766775372191848,1.117214143566549,1.103990278963985,0.8664128536910958,0.549238943113721,0.8364988797323172,0.7621895091162246,0.7627710763321853,0.7275297419537813,0.7942247388808277,0.653194649473962,0.9175768004573072
CI,RIN,HH,1.68044251716243,1.536317957312688,1.441942597326226,1.330772574593727,1.239536082787912,1.210405982615095,1.293269830248862,1.430474704466053,1.304753010729347,1.180001543801153,1.098696635728279,1.223773578955482,1.305641082587692,1.082536550304537,1.1099488104347,1.219294902313047,1.286007151916505,1.568829754482727,1.346576786185998,1.469432631937821,1.536034147525617,1.897621154813151,1.548147096858576,1.508990246882469,1.51496040116394,1.183474627085455,0.9960991919300582,0.7833266494993409,0.7182531942795946,0.8603732768989723,1.121015762166381,1.461042193171051,2.280518016266087,2.308742447288328
CI,RIO,HH,1.746265445075792,1.818814302207596,2.146332147826569,1.607316956159056,1.010126551457069,1.001185160946284,1.113981469110855,1.246485305851765,1.305775977927103,1.025753038603016,1.317423702086762,1.258543646884325,1.378283897891613,1.404614431118163,1.116527909616459,0.935403585563194,0.6302929312870547,0.6047907427416046,0.6318283994097572,0.6454972777927069,0.6396252035659074,0.6740073177997685,0.7274628311779406,0.9182509295459064,0.94517645288663,0.880394418940445,1.03485485144469,1.236404810676232,1.313201946463989,1.136273857342502,0.93713344047453,1.011321649480169,1.06384457462903,1.08225484670814
CI,RKMO,HH,1.090021518937942,1.012388016170074,1.077747266677222,1.193407581739381,1.096520249418706,1.275256692657264,1.357312859843068,1.477055390025997,1.321830382405313,1.279172074938374,1.012920912880626,1.199427043331289,1.368800887001404,1.627563141924535,1.561695712147343,1.895892559409085,2.297368666332802,2.397040536619896,2.352558476196186,2.089865372086528,1.976803543129309,1.548323924392064,1.271517765796623,1.08211111929772,1.011791153765432,0.9709819583887608,0.9767418149418392,0.9939631132326716,0.9234825106786032,0.8902299879447542,0.7778212349276068,0.9415069394071288,1.092042361138799,0.946913420601814
CI,RPV,HH,1.310540395288514,1.189855118750638,1.1712377832467,1.187364120132515,1.063927756874896,1.414588366361845,1.368518864884907,1.552651392272277,1.556554020078093,1.761096627798068,1.582415896169459,1.496522493584748,1.169786640696184,1.041278991401746,1.127913362478206,1.163770939552234,1.107515566379107,0.996095251074492,1.272908891858791,1.583395606308751,2.011417301741015,2.155917015379614,1.90013199105389,1.233499749307447,0.7730903016232334,0.7241578276199649,0.6682986352344585,0.931182655506873,0.8732369542728771,0.864859199665837,1.039329669170421,1.274362073461355,0.8956386290453507,0.918560001310475
CI,RRC,HH,1.570145704788932,1.032473244416859,1.247762369810388,1.306530447860947,1.214910679472215,1.263442955558749,1.470581135750725,1.703785072363443,2.123538958404802,1.961569573717914,1.515454266991661,0.8137328561819254,0.8209422964844696,0.7636792474914922,1.045572959902762,0.723953239146517,1.038912037634412,0.6025460452509832,0.7499694149131534,0.8695405818919357,1.057126730421287,1.149247118530393,1.100047924473685,1.136050434056906,1.394041812395099,2.170149927657788,2.716620681516128,2.801719140530194,1.752344775901126,0.623102747113049,0.4101266433434267,0.5143005409707113,0.7408802974131962,0.8905400685457239
CI,RRX,HH,0.9504238245988346,0.9642147229794776,1.081120721545427,1.335695001205139,1.296463021423454,1.565693117956354,1.784277582850399,1.741077383968645,1.951353941272001,2.044166375412261,1.693451483926274,1.572336287539301,2.139772698613178,1.854191851044912,1.11408935923988,1.334103443217352,1.724860007094462,1.351432694911177,1.268048218963894,0.9868380484677082,0.9498006409579388,0.8811587868309975,0.6143642496536528,0.6288293922967776,0.7099606899746407,0.648157102751416,0.7207782892929262,0.6067982148002119,0.7041005498960761,0.6617552463953142,0.5217489401889791,0.7758059337247896,1.249761003825923,1.07010038507544
CI,RSB,HN,0.3749289510313135,0.3890952902924383,0.4480710540293141,0.4071179667804021,0.3773486626236939,0.3735029992879796,0.3779164432300084,0.3737892839017154,0.3609484140961164,0.3863521799076785,0.3618117894973277,0.371713050931023,0.4022362186769928,0.4034352763024946,0.4203371078077993,0.5697731290968823,0.9257492442584336,1.917866549596099,1.840494718151204,1.156877078267006,1.217966641383074,1.657675925035428,1.989056488874805,1.659347327293799,1.532086230112864,1.507924039659875,1.676070963980401,1.782301169139988,2.014319936750962,1.523494868673216,1.447670331985303,1.3754654031307,1.562967538296849,1.503103733938528
CI,RSI,HH,1.466387794057515,1.423690498034055,1.423948537870926,1.510154843339803,1.636125679288191,1.937180124016348,2.004209389776083,1.867530435810339,1.577582853698476,1.326171595110273,1.286039876711155,1.19304028288403,1.23899753055901,1.381847100593614,1.639159257310939,1.66460074108114,1.506278159036178,1.432104966589889,1.415804037604069,1.351260586618926,1.187372953674473,0.975463934440752,0.6782102507682142,0.5113648811164394,0.6048535337552433,0.6265873568759339,0.6354819125171431,0.5618032533088181,0.5639960702735891,0.3975036256713433,0.5349258150751821,0.3829246799176773,0.6807935444738803,0.9085225411278376
CI,RSS,HH,0.5730544148337413,0.6635942175617928,0.6983468017295789,0.7143222130888778,0.7476785938913775,0.7450248592992396,0.8133538993928702,0.8527993689554446,0.8319667992568767,0.929159766043946,0.935212046126406,0.9832761332028948,1.077108265517705,1.147863093479639,1.424719140081389,2.316271415830101,4.156904597018764,4.322087219278155,2.349646593167684,0.9794598454838556,0.8225328264182474,0.9223161777257776,0.8865325665531,0.6344928308654918,0.6481281486859931,0.7119198602279013,0.5399214241688434,0.7020523870621652,0.5121315687463991,0.496096967228208,0.5084148276623086,0.6745949766474656,0.8647156867976292,1.072444667672779
CI,RUN,HH,0.9617176883338818,1.015439676017141,1.199332858989704,1.204247471766202,1.356287601199249,1.797691899960451,1.818907947535207,2.049969454121024,2.276487215903085,1.658387180159733,1.778705772636729,1.080209757813367,0.9363665410478688,0.8246537765753577,0.6069186729152513,1.0958010839518,0.9093119010197706,1.147648439253141,1.352528951412205,1.155908528547305,0.94624297738583,1.129640824898586,1.174056027846937,0.8374880413394084,0.7696450216711861,0.5428576081492587,0.4478271251338033,0.4069149174516857,0.4061323635037022,0.3717965690757289,0.3595792082560393,0.3658161239972734,0.3444920397461149,0.4254372641991618
CI,RUS,HH,1.630059782637068,1.787277811915155,1.915348644755112,1.903935398864164,1.827350712741471,1.746272457164021,1.528373611350387,1.336564870263151,1.50845645665458,1.507201005006118,1.364974525477656,1.293218168853546,1.364954567306697,1.462122950511633,1.235389003255355,1.14083968787294,1.264949735821059,1.169843909182008,1.156573780625892,0.9981760425818176,1.231031078098165,1.716370119990013,2.016842415480884,1.680525819737537,1.4263939707801,0.9614994079537306,1.256524098741041,1.038367173552016,0.9481897912186928,0.9143311881386982,0.9829608322321745,0.9230430896374264,0.9406883133724268,0.8467890552727864
CI,RXH,HH,1.773852358969878,1.770620818344364,1.801243455186763,2.101428417746803,1.91224823637854,2.406927204252092,2.564010519229226,1.77190441921843,2.063153471536618,2.59296178515261,2.753221615273557,2.275010853311424,1.429938744446659,0.5722336281785397,0.4580192208381944,0.5391627439750275,0.4560492094333791,0.98221889916315,1.14196817580109,1.850438826022194,2.857773140087123,1.877942557179208,1.932857428156103,1.213991867202256,1.010745498514584,0.7856509017500133,1.129539524865367,1.199037400109033,1.12187816731235,1.343355856391421,1.597079987501122,2.005302539198857,1.74109899088579,1.114173296282942
CI,RYS,HH,1.108269785973691,1.388208128360136,1.129715586710665,1.246692116208494,1.114847049938658,1.131960502188347,1.466861270002012,1.167141132852646,1.356744240359469,1.241373166378541,1.069554367344706,0.9859286922021332,0.9436521611667944,1.024523762631125,1.128249412557373,1.089306318560042,1.289590389656873,1.56905676681716,1.774365182363161,1.947762157844666,2.209419023583983,2.123379899936044,2.145912816422212,1.750940170833082,1.62355287728362,0.6055576578344103,1.242533262828441,1.901495578036828,1.198795554741148,1.079200191674576,0.8507450369646795,0.7608185796933933,0.636391225145136,0.7998671733651643
CI,SBB2,HH,0.8267357994360994,0.7939952602262582,0.7589190728218776,0.7851514617044102,0.7394819204137304,0.8185974646897864,0.8190229893999759,0.7964752675336304,0.7792867102576473,0.8387385755269169,0.8914582098287018,0.7743623305623465,0.790455662376164,0.8401648859698627,0.843057954550746,0.9190046401094222,0.955754562505086,0.945680031290326,0.9750054526095112,1.008684662982429,1.021848318609551,1.058733223668852,1.144286157237769,1.149379428921105,1.235396340113474,1.156617132222158,1.21345345643154,1.233408121682115,1.053649904564796,0.6901031799006416,0.7164287997514573,0.86369760844493,1.160409050041662,1.072053028607473
CI,SBC,HH,1.64499015509573,1.473386599283996,1.591608836418061,1.564145900895759,1.436128771972321,1.411919408127954,1.579944224479303,1.467807840477987,1.18729904110347,1.151612231377806,1.154575546966618,1.244411707928688,1.172269908024488,1.039817306461836,0.9542332136605092,0.9729006937985856,1.004075580202989,0.9573292049872218,0.9484549461108078,0.9210099808011656,0.7201145565825957,0.9525661140872934,0.8272929707904926,0.766319066259238,0.8337023545626796,0.8436068452972738,0.9319730726988412,1.038015259202604,1.123207268945954,1.16588555651282,0.8044702570991862,1.121317918640922,1.681397758816174,1.263716961382993
CI,SBI,HH,1.40609797468112,1.115052946376333,1.188510716096363,1.039177266285468,0.8846450954402052,0.6688048506197178,0.6378695561109758,0.7111325070530513,0.7703377502772939,0.8411763312157922,0.8804988284671834,0.9009492638168314,0.7981548150603495,0.6978577749160826,0.6125714681064709,0.6418927924938893,0.702254424732736,0.72768193260411,0.8715465352231871,1.034768205725121,1.172433529885999,1.137373394926221,1.284972429935633,1.327761889963263,1.353031834203014,0.9965929050601348,0.9342537476467676,1.300508410231735,1.009293227268944,0.8778346914286269,1.050744484795754,0.9509940297715757,1.076952093231862,0.9066648541042708
CI,SCI2,HH,1.474394200264337,1.45576619504098,1.156413164201993,0.9966406274717576,0.956702943097535,0.8163276315201943,0.8199206580803399,1.057963817093019,1.292345106684794,1.229413259723355,1.49136458740553,1.620692793398468,1.486465637666959,1.509091792502562,2.089940694750566,2.132476043275104,2.448514393493046,2.255390800026234,2.027757962905535,1.920030605641868,1.926773722492606,1.179292960754167,1.84099971850183,2.099563051152014,2.733793893327101,2.362662821121543,1.25355782298471,1.645663790626515,0.904516249354728,0.5381678070689345,0.7326497936912463,0.4687304021205166,0.4046231799729342,0.5772925935812458
CI,SCZ2,HH,1.40799622070175,1.042301364469609,1.107317190142534,1.022801065827341,1.128266384395032,1.454922224607394,1.631115955212615,1.885217431127812,2.13300440641901,2.524303863194981,2.770122761471376,2.832631942682783,2.910279390964819,2.516299197141744,2.795060510042275,2.833974098096249,3.510615942475832,1.933353610916754,1.952315489848112,2.893477979655495,2.493954632658681,1.782799087042536,1.325520345211138,1.433423095073182,1.153871422921029,0.9001727880681164,0.6993222807681976,0.9234491276597392,1.036080230041326,0.8951455833035947,1.122639331937591,0.7451710776558569,1.105753059797877,0.9215988556253047
CI,SDD,HH,1.476417290963573,1.538895106044146,1.744906960992785,1.992089532173785,1.64184074613911,1.92455205442378,2.084945699216642,1.90447769938602,1.429827568396724,1.423488439959229,1.280982862103483,1.16750026300853,1.049771923803668,1.038114116077618,0.9371571731788704,0.7251167827472123,0.6384830895076985,0.6189673035322704,0.6058626598921554,0.5761807504871067,0.6004335020223333,0.7251696909505096,0.7791569322281235,0.8605625928268172,0.7916834783596135,0.6883595649791674,0.6248566256364714,0.6497074302536153,0.6550747464602036,0.5946654465752867,0.5310951670356504,0.5522327571628574,0.7994695522737718,1.034336348367295
CI,SGL,HH,1.103625475854872,1.118969065995294,1.228716352609829,1.06397971264404,0.983032724677964,1.010836810649583,1.181637238926408,1.460081505104592,1.67749421798111,2.238157449350742,2.234590300153738,2.486396110927152,1.721517721128524,1.227626263871663,1.202944303931868,1.804375193228541,2.724878264744756,3.676793064984258,1.774952431238833,1.195494876458672,1.137053673015122,0.5955446803087016,0.6757122553771395,1.035778848317826,0.778268178623098,0.9733099832457296,0.5556943596027499,0.6383616824336971,0.4881620906707437,0.4392099656965559,0.457113314203978,0.4563502313569538,0.5430452378992089,0.846517532716317
CI,SHO,HH,0.9303488216878988,0.9341381839475924,0.9247812119876326,1.084931289612452,1.034993519752555,1.283363476416998,1.351589712466924,1.471018741162035,1.582940193183864,1.817766993307917,2.298363803766474,1.583627134330502,1.174510680149963,1.269933649816811,1.230111562404391,1.212023633544197,1.018437270132035,1.070543823280685,1.075121160763897,1.064594147646511,0.9363127459661764,0.8348762901393071,0.6991156625413685,0.5054882848577805,0.3996652166535769,0.4009131656485314,0.4078924985477899,0.3938759592409546,0.4535392100456761,0.5394449829290329,0.4866792597616408,0.3606424135254237,0.4560924809073695,0.8993719299097036
CI,SHR,HH,0.9140874166366968,0.7139412345182443,0.7272851819561637,0.788905359497432,0.7813994488496382,0.8046157788436328,0.909099661447846,0.9510563405517978,0.929428590609252,0.844941772116407,0.8358572392977184,0.7983493845983914,0.8764000330019712,0.8085786810325394,0.8138498948657426,0.8582470830718516,0.9521666364120775,0.8603159403393799,0.939213625291248,0.9659439146844934,1.024800414754139,0.9820066937571412,0.9972464637397284,1.214646491310319,1.008163609372276,0.919571593810808,0.9542275979646688,0.8970093383395541,0.9145789857670492,0.9119052054497998,0.925621062192884,0.9022222561431116,0.8499831167910852,0.8632665583161768
CI,SHU,HH,0.7999972372874762,0.7686738181946215,0.8646283654569198,0.8729603423956351,0.8330204208330261,0.8609609435223129,0.9329701850310396,0.9549458015007156,1.006443844804825,1.052641567333149,1.253842376005836,1.479516810615577,2.256858350200111,3.814923504344729,3.889851099508162,2.106561334538628,1.077850931954904,1.02998270948139,1.276833393790251,1.063728090873791,1.046028851531691,1.080820327637713,1.061325372526623,1.106948275383401,0.981775659555708,1.058247624137819,0.9820377458307278,0.8939374024216318,0.97689678682751,1.037069138016709,1.248394319948638,1.32224330073288,1.246415690103349,1.121353023678291
CI,SIL,HN,1.421479233697121,1.503055109247537,1.287601358758419,1.325142882359662,1.397093720030688,1.27365909130879,1.279815633467578,1.210426476732635,1.195046609725429,1.129396197689866,1.13268386426799,1.108348606864231,1.10287646316373,1.050206168650021,1.076343230229833,1.036814966643685,1.00815155159972,0.996354245825972,1.015096567138532,1.024407832374658,1.001056360784349,0.98935818477577,0.989176560505942,0.9939214143962092,0.9779731077810512,0.9575392653503596,0.9612361777834434,0.956988834035865,0.9459398589950886,0.9604852145082844,0.9821119857047116,1.026846871280758,1.120194214018494,0.9337241246215308
CI,SIO,HN,0.8877440176277313,1.034406218450389,1.054943043220783,1.060919972244516,1.131489917146657,1.039946673221307,0.9957688697580096,1.000969781390778,1.005427290318691,1.085447454655778,1.223140965984909,1.234974019797879,1.206384849042377,1.284159181627609,1.08989521790452,1.02282407225878,1.005663675844805,0.9462109259687388,0.946403544434332,0.9121030819630064,0.9400817075138224,0.9101212520049522,0.868796133394484,0.7429889362326285,0.6141403736958025,0.5381606960850336,0.4525017912692981,0.3774761451023749,0.333883317544798,0.3523586392673925,0.4112652255238867,0.4141886528791926,0.5019681703709394,1.036506806952111
CI,SLA,HH,1.147418738425129,0.9772526644716496,1.070934091284809,1.18119964382096,1.029040748422981,1.249823782000357,1.180272801764602,1.103395434435622,1.167167295899168,1.415111685864694,1.361924690560785,1.310474369073409,1.501648249482616,1.642977073256418,2.174108270741185,2.506781200055644,2.511560450914719,2.770879881220504,2.197174527799352,2.000951513084952,1.165809375537678,1.024939226789821,1.544913222292206,2.132065339612775,3.165355913707013,2.419012474053962,1.41601372239678,1.446765446570702,1.422053217039128,1.675670934662791,1.034037644702829,1.729822936237286,1.169035928946442,1.246897245842922
CI,SLH,HH,1.204516126711801,1.168647816228351,1.313564101937063,1.516502839920436,1.562727369893784,1.848347610923948,2.1416831527745,2.726475784790435,2.237562407950014,1.909919436849056,1.304440027575659,0.9106004337356954,1.257809664685479,1.46362498145919,1.380428085460857,1.368952566360563,1.24611965312672,1.226100867858872,1.138832237103521,1.095505187703165,1.155278864463578,1.391156690842547,1.748777195207598,1.460943886231169,1.223471103659561,1.072503483156722,1.301075939531558,1.428975121667024,1.372170787497554,0.9830947149387254,1.107829788330385,1.415082023522444,1.202256853451867,0.6936111692591828
CI,SLM,HH,1.239380876186321,1.118804783655638,1.20900464661242,1.253616512562704,1.315326275475722,1.447737432397623,1.459428522147623,1.346981747648872,1.378524170831739,1.312003011137854,1.270101845480157,0.9801271630874092,1.118117951530821,1.27101982960879,1.239059612950684,1.423465686908092,1.558205070402523,1.292335938011063,1.201937129187114,1.353531206176006,1.405436227497705,1.306336674770447,1.229636447216424,1.494372338672673,1.751184489165815,1.501146309483821,1.98567385081918,1.695056881267051,1.160849584282055,1.068818683604983,1.366056897908051,2.20673018262371,2.346386179550504,0.990487736968528
CI,SLR,HH,1.168001579525471,1.088876682405183,1.171928822406886,1.098284090578213,0.987766257980123,0.9306107002817264,0.8442879414365912,0.7621658509863412,0.7972190642281088,0.8499000186620504,1.009341962288212,1.055537888318603,1.142924941367157,1.214978461862989,1.324023430661119,1.220810737640378,1.237396081195335,1.527595250046319,1.332235149995151,1.282714487542599,1.74054799060011,1.434368497731435,1.161492782033045,0.9564168976421716,0.7601298465358484,0.7974828756229833,0.9952477710431288,1.224458576616088,1.109368099067876,0.6738086705199382,0.5488373113719343,0.7041748622260842,1.058307708487761,0.97303719946173
CI,SLV,HH,0.90189704355439,0.7981402479359915,0.915601016253727,0.8926869975873245,0.7329848280206869,0.9252042108213744,0.8960692596998369,1.014791970727433,0.9523210086176864,0.8886591654804828,0.9923799902240524,1.023105636644408,1.050234775437442,1.011891472131299,0.9693275283097448,0.908228792717566,0.9581768742996556,1.020808509610307,0.9848384166421156,1.004371862729562,0.9696332786466232,1.024648910720461,1.037255478314781,0.9986156078731006,1.002505785849784,0.8047874528986981,0.7969927209109083,0.7836851919867411,1.246168383252815,0.9529603600533132,0.6224240572046703,0.6009115729064765,0.6415339076823684,0.9115384722595046
CI,SMF2,HH,2.627918746340153,3.042705870070207,3.773776724725493,2.736518584716012,1.267455280355106,1.164470283170798,1.152662411837769,1.130401113327923,0.9557776508367252,0.92874414657056,0.8210820486320888,0.7097657876630156,0.6351003956984447,0.6804027329729943,0.7627545855238484,0.7336354581070078,0.7778360054497202,0.8671793688443717,0.7803859821959632,0.9670624962346565,1.218516216358662,1.162720991617062,1.002874281563871,0.98647272548144,0.999838410261318,0.962092013230381,0.8860398055396715,1.002928459211208,1.117300875282227,1.126442388157444,0.936847210937149,1.464114911733134,1.570229606250956,0.9821259840312586
CI,SMI,HH,1.155091186175757,1.027212612509913,0.9930010849283972,0.998161685456488,0.963140587126418,0.963700661900162,1.090017382393269,1.156895014980495,1.156843625012673,0.987823402281912,0.9246354898782316,0.7788042602570037,0.7870051824909644,0.7437700390691738,0.6848420006416726,0.7562845355880318,0.7301956470583479,0.7866198168043875,0.8013219206810184,0.9165357639404836,0.8842077430952072,1.00559466202967,1.232859538558648,1.297037298188549,1.061062567558804,1.055493827547809,0.9767382483564756,0.4936780782894979,1.012171335754183,0.9830717346589156,0.8515968724881495,0.821444794067033,0.7845282557238734,0.8085082065136207
CI,SMM,HH,1.008101025205484,1.142613972465752,1.280498766985523,1.236236751251269,1.309437467875133,1.578754978336145,1.455131077825695,1.510149469335799,2.097697048088029,1.96463650159514,2.226032032304889,2.398965751347292,2.848283902291386,2.399820637120646,1.544847410357139,1.142724664084385,0.6885484223077455,0.2566314134811992,0.2890823441893595,0.398985076936185,0.6978706171987937,0.8296283604549687,0.5432610228694893,0.4499231323794806,0.7141467955513149,0.4767947495410486,0.7637391399707403,0.7125351232640148,0.7432450917352479,0.3045761684113998,0.6265826422459116,0.8528336159536809,1.314998428245697,1.148900097679063
CI,SMR,HH,1.000495741051364,1.023486742642242,0.8870717020318105,0.8845786831424431,0.9417257935209477,0.8423649196919025,0.8218718726939387,0.8078025754029977,0.7802601633648957,0.9257166978872898,0.9410379337806256,0.8529859169681392,0.895499415003482,0.9631105652623956,0.989600873830671,0.8899509598869243,0.9322888418189342,0.8699325750054056,1.1328929182368,0.9316828420359174,0.9047640436304752,0.9636959199237104,0.8784662188645848,0.8967225283946199,0.7416009224452873,0.8719576710221526,0.8165690971973057,0.5106938030178803,0.7996088571540753,0.8863793861224092,0.831959720610725,0.8109811742074011,0.6862221495984121,0.8933997945009509
CI,SMS,HH,3.744604321913918,3.520085839730718,4.631143745312635,3.057784113495694,1.522033347091333,1.444176913615745,1.124750575891503,1.049748126981702,0.8268585056920317,0.6946103439225217,0.6040471534371067,0.5923204080349131,0.5859699750126652,0.5982388205424235,0.7129720522950099,0.7513014733755912,0.76648910430854,0.7719992538944845,0.8441515055360205,0.8955152870210399,1.031246723569184,1.093190522383315,0.9065295505937122,0.7355901825687267,0.6458795267438612,0.6307710894738351,0.6392053525931907,0.6307685356046984,0.6174493909023491,0.5182773876294283,0.3489216466184952,0.3951903498449861,0.4032999069144916,0.6587834528525801
CI,SMV,HN,0.9322623612788652,0.9409060107943192,1.016216124885141,1.032210261977327,1.097571930013718,1.079364863872377,1.06126672860517,1.113644707387356,1.069669358621389,1.051280878182145,0.9909119141025968,0.9933892980929242,0.9527629137165706,0.9647249530013908,0.9901714385348384,1.027314540816992,1.035294366830249,1.026410008871871,1.014598898760906,1.048180532454888,0.8478806344086344,0.8318127117730536,0.6660904670925385,0.5764145931774974,0.495069901643326,0.4261568829704725,0.5270601017308659,0.5551424461616777,0.3693849047791103,0.4374187966294741,0.479516628201375,0.6890965448827522,0.4194852541139155,0.8258142314656214
CI,SMW,HH,1.118516027093051,1.146234199413159,1.063747884626791,0.9363731560659562,0.97539258500001,0.9736005554546946,0.9299811667751005,1.02468870400232,1.035950496869805,1.186097534528772,1.139673052987991,1.202334350876851,1.054201061170472,1.027924718625567,1.048897314430646,1.152400016798407,1.289828749735507,1.486400085957319,1.505506770801269,1.719355281349845,1.866729922695077,1.717938070201789,1.195934643908322,0.6733390126289805,0.5388741482642307,0.5669062190595183,0.6458911704078919,0.6206616464531254,0.6825462858714764,0.6742150220580695,0.7797392715112098,0.9015947588824482,1.183994408357609,0.9648413537315964
CI,SNCC,HH,1.629917427485991,1.079130266221612,1.061836667321392,1.112420778119553,1.036856702105623,1.080821525600096,1.113747534291686,1.061687840471252,1.108506504558663,0.9876698029333528,1.026208823805465,0.9313644461749786,0.848144048404309,0.9257400472784952,0.9802495533490884,0.9341940761999212,0.8565098529141139,0.8711274062338642,0.8889635880494704,0.8718380641197332,0.6536863276673958,0.5133429847543663,0.8361864921076597,1.250745157280042,1.412782987431973,1.109655330192715,0.7273108875840183,0.541992526423635,0.7055356426328617,0.6695939660229459,0.4772102256598361,0.7587579271120004,1.120254060708447,1.21744506350614
CI,SNR,HH,6.885024965036182,8.512495781266152,5.101989631582232,4.069889911849234,2.612572290228395,2.111283796019054,1.882948348898364,1.561506879870545,1.415586213015512,1.535625201794611,1.675969762900986,1.516607826622179,1.109686450119434,0.914654565291774,0.9436151410713596,0.9999689424601372,1.087435844341378,1.05191602633171,1.078793258342724,1.0082839220532,1.014489700238089,1.19881754922829,1.008326003653016,0.9969584414231952,1.051863975942289,1.112960887887427,1.064294512722379,1.347840378339447,0.8544331524049094,0.8034634430915155,0.7882855699981408,0.721710398676735,1.1537955453437,0.9706669923803732
CI,SOC,HH,1.392883077146903,1.47035188724263,1.706180529362678,1.790467300013361,1.615598616552101,1.471714144948558,1.606832661838036,1.725439927158288,1.551755661696707,1.078561930315842,0.8432764016938883,0.9985089693168576,0.9945182991472278,0.749477244799602,0.6763078776741248,0.7386750687203051,0.7159514948116869,0.7074532233346373,0.681301623176054,0.7497395394639924,0.5869104849089761,0.6451473275622759,0.6975998046682222,0.6921329083416526,0.8600218366758153,0.9529929839540082,1.039785094028594,0.8638015720918069,0.7677064315812049,0.7050046187549694,0.7596060796415688,0.6597879619943656,0.3838707751702651,0.8425577397457037
CI,SOL2,HH,0.9826409388690546,0.8201929289203003,0.7590103668764168,0.7550779553383725,0.7539871492815011,0.8141769603161582,0.9199302511185664,0.932964899206156,1.035001450629713,1.125961193046075,1.068068584168,1.136584763697843,1.276421660933613,1.41151317203943,1.421015690275752,1.543202211711804,1.741960548243248,1.592357757996008,1.364729284642699,1.322253743403456,1.320030510632856,1.255392440782555,1.021670464724137,0.8847345918396852,0.8374481616353328,0.83079749735624,0.8827887346989465,0.7285737988081105,0.7120237203515718,0.7034182436445042,0.9102489773211996,0.7761574319838185,0.8051439066404117,0.904377962958776
CI,SPF,HH,0.851085766382287,1.010009839878532,1.156435493453687,1.282604416005606,1.032513758299884,1.05424521606243,1.325914998025798,1.153422708760271,1.417237821746072,1.460136670464987,1.386995850314403,1.307776249191805,1.03841675739981,1.14393835873153,1.097416615545623,1.855912603584448,1.802103388999159,2.108564156454945,2.280543772881922,1.743805968545014,1.416846593413214,1.311738388931232,1.581591134144478,1.161953664745503,1.06364940065296,0.6907321486514618,0.5036615036992215,0.5364176731466759,0.4960986992598435,0.5969041025364082,0.8206936492581695,1.00851424350857,1.360095108362385,1.158876210361579
CI,SPG2,HH,0.7548070328998447,0.7069612792020197,0.7048893375949988,0.7633737161513334,0.7449400926693465,0.7554534215547535,0.8207221934459222,0.9398744468715236,0.8103630079907592,0.7668054738447957,0.7193375843151745,0.8080106040351356,0.776926275576149,0.7847851454517122,0.9029967963769728,0.8542810757166901,0.8051902735235036,0.8602273114101606,0.8126651614488737,0.8121082465106924,0.9189327477549624,0.9973366370622024,1.100322918272225,1.161458289769609,1.260138165199877,1.131327852463109,0.748163902807778,0.335762566735882,0.4627429294807746,0.6528141923276647,0.8818711692467942,1.171841178208985,1.611296661018325,0.9402682998305456
CI,SQC,HH,3.873931611063398,2.053538088993794,1.946744680914223,2.313951994673539,2.315944921563573,1.710914632401611,1.24394277405277,0.9530987537177276,0.9672740576625564,0.9006265067445387,0.8832183836157712,0.930404089332264,1.063884938093605,0.9534931962546694,0.9387610781196905,0.940200685426923,1.308169259754691,1.577066376209793,1.885048848126991,1.699594122389841,1.058541661881463,0.8465437379380822,0.9240452956518448,1.043165900197307,1.079753740497279,0.9847119398982476,0.8794881816941671,0.7609789002362831,0.6992400791214868,0.6797103502027445,0.6183679870707125,0.8425273084574354,0.916152119862988,0.6678370624452468
CI,SRA,HH,0.9465461043257004,0.8523607869561501,0.851768365989089,0.8911373039170359,0.8355581239006399,0.9612404937567528,0.8361749137845067,0.83746623583424,0.9119697792463326,0.8089935734733377,0.8817420536170011,0.95596797651582,1.138442587351703,1.233515808277466,1.463232329087854,1.564970806434364,1.753080565428117,1.814683507059704,1.483552478600666,1.713933528602358,1.398850144247597,1.385037003940676,1.542632983892762,1.379279913536169,1.36787530005051,1.215274432138991,1.196912564375264,1.384353941667829,1.854556543636144,2.021407750030965,1.907943042772352,1.301727649634806,1.054277214267068,0.9345915300312106
CI,SRI,HH,1.308435918866969,1.302491996997138,1.15113272570578,1.113214416812437,1.099908511702582,1.19213993887022,1.312469383861221,1.214044675229195,1.252199512499053,1.191167674270389,1.278255026790394,1.432056317062453,1.481315351973674,1.657264881264517,1.531264943767777,2.018132324820502,1.869181700123026,1.715221685946961,1.518921655508064,1.355156143570339,1.492909753028449,1.291481849368191,1.368851233316929,1.044310374766513,1.087871224434722,0.790405752813417,0.8107019742368133,0.5411739837511126,0.5694659986668473,0.4573357203617514,0.4170653801452411,0.5514769017172799,0.7286581932929312,0.7368461054832771
CI,SRN,HH,1.495864357619304,1.489857023839699,1.450125295803589,1.384312241474637,1.69352074769095,1.765160833116292,1.521691091661016,1.236421152725014,1.329073039130301,1.361665799734939,1.481875984310487,1.628087428575229,1.592901967948284,1.667128412270689,1.453483313557236,1.413869110390182,1.327941074351506,1.220724865444439,1.489259090951768,1.675888414200469,1.634912136238953,1.613807999939481,1.388485827329641,1.103184310129163,0.7532122219332917,1.075264595803484,0.9833157590609272,0.719079737011774,0.8987180836190779,1.017485253546641,1.596992125177461,1.269545046515178,1.069048563086736,1.000263817345303
CI,SRT,HH,1.246558911301188,1.947362010627045,2.135440925563436,3.286144521882775,3.632391523550143,3.432968668789792,2.030456606356867,1.892550095504889,1.965912027612652,1.703024407438197,1.634163698092933,1.494036550539019,1.450499366950051,0.8910478853362792,0.84908867390097,0.7060921991007206,0.6010489745240276,0.7044678839917802,0.6544299168877128,0.7090975704187461,0.7089341823345633,0.7492611245181511,0.7018168653463193,0.7310650826741758,0.8282549812543883,0.8529070776388675,0.8343873140784577,1.027146415618468,1.536379031642662,1.346615371289986,1.566668734834491,1.056775206344471,0.7193947065837103,0.6347210803285948
CI,SS3,HH,2.295690279516903,1.361425720733616,1.20013669568665,1.440676804023076,1.259153985619214,1.255806915051898,1.353263681605091,1.196721927400823,1.058059396110904,1.402965345914794,1.184253197788676,1.202858384032362,1.068901699017591,1.090751026416826,1.213114240788828,1.116423464603059,1.161667835835366,1.186753002934766,1.336825037258316,1.1223398709848,1.188552393713523,1.047386139354079,0.3882397986062481,0.9250774571749334,1.078259758532042,1.27434960926899,0.8576547413595654,0.9696582285585276,1.133456682013223,1.333973388380725,1.263414467931983,1.140610372236786,0.922060556025606,0.8033060453238328
CI,SSS,HH,0.7685515914718316,0.8308286716014683,0.7422433244404453,0.7360512288565167,0.7110154937053083,0.7625872495506395,0.7155344906009254,0.6921209341506124,0.8681257026669157,0.6957186214338665,0.784970468453641,1.087321234711724,1.303809993536761,1.450822098629676,0.9013655554905068,0.7743870943659218,0.9622111054302498,1.489145239792492,1.179366102217996,0.9077404927762472,1.011999230374836,0.8322411878209303,0.8403167679317184,0.8228147971748608,0.8608793150118134,1.021897487891584,0.923443386705423,0.8492376685924673,0.7198763430272026,0.7378838927959662,0.5350333850569068,0.4917276897076051,0.6197207224083248,0.9005244360955234
CI,STC,HH,2.153157675440278,2.125961606043114,1.732670963145918,1.659103949654102,1.517254516228065,1.440837624131696,1.244637302699852,1.214777102785777,1.101681843988612,0.9141488361347174,0.8546525246528611,0.9242204290778387,0.878175017691435,0.9758971105067512,1.086695897062089,1.058193401617074,1.050720846698724,1.043621396731008,1.171980843814362,1.279947164410566,1.265659461556675,1.198740844889038,1.167456432840161,1.14907226067842,1.192547543859496,0.6793195430479513,0.9890489994959486,1.013216599746071,1.098160913162626,0.9662881509806736,0.6849229603591149,0.8294897286060618,0.9371132762770858,0.9126996479461488
CI,STG,HH,1.39695036646517,1.313262055220568,1.612996349498546,1.253301727413811,1.222730907720131,1.262607306564147,1.372434150562928,1.135654724901091,1.057375095153397,1.466558750006081,1.536154596833162,1.485147490179899,1.665756036607954,2.018260977268024,2.476283358303179,3.292509805188534,2.973237034243436,2.051932954645943,1.149460420608373,0.7200701427253873,0.8879309827995935,1.010350043346229,0.8586057132174088,1.09351650014473,1.126920922612142,1.164695555210027,1.464434468901534,1.055936409518727,0.924371864703235,0.5158427875336488,0.7050641284672425,0.7841409880793103,0.7401029344131813,0.8791241738490937
CI,STS,HH,3.176913294175284,3.407784530201406,3.953283432705945,2.845666878900269,1.545848493504167,1.250165138440053,1.387038218253643,1.437655215970713,1.987025431959631,3.090045533359301,3.372770429434195,2.6593615548532,1.774509663424601,1.460921949459916,1.604183552559878,1.344059241059224,1.626236293877247,1.42524516664137,1.049775271321828,0.6892100375112283,0.6969923895976348,0.7668958434758962,0.808284502474903,0.5240219719836235,0.3443443003403354,0.2519536231814339,0.1982277927601774,0.1668127787597463,0.1112001029690306,0.1147863397253471,0.1183715619443899,0.14755338954505,0.203973422388853,0.3235166653160038
CI,SVD,HH,1.06881691983999,1.009709811663311,0.9496625182244308,0.987793290632594,0.8953613008154134,0.8331211343930139,0.7349572647283498,0.814634314938908,0.8951510411564374,0.9771887700804004,0.989048163418896,1.064843590111272,1.179331145886716,1.275107433741153,1.341323018048622,1.30286342488572,1.157485591098394,1.398406663635901,1.36954329514617,1.901421213278472,2.056200547506846,3.520986507060434,3.345499946506379,1.595097891826908,0.909293762733006,1.05273574807043,1.206123163974866,1.39389224478453,0.6419395539740209,0.6070206076923533,0.9780695168713884,0.8619762682578194,0.7597923418278382,0.9155041984507248
CI,SWP,HH,0.9587846392477072,0.9816554470796822,1.011307757551476,0.9587185812824986,0.9384492622909038,1.233911626205736,1.219306592887742,1.423435156429711,1.714655006024628,1.927546873053887,2.044607326262823,2.244474782732421,1.434735629587242,0.946590055932305,0.9264260623893454,1.044471935320219,1.242144270231244,1.156747489219211,1.167942540720978,0.9958954018633192,1.119861776996462,1.02315952688431,1.057011611088476,0.9795595783892012,0.7665340405223713,0.7058264818222656,0.8788141901222734,1.089202493947458,1.514184979792737,1.437143890816583,0.8792690698687982,0.6265118072912832,0.6007557614204643,0.9174624964051928
CI,SYN,HH,1.273594432698115,1.770349053234723,2.03911192628039,1.719548992153624,2.046763509189128,2.119296967456475,1.403336709736704,0.9449657983253948,0.8963856410037134,0.8364825872048577,0.847792621859436,0.90470157544936,0.9436346307947864,0.8387411279471554,0.8991132070912332,0.8286654948471666,0.6768619367641237,0.5945372645255961,0.4240558719497279,0.504111829728069,0.5106785256211449,0.61055517688347,0.8541156340652194,0.7937154159433013,0.8712525922317975,0.9773207726606636,0.8720623861672155,0.96997375961115,1.058810127326158,0.9499210892944892,1.330494755443467,2.292169668549496,2.612684430078895,2.142222927861562
CI,SYP,HH,1.284178237411375,1.295257094099883,1.457758611070019,1.549203002471817,1.342149860850947,1.329418925888691,1.508958178096784,1.507696697454445,1.621307167940582,1.685374291669977,1.958307998995742,2.17099712240391,2.825368606783766,3.325500095432903,3.721071123613462,3.54349078119238,3.093528111761803,2.878758396695769,2.650003094218529,1.898737588372182,1.548004492037467,1.521496415381965,1.346068534733824,1.56273001398871,1.695089628083932,1.272037881942071,1.526448952525358,0.8389814264185766,1.052998201213718,1.095311285505006,1.279944931680436,0.8603298762296655,0.7894202510289641,0.6986297448737459
CI,TA2,HH,1.455035955810669,1.060917550337791,0.9951083493247758,1.060778875292104,0.9951235543127472,1.109338396527606,1.172069063286439,1.326726715450817,1.482728966994654,1.819114026982187,1.367431599474606,1.37479368878449,1.453185990267254,1.574895021890604,1.829036974617225,1.490152814401546,1.624651736923247,1.769270419425349,1.997836547098587,1.897017278790561,1.874287915687004,1.507379851781827,1.213292004030811,0.8524635150010017,0.6327158213980382,0.5429705231286608,0.3178000811197706,0.2744709910250668,0.2590893186393579,0.2475680767608333,0.2495820282951342,0.2676025455717188,0.3032116257887025,0.785188209971643
CI,TEH,HH,0.6559451667005758,0.7335776671517047,0.6673412637691641,0.8260447935404736,0.8106884927310892,0.8738860336977028,0.8035400048376369,0.772967715012269,0.9272219435963478,0.9440459106007124,0.8156608684330925,0.8849177772439352,0.9387083859535488,0.8460426374933769,0.8840620948338552,1.253638186501041,0.9341943981585292,0.94041674828735,0.9676989223335218,0.8817288792728394,0.9362662197326168,1.053131351406484,1.045105079880777,1.039414488009483,1.036833712774178,0.8481641458307871,0.9373510544649808,1.097208935055473,1.415755862762803,2.066676799139633,1.27892300629785,0.9417139619691112,1.225838090987451,1.197214015158371
CI,TEJ,HH,0.8512593776924502,0.7770603427899474,0.9007711185277576,0.8818254373246179,1.084286694023923,0.954655923915376,0.9910462335202412,1.05686227038741,1.082440777488203,1.052842523457441,1.376739357569008,1.84927596807265,2.110687661496223,2.864601496231734,3.349275230277507,3.70490901307844,3.743723209801147,1.809594558220823,1.084494733551434,1.607558186419748,1.813542149196603,1.783759580141036,1.510546595216142,1.692203610368346,1.390072040520092,1.196247478692386,0.949028566434182,0.9690353102519244,1.241008292022813,1.309952726144862,1.394197731277748,1.532621820181233,1.570266669974539,0.9650545311995492
CI,TER2,HH,2.896922312202547,1.89833132182566,1.274272133730694,1.233092833042056,1.211760888653122,1.427531417937744,1.16166516074788,1.333604318040766,1.152854538509862,1.296735321013252,1.251210070086565,1.293352193125786,1.422437797271813,1.379564885137785,1.344220017384089,1.465025227637194,1.67431786312773,2.126610736152258,1.922311173445504,1.34643624792942,1.24463010885941,1.16085258150011,1.205035769090499,0.6981300667507053,0.7966869224912807,0.78178614149264,0.8124107703004081,0.7636032751487121,0.7407881381139042,1.038749757269427,1.660414895423392,1.243682542677232,1.381191416550076,0.8664819136165559
CI,TFT,HH,1.943672657292447,1.836731549643444,2.203580740963298,1.912718473857546,1.487409193656904,1.472625941544487,0.9224231090565632,0.9375239689953608,1.156717836788736,1.13575933467839,1.274082798250427,1.118420546729605,0.9743576803813968,0.9753755628644808,0.9459138690512616,0.8974890403699515,0.8548197331692131,0.8815015986995465,1.020840596191061,1.045039322381693,1.043599834659031,1.136391252896993,0.9226671749736596,0.8323946446128366,0.7312981772942917,0.5822073685396948,0.5785677251899123,0.4726500653105599,0.2957656644282304,0.4444208433827196,0.4321336730293543,0.919331205403253,0.9266136137554808,1.203275639754952
CI,THM,HH,1.55926775451253,1.552597146845922,1.341476884082566,1.018958959970568,1.016912409115128,1.178339913502075,1.304695714642248,1.309201544950632,1.15263025579906,1.278938289925081,1.319011569011005,1.329670475842735,1.495046036050653,1.483073010975376,1.227001798281276,1.143398387552641,1.221483248707572,1.224101581927951,1.137753564221852,0.9165272958652976,1.080832792451915,1.021378509121702,1.016700744667597,0.7072500398535465,0.5965197353204118,0.8258683673695895,0.6773234234482312,0.6837085439331716,0.6422690992098417,0.7717520579295462,1.017234639129989,1.423643372568399,1.766824159162883,0.9485264207801476
CI,TIN,HH,1.111968376231079,1.093038789101185,1.13765733966616,1.37069562843575,1.704060693797409,1.755720476946376,1.896775617404608,1.50724032675736,1.327309749591717,1.178141246603221,1.259465834961859,1.083498258149056,1.271661784162942,1.069304779576863,0.9754472702932327,1.042267887811826,1.287173520640304,1.243326283134701,1.078984895779513,0.923034475670146,0.6427932295724276,0.7419600685281489,0.8337439187994108,0.7751713780050373,0.8282642667780992,0.8928714583041046,0.8540598235929738,1.022712258742193,1.334176420540985,1.406084201060837,1.56423602875633,1.362390890250162,1.885128115580704,2.045451085484721
CI,TJR,HH,6.528416662190422,1.509634840384391,0.9890169958321614,1.14339769057563,1.289643072347288,1.406239048995468,1.571157173832871,1.574009705593472,1.622941924828242,1.74169095132098,1.703405126703427,1.749896469669913,1.84586067659066,1.631243770296515,1.406276399809643,1.229222848494947,1.047443067897318,1.102080555449691,1.061423826904611,1.068993183035103,1.230298478680194,0.9100757412150206,0.9055913113508908,1.052894500655519,0.9461002897567192,1.439434380289414,1.189347492756162,1.169501795750529,1.454622535108194,1.772803564012862,1.630299203540128,2.417685178127933,1.697407065786202,1.040875824695494
CI,TM3,HN,0.948600447217608,0.9999739726988972,0.9320729148262636,0.9496209594389698,0.9526411005952916,0.8975621335919164,0.9038757060294682,0.8692215968933892,0.9002163778953446,0.9311087304369348,0.9152838678480716,0.8763263898512066,0.8635328842489891,0.9128336745828995,0.8820368320824984,0.8607737157825209,0.9102393708564712,0.924292586918682,0.9365813392310592,0.919535317881322,0.9279089028307786,0.957925578349883,0.9413315002706848,0.914134266901756,1.003785152765345,0.9920102070015028,1.018119931938408,1.13015226053032,0.9532495326071322,1.059184989868079,1.005724801035264,1.045849401997997,1.10489586776674,0.9049088252992248
CI,TOR,HH,0.930748064560543,0.9519775792950336,0.865176270148647,0.8873934008346853,0.7977994084660085,0.9094477904661172,1.017190514861221,0.9335299933891116,0.8509472649284873,0.8829653433691583,0.8779955470748614,0.9799003917699264,1.031523873539235,0.9184866863219032,0.95488689101729,1.084602734297388,1.145302932846475,1.273992463041086,1.209422993713306,1.183716199937902,1.131906061376424,1.040111553027432,0.9643900978423378,0.9826331484978256,1.01289654467547,1.057269945835938,1.129882646370272,1.040683011317637,1.012110351795055,1.102059721293609,1.055256347909781,1.24687479467115,1.568612746124748,0.9041140685906058
CI,TOW2,HH,1.613814491601682,2.158583052114245,2.057224621811922,3.28476289232202,3.383007304428669,2.858438150786906,2.279256277203888,1.992446598927221,1.648361732359854,1.235825775545245,1.375429335007818,1.250097536026972,1.070693798491761,1.161294718319503,0.9166162916689488,0.8906931697457047,0.7853308304705834,0.8513967728382851,0.8498470401350964,0.8232453443427731,0.6282461499811136,0.5986454769041046,0.5718543453061943,0.6703813037941488,0.5924723860126463,0.7008305509480933,0.6937118783550054,0.7319125083511508,0.6961521699114304,0.5694538571339252,0.6711732659881521,0.8644003781481863,0.7604786218931718,0.7376464296479028
CI,TPO,HH,1.004167186898478,0.963188211062613,0.8996045918387483,1.103254667365104,0.9764147163063388,1.103342000846243,1.231736477721317,1.197352131594335,1.051902065934163,0.9349817734107017,0.9143445565467628,0.9016755139389566,1.165124143918673,1.257657965406928,1.345930650635541,1.151180277159471,1.324500201933803,1.221067979727305,1.340736322273365,1.216354272867018,1.063623744072747,1.109402971657556,0.8944657807577499,1.102801272064901,1.116802588510781,1.240100869986962,1.146886410500794,1.378280323595073,1.839050989718966,2.017715584424733,2.554681755582611,2.251851053839724,1.009905055603899,0.8221950396354315
CI,TUQ,HH,1.001626551163554,0.9454312380535383,0.860564893150871,1.02105622399678,0.8833574360058899,1.066152552744202,1.0279673934058,0.973184445841284,0.9191901914381558,0.8921328328248064,0.9980194848019404,1.074062455855681,1.193258354332114,1.135484312092529,1.244683378211508,1.316417717340413,1.372078555028385,0.9538308036747124,0.8205600407809639,0.376082014167499,1.043896472517224,0.9404341668176688,0.9318236862411026,0.7920214877120656,0.943433047967072,1.073631131985676,0.5544118356992195,0.463918387661847,0.4875365712544786,0.6899167772686468,0.6444943985356147,1.003430563286305,1.092695700354269,0.9555989006409444
CI,USB,HN,0.8002654095173249,0.9299352999934826,1.147504626572123,1.178471259796413,1.130574362252469,1.140588171365933,1.109968373029127,1.108230275194082,1.080942623455845,1.114858112593416,1.061067496216848,1.008569451614514,0.8530090549185363,0.8186495909826018,0.8245571774849317,0.9185067037933404,0.8463430921860389,0.9801357085323844,0.9365427756333052,1.064301331368849,1.041722265276837,1.094752819509069,1.309866080432492,0.9609382394180256,1.226196288131081,1.278241784892528,0.9117911867513236,0.9997134975540032,0.9668214330012064,0.9137870760257316,1.10499512720474,0.9914945031094806,0.9014637678392722,1.094064004284968
CI,USC,HH,2.13774587350918,3.09071457634783,3.711968541273571,2.344778191768445,1.947852901766518,1.767778301908073,1.180315177092369,1.039337943687737,0.953922246229506,1.056174649293992,0.7740373078829236,0.8612344505261349,0.9923774603490756,1.017847171306149,0.8993564605502113,0.7875630927379387,0.7641836915438915,0.8198883104854591,0.7860351425414391,0.8236542695736957,0.4812744453666487,0.5875558897794779,0.5594379789012851,0.4373326900887785,0.4533645602195265,0.4271411884883503,0.503472268440914,0.5171084221825955,0.6580011894716835,0.4533402432132224,0.5105460711801136,0.4360859131324226,0.5023482236382756,0.5474255453993176
CI,VCP,HN,0.9729792844148908,0.8468002540236861,0.8095370093370899,0.9018268665367084,0.8867365569867831,0.8625781886273236,0.915116654570822,0.8841102655748647,0.8507318096035528,0.880984192830894,0.8603199776717332,0.8792347253078523,0.865388466378136,0.8715169307056448,0.8590217778211314,0.8396929531536976,0.8398925449460056,0.8675088552271079,0.8522356467539127,0.839503041821914,0.8494774493266425,0.8501332443479439,0.8511592543192837,0.8484155653870784,0.8480804437472768,0.8591360644105038,0.9015441019936622,0.9123507237406582,1.02748951302152,1.216549758955918,1.138394858081966,1.163201471788188,0.7048271933554705,0.949443282004607
CI,VDJ,HH,1.035075158734037,0.9235509719385948,1.050741307709693,1.265325475252994,1.265568150330455,1.568197509771121,1.855273030951651,2.245730749593409,2.68048244431941,3.497372597543666,2.613158091624146,1.978844417224531,1.44376519734566,0.6501000353602111,0.5345799087828932,0.5746912137552362,0.6570401671574532,0.7327787415641422,0.8485739193099141,0.9711063932059634,0.9857714164504408,0.8667324102398344,0.7165982263859149,0.5991141937828031,0.5010251537876558,0.4670552718590553,0.5573404235535684,0.409809511596759,0.4942357349655316,0.5321428241017937,0.604107149268683,0.6474676054136129,0.5804399083099802,0.7316616814804932
CI,VES,HH,1.387658631299858,1.605364788603833,1.958653298322756,3.028240866004909,4.411508134807218,4.829547005966592,2.422947316475725,1.485502951562974,0.6436652940929317,0.9778066394835788,0.9148720390130268,0.689918816217297,0.8676221811752629,1.348685481498786,1.035784285422463,0.7546835901966921,0.829866051526137,0.8506876967173576,0.7920588775642646,0.6763017701783685,0.5924948874560778,0.7077265927983442,0.82382485448752,0.8317740111125459,0.9519232007316006,1.146979825286928,1.187340910313175,1.155096111342455,0.9851941341159738,0.9326113752136316,0.4992862356776332,0.7562831854565603,0.8439996075072457,0.9776986308602827
CI,VLO,HH,0.7765702187809967,0.8026471975821432,0.7440950684208734,0.7102662557304348,0.7399245269436623,0.8504068045594957,0.7666646051334983,0.7938144270730679,0.9526425647958746,1.019874013615894,1.204029787449323,1.567229280026482,1.947098848577033,3.196517296267408,3.496880284989313,3.094209728370183,2.004916225912048,1.345028700646147,1.083130887546756,1.014747987682714,0.8266873710832963,0.7973667442696458,0.6189448765370601,0.5725108228151478,0.5629040173393162,0.7047689919324291,0.7377112954346375,0.7971315757164011,0.9256519528122352,0.9377217162498632,1.138448707740993,1.129818298021008,1.111463337082106,0.9399305094219808
CI,VLY,HH,0.8749805321299313,0.7864460639741886,0.8045304910704291,0.8339105976459092,0.7129620181169753,0.8982349855279697,0.8266817604255066,0.971840226238214,1.226574874058572,1.441719650340237,2.093065151464755,3.48393278585591,3.375265804855718,1.458227519533737,0.7946582451831696,0.7841454929394817,0.9822808913783548,1.007401228547866,0.9040865257080272,0.8789387291056179,0.9667826738686928,1.090831919087075,0.9108362421619732,1.059894948661768,1.121225684231972,1.156285077008444,1.170659253309491,1.352488751827733,1.656226180631308,1.324350762757945,1.589853297751197,1.759602159835329,1.472313407063669,0.9951927986568496
CI,VOG,HH,1.684536323200517,2.416416279573059,2.792745177924821,3.92476560993245,3.44294218369387,1.867738019239768,1.132936922818125,0.6197130046537787,1.501916151991324,1.36889646217364,1.23008113885849,1.887921376660946,1.839111595706544,1.573312426120396,1.085642956446727,0.8594579359306763,0.9205090709250284,1.164451136887776,1.237343575393716,1.226769395302114,1.449082528569923,1.467353951495573,1.190054832905105,1.110292076921649,0.9685089979659371,0.7801652947345149,0.9353423255094648,0.7696177428695181,0.7765002561468759,0.8816882740586139,0.8160905797569928,0.8105427924521255,1.17966158160835,1.162130825496288
CI,VTV,HH,0.9605467068797342,0.8424056427795337,0.8665255797145984,0.8718716395957213,0.8349108805304485,0.8371895245217416,0.9333923268172796,0.7270366246242336,0.90550744889413,0.8032836610729366,0.7627442206476347,0.7847493164171936,0.8316458679206038,0.6546434314273047,1.143962773329469,2.227312542580135,4.144163859252543,1.92226375679711,2.748815001084178,1.968946776849032,0.9627245731162576,1.29799199847606,1.375265406987184,1.089672888965351,0.8766651747610577,0.5768343729283713,0.5221024789845904,0.4875631441017386,0.6033014189855471,0.6877134229835485,0.4231994977578962,0.3799580007861199,0.5051001740446661,0.7020526784513768
CI,WBM,HH,0.9940797638936054,0.9897348796226556,1.172917143568115,1.297531379597603,1.186538227463125,1.179952715874328,1.024578941890831,1.094742142624538,1.052331753142838,1.234793010024501,1.216914322410364,1.180339412711533,1.141505791238193,1.033303438312893,1.069864054706801,1.074222773134545,1.119811626562454,1.124774528025971,1.108743608711232,1.300256416088255,1.178854267150276,0.918497723279226,0.8115820869838674,0.7473040474047025,0.6747762929771912,0.5717429022136691,0.555544216086071,0.4701731224717345,0.4078592030327266,0.4277072679249893,0.412593177764289,0.4212348479621196,0.4994067285609372,0.8944375405282238
CI,WBP,HH,0.7087603272445047,0.7310356775350931,0.8910994283640499,0.8444369111938774,0.8868340159826097,0.8943232996937125,0.9869263140081336,1.078786038916674,1.067987886709244,1.053984150320932,1.012535678602192,1.068259594691888,1.193481051048731,1.257657742518624,1.249359889547596,1.268049707251874,1.017922115454236,0.977445831267886,1.229985042579196,1.285867115609939,1.443486009938523,1.244436191707216,0.8313193701719471,1.233109391265246,1.205549644781174,1.248952006217853,1.777494872761494,1.769012242120726,1.311648014598561,1.7102660404391,1.808286814199306,1.832573249006827,2.258237089110861,1.130074457896971
CI,WGR,HH,0.8345480110063845,0.8887700323551394,0.811420986427599,0.8189958383387895,0.7886030455517381,0.7812617317501322,0.8512154942454244,0.819830919539018,0.7880488661200882,0.8390918602190948,0.8840925173211842,0.9316664970731612,0.935498527386866,1.066233921851497,0.953025703793004,0.8326143963596125,0.7665405241628143,0.7120449335521933,0.6554345908616536,0.6110823975018862,0.6011144561435284,0.5544806483512723,0.5469713982519975,0.5741741587294528,0.635749541362024,0.7053389007395444,0.6984289728210394,0.7870235183888239,0.8587544039505579,0.8720602127182303,0.9304032532603406,0.9033175701425956,0.8525227675087708,0.919578724449502
CI,WHF,HH,0.8631859353831326,0.8032825006365474,0.7917733800746003,0.8576671080400062,0.8258740512070496,0.7307271064045059,0.7917822435936098,0.8862877787818549,0.8869435534923023,0.8710976367364576,0.9443860291027916,0.9964831401279072,0.9082641200881588,0.9638467232951196,1.092388097428916,1.263791064980705,1.639454478640045,2.464272100719116,3.104410584504902,2.212391653785251,1.481751470183254,0.895933042089728,0.5151055299035949,0.4887420708504424,0.5351757412029894,0.5872906616484619,0.6487583409464192,0.6565730817116266,0.7226737801801986,0.9461089326169024,0.7641164724992004,0.8387511095821064,0.8694450743552579,0.9281215128608404
CI,WLH2,HH,0.8162400947849865,0.7717591816439576,0.794663925356867,1.115588442496531,1.06685825562628,0.9643646600875292,1.153369364001806,1.243015101401798,1.258851470765947,1.224956840187026,1.221874016964572,1.057397303033112,1.075944389221526,1.145026086204995,0.97221766577817,1.064154381834645,1.185522021361259,1.320726475233506,1.115626729900721,0.9896075200526776,1.05412676206992,0.9724669917197204,1.078537818698298,0.9228408670376512,0.7700594643015692,0.7041289048501997,0.694286560018883,0.646128987245726,0.6709255375098767,0.7351270318557482,0.7975895504650531,0.812460488355933,0.7998525598660446,0.9231834163139248
CI,WLS2,HH,0.8367707715048555,0.8215550563609809,0.9348841530982142,0.8857311587737428,0.8596416446477539,0.8738063706915602,0.8770656780617608,0.8704935570719009,0.9193971938407046,1.019378472415651,0.9470105248642636,1.029118244180222,1.249114932589539,1.879925255641614,3.222687866249943,3.772041860024648,2.313745902687317,1.571474796926391,0.7015830362996411,0.6735640629812476,0.7309677457107078,0.7169130502028137,0.7847915714710201,0.7492354910151502,0.7797724521873698,0.6947568330400403,0.7708392519006821,0.7894146776517509,0.6793124271472726,0.9696194365941144,0.9242439191909974,1.057217817203408,1.095045792372241,0.9343760201981312
CI,WLT,HH,1.773060727379119,1.964813753855639,2.077926162297097,2.01662260167376,1.99258619791827,1.631737072303112,1.603238826121114,1.888410382621823,1.775228979075441,2.338318447672193,2.606495113347426,2.79873966385113,2.352724233695402,1.856290991705516,1.234825598748235,1.057952521536421,0.9650672359213636,0.9237648926024752,0.991385131940843,0.8457446783067006,0.8566859199461957,1.017913036685187,1.104198432843119,1.203504501309937,1.142065503627728,0.8202678451122911,0.645895586860138,0.7471106651949971,0.936033051536829,1.004605923669958,1.073135785833627,0.8282483849761583,0.7387858786444828,0.5591104398982629
CI,WMD,HH,5.811578689405608,8.266707368309302,6.970635940377877,4.973745952025644,2.587375325932459,1.929427562022145,1.744019936816093,1.547240799352154,1.494166888066404,1.612168716714016,1.807028773487791,1.543981273015854,1.080828350371595,0.8954484563686402,0.765824658228574,0.6882168823550825,0.9911111714222846,1.132997253084362,1.118462841854974,1.111094535330238,1.433080291923094,1.742464464019641,1.098413786817025,1.126508795850127,0.9266144281142576,0.9039235174682214,0.965800628899278,0.987366069891248,0.9750925342976472,1.287931504791769,0.774442767611716,1.277125266093734,0.9703746045844054,0.9460427574865542
CI,WMF,HH,1.10301010139933,1.024039416396999,1.054214857693665,1.065359767411457,1.108567563292609,1.065862755150153,0.8661561235308451,0.981345991813846,0.9859519455568264,0.8201139564063954,1.038137489661085,1.261610144632195,1.286738070902718,1.273116745148025,1.523594156375948,1.988185550326683,2.301307145344559,2.724497009794705,2.31793377276572,1.805135302719864,1.697967224008557,1.162314875779526,1.397837960515641,1.313539438147399,1.100034313983233,1.083569914814278,0.7790582132869522,0.8853564502217375,0.8681989630209334,1.048537112930076,1.093236890432787,0.9779579178693154,0.9049741163571726,0.936990485998161
CI,WNS,HN,1.564104343791251,1.442569793471778,1.293577510178137,1.374824622708401,1.385794783083896,1.137084117577823,1.090646136685746,1.151710292520961,1.178398344849958,1.107115802212087,1.084908212695947,1.009903678380309,1.015814927897586,1.063637920032933,0.9982363409799302,0.99639385244105,0.9505218488425128,0.940397596660152,0.9500327779809522,0.93834378235772,0.935032910556534,0.9346954481153524,0.9188147231788546,0.9232103367687572,0.9288838796216624,0.9110481231145094,0.8940901700178067,0.8564222407394801,0.8722004440287856,0.9232051180013436,0.9262491683994412,0.9218320277448604,0.9475322013601148,0.9339424757387664
CI,WOR,HH,0.849251779729017,0.690967176627886,0.6814791950236136,0.7085209543767289,0.855376558266485,0.6772852706961362,0.8026343712647911,0.9409511230416054,0.8569519112165033,0.7705050038822464,0.8779775971104603,0.8511050421490305,0.8480404256490229,0.8705304569167032,0.776819735834314,0.8275279434033984,0.861978526421202,1.060870621266995,1.332206725378331,1.314090543838966,1.456034023445989,1.714037095597626,2.013857769726344,2.782925148993317,3.509112046482941,3.565209542376102,2.587334950144134,1.408818742167595,0.839630840872095,0.7665818981524136,0.9553995274814318,1.298591075225863,1.729698254273405,1.102617945190765
CI,WRC2,HH,0.9452587585773446,0.8407676534912618,0.8690092836383241,1.006343198021217,0.9180531610708688,1.016041301068813,1.110355421313235,1.100551798525028,1.278564773025083,1.579716193672683,1.861852269790428,2.170496723171987,1.682351516586927,1.301831315353081,1.218672173813069,1.344412556710086,1.445358620118119,1.477490353724647,1.330937613635512,1.21399722290509,1.269754002747106,1.307676896002935,1.249305083401505,1.094118038881153,0.97085821901129,0.802628064207693,0.7692297568297332,0.7233211335548795,0.9089113432902874,0.8615529580305116,0.9943268673029264,0.8032287395702793,0.7675369880914815,0.9157701409630836
CI,WRV2,HH,0.9490807482172532,0.924249024719537,0.9369497170181798,0.9688334552033498,1.073860505554189,1.000654481731936,0.9648358693272926,0.7592077458950338,0.983251197844804,1.241931586877225,1.325209030067978,1.390854550902033,1.203367805381465,1.236094140647483,1.464746103131693,1.816870809868141,1.830505418511825,1.805093815007621,1.788985981934812,1.542593893071165,1.352922767749765,1.238383916596012,1.235894379187029,1.134069551277915,1.015188690416026,0.9347587813275182,0.8958005137087267,0.8187231454921842,0.7653225785614882,0.8262875816682892,0.6666385250054478,1.018759343489759,1.02772474641792,0.9382319112687684
CI,WSS,HH,0.7403865660867565,1.366311900306874,1.199002493140338,1.35693209579639,1.522682250885947,1.662776432586147,1.969748057836902,2.073762028105375,1.667150873226652,1.669459689594743,1.070791783001777,1.131751490677893,1.208959773314339,1.07432738718702,0.9592174780228472,1.008706170600161,1.040708214139359,1.077423758632632,1.320494231548571,1.201585735734475,1.104096839473937,0.9168734893366142,0.8952402667365499,0.9115833654347194,0.7087697243982582,1.108400765024657,1.070778136599592,1.141578947946588,1.324255210083022,0.8118914948698976,1.313060355449934,0.9599772583303108,0.6526919431318485,0.5598155925823122
CI,WTT,HH,2.354050068005862,2.895453452908155,2.653394500657249,2.196360958692712,1.734671137278804,1.540586478158758,1.271567921061609,1.177672748571225,1.069277951410435,1.079798538822568,1.267864428273942,1.392032350380463,1.332582232339096,1.54992587111847,1.664275603497029,1.588544553756176,1.605348143481108,1.631500427438976,1.749172148403388,2.119459213894613,2.628179473667891,2.116511898020541,1.012146883419274,1.254319632587912,1.042827658513035,0.7631985301985527,0.7578892781259754,1.01564243510827,0.7984843794024774,0.9228547259652584,0.6129481993917185,0.4323048167151485,0.864377770497145,1.25708670254891
CI,WTT2,HH,2.806400088094459,3.006655925969539,2.573826793148167,2.338562865887336,1.700420645501687,1.519941387233496,1.356263381996737,1.315991133595191,1.306956385191967,1.385738695095529,1.558775396509362,1.692359336121933,1.498056355887854,1.586640602687999,1.420811947802626,1.377839015813418,1.374562266980765,1.475162579724715,1.492450833673097,1.594997256857006,1.459448939242398,1.210682012714151,1.113667408170304,0.8360650874813259,0.8550359546864584,0.6771936182947399,0.6967631419456278,0.6720075521811261,0.7048536143049107,0.6263955531275951,0.6551633463792588,0.7264494070193169,0.7957342886321412,0.827477820654062
CI,WWC,HH,1.113916875128441,1.078828529443609,1.055186452253892,1.056619175771197,0.9238782667135916,0.910295214922184,0.8494135929993523,0.7502754406345302,0.841676803606544,0.7747933804329762,0.8091999188725363,0.8599908710362907,0.9335157669420832,0.9891038626478978,1.088241088202968,1.283688750535962,1.328471858833038,1.469726476024156,1.899301695545796,1.756713223180971,1.768907664193919,1.790239970029517,1.996506028971324,1.737937958457072,1.332675441007955,1.283052556267653,1.071311792585731,1.0752808566063,0.8603939915829899,0.8184674979378215,1.072115952481033,1.274101239577372,1.34365200647174,0.9861068541542384
CI,WWF,HH,0.5650363461763022,0.9774356926197992,1.650745333112661,3.293184855218316,3.65320869543861,2.979274593847545,2.30760703786067,1.690916016279933,1.409264663049787,1.705264178146604,2.464285196670357,1.585337927057755,1.057742791666489,0.8419226656533255,0.9861204269322544,0.9356929923930022,0.8598329389640531,0.941163993295434,0.972422702289338,0.8505935979267101,0.8799767668791699,0.8900263065938496,0.9403053069582372,0.9721873752614936,1.012738768136444,1.1175649363075,1.199103416328084,1.231750370663212,1.379499185286931,1.569606580321064,1.424359483625861,1.931841515181676,1.422045502014847,1.114576891167357
CI,XTL2,HH,0.93318722709429,0.8602717090316385,0.757786432282631,0.7681868158029406,0.8828969563289566,0.9017829177187984,1.121584113993219,1.040598792015837,1.156614418994957,1.242121283024636,1.309773015404296,1.438098331079099,1.659988797882908,1.748881881744249,2.131932094461769,2.193356701653911,2.717235611543192,3.379371767487127,3.025696564233689,3.423206574491651,2.676478914910358,2.039422374667001,1.451505607264859,1.593932476300665,1.09536846422555,0.8502715192146013,0.8243140344612648,0.7543630613640228,0.8220032175914738,0.973750107039576,1.097200258838232,0.989363242466945,0.973880258857079,0.9305689684217584
CI,YEG2,HH,1.42009365728506,1.332334163440179,1.353943784531811,1.299388032101306,1.110462376142695,1.12801403833343,1.491217109862873,1.224070540473635,1.116973166408283,1.07971582781849,1.128400182581574,1.495023014750329,1.261508952661782,1.252575439134866,1.24273255341468,1.26277670757192,1.402125670592923,1.396795951951532,1.398332423430144,1.239807300754319,0.8718814423463714,1.039621894296306,0.7639892353335119,1.202010245533717,0.7030412486797961,0.7237982937271081,0.8738956579100341,1.061972913481146,1.18077959117421,0.6712816571159991,0.4420457194572066,0.7642107042695248,0.3956025060926724,0.4876653202941691
CI,YUH2,HH,0.8958378548695839,0.861523616810916,0.7937347348976243,0.8378474657588322,0.8797066190973988,0.9037594000737508,0.790843856207076,0.6886355417672114,0.6538014504056474,0.7646391250398962,0.8233384563332593,0.8926285719562683,0.8429667745770116,0.9060743103109647,0.9479853704271476,0.9923736092857264,0.99177370318313,1.109293117417067,1.075371074798494,1.050138231151764,1.015588756213515,1.094148743764701,1.154827720481705,1.234859673019886,1.10855053584403,1.462843473913154,1.924707619694956,2.191189328548008,1.483111392933711,0.9451917860329788,0.962410693019542,0.8950211397913632,1.019256613968436,0.9303313161122382
CN,CLRS,HH,0.7619789472281723,0.788573518173246,0.8263584497215158,0.8498017218040957,0.8404752561221197,0.8257235500930884,0.8641697105922561,0.9273979645242566,0.8728912500007182,1.069161103228381,1.04463209673923,0.9299852856239856,0.9213130555605696,0.8933277735336735,0.9678495727609312,1.053822977369691,0.9284847388313556,0.9415530543031172,0.9148614695173652,1.016367884633408,1.014067640727173,1.066878513814006,1.049738369485242,1.038243986546256,0.9334865821411394,0.9491049449235444,0.9153309542433806,0.922266665205708,0.9072794904414384,0.913557936260947,0.9179486886557612,0.9188467511446072,0.9200280506619584,0.9272506983742432
CN,GOBB,HH,13.32352261996953,4.271607261474018,1.712016930957851,1.38915272530579,1.005079363387044,0.8115840834643686,0.9225569577467112,0.8302986808166952,0.8800078683808764,0.8716709061761692,0.8023636552819862,0.7558454880063691,0.7924077184987728,0.874839082419729,0.8914697502530617,0.9191452341555316,0.9354134157145304,0.9958908423303228,0.9491961154751338,0.9209704278642712,1.106243921391646,1.221355864944859,0.9589246219456092,0.874264763724612,0.8167009551124428,0.9299137654536076,0.8643538559002817,0.9142167581501208,0.9526319114505628,0.9595512778743344,0.8543394125938504,0.9009638929874808,1.65282772420816,1.138947672407827
CN,MGRB,HH,0.9328325198389738,0.9886361849610796,0.9865448863248496,0.9833413923289231,0.898092948370922,1.094417863994015,1.033505990898474,1.050469634883866,1.175426164723796,1.274210383288442,1.562204952993454,1.402830361394492,1.576395476098841,1.411583435748063,1.316960701669582,1.304442255996773,1.506546123253556,1.603461234554986,1.839578228919667,1.85774727540796,1.524951525953862,1.84325920511845,1.625234398721698,1.592447720880253,1.976028402716606,1.718734368881115,1.739597595228546,1.543396340669785,1.498983616966328,1.527776373778023,1.433174360408246,1.224531680145824,1.115187438280647,0.927926863228307
CN,PTRF,HH,0.9600249269994784,0.8368756482402846,0.8260762736712469,0.9372327617932033,0.8333396927417115,0.7990687284523312,0.8687167123307556,0.8839671989447337,0.9009946809992924,0.8729933688427473,0.8189521017221951,0.7706825425629426,0.7989630563314595,0.8032763754985239,0.7993045760517311,0.8087338172420879,0.8296722207004236,0.8124321801684959,0.8815570404983091,0.9159003249166312,0.9763885966099124,0.9788708375874716,1.019268795125459,1.05649721511736,1.144864190609523,1.053233174301106,0.943123600798051,0.964819473677412,0.9372306570098076,0.9244879282629572,0.9344220747247716,0.9321851264560288,0.9595109027948092,0.933266472123314
CN,SNB,HH,1.262867815053003,1.076070267149871,1.006897645783003,1.015491935217262,1.079962141618662,0.9549144588216508,0.9575965822432212,0.9075580664459016,0.8437765186812756,0.9233557693767032,0.9893906949836816,0.9834376756712346,1.054871140934259,0.8966507197208723,0.8832285245003854,0.8783293291679282,0.8152877692267133,0.8666004862827474,0.7683425382789789,0.9201448889175023,0.8635931741061501,0.8619538811738693,0.8374045513413735,0.8655677180676888,0.7522407056199303,0.6532767955517254,0.6780398394045898,0.6538881472327286,0.7357214691919988,1.336855135801162,0.7923806980935176,0.9737590799686542,0.7450031613905014,0.918219325097251
EP,KIDD,HH,1.16526272500433,0.9430632301398798,0.9559812084020788,1.277060437009688,1.07586445407921,1.045489698965326,1.015131942085653,1.088705106871863,0.949576438979124,0.8305760993065473,0.7410505249611011,0.8750902106116156,0.8565115175201651,0.9572697753596184,0.8815778354312899,0.8025809372317143,0.8192871469625022,0.8228353977277437,0.8629567686379476,0.8660675079816879,0.7673028269267748,0.7206303401821008,0.766756956470307,0.8587787756955436,0.8843166542532653,0.7947754599921816,0.8231303281147385,1.064449942464281,1.209658305654899,1.012630713356281,0.8881344661944585,1.265018352729129,1.573191415454521,1.460264478980434
GM,AA12,HH,1.07854644286561,0.8725827533816896,0.8996054405660885,0.9062963709960762,0.7811399319334114,0.9269578615970944,0.9890004615796638,0.9554405921542024,1.050257394533811,1.017085810186748,0.9418166910930716,0.8899014561873277,0.8929564405905288,0.8764503995053623,0.8007018613369673,0.8069994616654278,0.7824000440132844,0.8183015726593971,1.258118280850944,1.181936336769673,3.112429445860063,4.309596210965545,2.804390074625165,1.348468982522479,0.8325025564248799,0.7197032534769593,0.6511407036311715,1.027056096709294,1.161010675861453,0.7730532238770288,0.74586081171283,0.4107726712916634,0.2136705622416558,0.6030949518021149
GM,AE01,HH,0.984131973379226,0.9764933070157934,0.9808605876042736,1.089862657633527,1.01571192350819,1.021254233250477,0.9614838197250816,0.9480123691499496,1.066769546685027,1.224564217980318,1.152145920382706,1.362074525951774,1.375495851788143,1.785584260330574,1.801698477348131,1.689489571404168,1.655727706339689,1.475519685497564,1.310848756393658,1.204079992595153,1.24238715428932,1.290484113526879,1.281309122792979,1.225088252798108,1.158275097645073,1.056518164629449,1.161087161647403,1.084596443335216,1.026402889939614,0.973254821464268,0.8680318412551701,0.8394454612027367,0.7388526749806072,0.9048629370311956
IE,ARNI,HH,1.070586628227331,1.308834358980024,1.290448370265168,1.398650509788967,1.287849355447694,1.076331111265465,1.060648721979683,0.9288985594591572,0.8682726464685692,0.8348337809503743,0.668901771118843,0.6263062325592584,0.7764082794252566,1.085126983719557,1.273958269913318,0.9889700755148156,0.8282262149960611,0.8875374418352666,0.9068620768660444,0.8647002016234596,0.7302489335766476,0.7185317588517154,0.7140023692322789,0.7872947145811809,1.109043033755522,0.7380282984441168,0.7343157776319417,0.8693860218795689,0.73024506141414,0.4705268902407717,0.4981523715129777,0.5731883734264116,0.4034502796435608,0.9067183446409792
IE,CNCI,HH,1.218591124273552,1.02261478028885,0.9203285549541064,0.991607265397934,0.9394705753747942,1.103690261436911,0.9778647020199328,1.022531587138137,1.217556348159638,1.138520722946884,1.09370183735615,1.100749049242125,1.078236356364817,1.313036589090357,1.341363281422501,1.448033920802743,1.545052254269103,1.979540349588687,2.204702391753453,1.969274518749331,1.72590119757966,1.31731992304486,0.9948443105421704,1.044294845155937,0.974145611425058,0.6954352536338003,0.7032261981469777,0.7090591863771221,0.9937748448394128,0.9328258688119112,0.9477895904648634,1.124222211684796,1.79650696143813,1.424711593704304
IE,ICI,HH,1.020893974679207,0.9472318200688402,0.8791821448710739,0.882384971371859,0.9645140030210154,0.9554654715357284,1.045838283962474,1.074777633962759,1.064685094259813,1.233881642771664,1.064892885715748,1.042982111003085,1.019596094072117,1.354388485147451,1.419457362080743,1.720739181410371,1.4722876937664,1.296367379591993,1.29411343740356,1.403581209563503,1.555476558493305,1.751483266521607,1.713470830473796,1.528268267466899,1.520342918826882,1.497998526299994,1.283454111329945,1.297558631593766,1.168156637538618,1.088482101096317,1.109887290984493,1.091732382838043,1.092296481215438,0.9319250417586878
LB,BMN,HH,0.916912394157318,0.9797504734423012,0.9694067242503572,0.9542466649589384,0.8951260089335402,0.8781883069340788,0.8774143145122779,0.9004141870248493,0.9094421745038108,0.8872344933928112,0.799883277133481,0.8795003175049114,1.146862585831954,1.108937920693938,1.536228658711891,1.292935910626704,0.9912483603830377,0.919118317075996,1.041594600028639,1.30135457969272,1.385099959158311,1.07229890670775,0.8863969137450148,0.7964219036551784,0.8560681177853027,0.8857354066059686,0.8235600978932525,0.8790654982457107,0.841184254505266,0.922904762376468,0.8921666930778276,0.8926285811763542,0.926902189607225,0.9321746739964376
LB,TPH,HH,0.990961434811403,0.9172879098032718,0.9915308326815236,1.042809751543454,1.033401102946862,0.951890931799164,0.8415572514613802,0.8186370479151057,0.839498534103016,0.7364495701060714,0.8852838779575047,0.92736399285363,0.9529157120383652,1.250869743464948,1.199349349905586,1.220942417183567,1.527267122113327,1.271104157048838,1.355385679514997,0.9072411659119852,1.262433660767805,1.354240849710768,1.221989230619165,1.453610795849974,1.041175282764781,0.8581412636966319,0.9773542362896616,1.621401813735648,2.579215203957584,1.90790172301798,1.320184399136175,1.347405487919254,1.142416297865126,0.9292438114938272
MB,ECMT,HH,1.120892938720307,1.13930342483622,1.433482596099411,1.882848228810224,2.017913260674118,2.544292469123536,2.215039386521509,2.006507870115682,1.157450727041953,0.7071635040929164,0.8960929515866387,0.9559041018281976,0.8879430925721794,0.8369528167261439,0.8411451322867526,0.771483378494532,0.816173541481155,0.9120790459696358,0.9119605708702232,1.053107833185208,1.109156014653928,1.234328354350381,1.454335832441189,1.063473501651066,0.8192448845796274,0.822231914448679,0.8438804501442302,0.8908457490661298,1.010679456653004,0.9694445934164574,0.7807119685163278,0.6762663514259287,0.6707323951149867,0.9132873351874176
MB,FCMT,HH,0.8250272776764314,0.8284025141448298,0.9514124877926546,0.9154300078029196,0.906146043160345,0.942833246897944,0.9355058723840376,1.012507531669722,0.9942876864913526,1.001917843195486,0.9649398122542342,0.8549319647987642,0.8259240387469853,0.9068440188337906,0.9437054036888872,1.065857543234852,1.044663005903955,0.9968312710042124,1.017019225874369,0.9916301873503844,0.9781254634340364,0.9335452628324818,0.9182881116627442,0.8969534633909337,0.8284253975489587,0.7698701177115544,0.7277862847387423,0.7736234129416286,0.6935855992132994,0.6919214447709121,0.7577420128569825,0.7086097181361272,0.7056717842396661,0.9159892522263924
MB,GBMT,HH,0.6120842488073083,0.7810277315835666,0.8619619362569877,0.8571555273072134,1.075365687417123,1.006207320609988,1.03925323809127,1.053153800918176,1.022928138274665,0.8679142072405429,0.8166271872225185,0.7909581833768863,0.8267668489948534,1.09322830736887,1.157226643396854,1.210381028362295,1.125121498368554,1.067439230793046,1.031824468845778,1.120782650451445,1.197225274587893,1.15786729079677,1.12544076204992,1.063996451179988,1.082674259556411,1.061360356317179,1.148466113259201,1.188771969512038,1.215463060920116,1.263669839481523,1.192373765460161,1.223876918745848,1.158342355781145,0.9345097707718972
MB,JTMT,HH,0.8493079416173079,0.8201115161359834,0.7917769627829055,0.9348437948333318,0.9392121196801074,0.8732466134020037,0.9826808077885976,0.9938153403160216,1.087290844158135,1.10632993329343,1.073944717688914,0.960308072563619,1.130521915730994,1.408594317722288,1.389613995276717,1.38841178096443,1.303726799461112,1.983965037705846,1.180192683264258,1.374367207143757,1.119054072862112,1.099223679302569,0.9652355603919368,0.991157228271068,0.9293477765283248,0.8949662149400346,0.9335428550530884,0.9452637515271582,0.9222101342368298,0.9122911173943866,0.9078781577864484,0.907342404107339,0.9143019129496128,0.926057388597214
MB,LIMT,HH,1.139312926022089,1.067567130341984,1.018668413006863,1.192804674372777,1.073660129665645,0.9849193913306626,1.040750821111214,1.156340225218823,1.116412944066222,1.040556650279149,0.942039223716733,0.8001727190988077,0.9322072403283268,1.047188259442872,1.096824323179081,1.09771742490377,0.9502596320679664,0.7686738067328013,0.7655881956003652,0.7896670958550076,0.9627054618273744,0.986055658877522,1.231505153275713,1.131163242657485,0.9125839698733946,0.8414761053315895,0.9204916700531884,0.9614076733640968,0.919607186152653,1.044758447592971,1.162707076147672,0.8064510899016558,0.799696771460621,0.8933063009084008
MX,DEPC2,HN,1.359160912230837,1.356270217119668,1.498376835745328,1.494377076496515,1.53519338764463,1.478117127227512,1.50471031643504,1.502398823854894,1.555074393647309,1.520294776569231,1.519213255199511,1.408343472982236,1.382939627823029,1.310998811940693,1.196812841391336,1.163183055523233,1.077574666628557,0.9731859161774802,0.8841788726694249,0.8006942125483446,0.7746249359520331,0.7647900549629312,0.7013494028901819,0.7026165540192684,0.6488290291619626,0.6403816133790953,0.6710969357682054,0.7817852303141254,1.111688365664479,1.542258584752942,1.983130887134095,1.856270047929562,1.343954077896325,1.054913647886418
N4,KSCO,HH,0.9931374285907966,0.9686408006159926,1.276695410116575,1.657591389550344,1.700710377794265,2.005910103798759,2.235527965522377,1.590256070780646,1.363961352633152,1.422176731915456,1.669190081833937,1.604932833844209,1.47809548694621,1.251814595476613,0.916993387457402,0.6066311459194358,0.7548874801870071,0.6658796072211529,0.6203324932608997,0.6463954889194008,0.7763288670732951,0.8762419569471688,1.134181586810305,1.71668108704094,1.593047103224858,1.585501132886701,1.550561917288315,1.323499839927614,1.514071842496478,1.07780608634565,0.929810145208046,0.9272720812033778,1.184397772254495,1.166284863516134
N4,O20A,HH,1.107570563552664,1.096261853724611,1.02477664443461,1.04862163195654,1.078969862478448,1.269567389576593,1.283813908691171,1.625637983368016,1.229432206724072,1.181182854951936,1.049326057357364,0.9568234294273594,1.123802763696311,1.141448269238577,1.315541769038043,1.378984827563983,1.330577909441385,1.440846691630793,1.640117193575514,1.518174393196856,1.793192142559145,2.849116817251926,2.519803005746148,1.522490285755632,1.304305475573118,0.8543354556188353,0.6300464989070087,0.5041410963052559,0.290173877772199,0.4762413267665952,0.3393976111371996,0.3647672743320186,0.8483561165877052,0.9613200273982068
NC,BAPB,HN,0.7761822146593307,1.025092303881605,1.029514965188982,1.094148613434112,1.238155522491439,1.197894963733565,1.280467509828265,1.261273874623318,1.278688449787713,1.307298547700935,1.367797071498417,1.29258600597761,1.38398771502456,1.284959329748197,1.244531365973192,1.265804611836824,1.612216592086481,1.249701027341171,1.15324687278206,1.125742243213187,1.112197409603514,1.084702241652739,1.135643778610298,1.23466482480483,1.137446086435175,1.144962541759266,1.081371908667234,1.308416753225073,1.213802162394433,1.320598127223907,1.164982349823632,1.165901506574138,1.265285020432158,0.9295645832021466
NC,BCC,HN,0.4221128778489604,0.5404136447681553,0.6289075635426065,0.7973101489452009,1.073775810128433,1.160249185815729,1.297528936898751,1.543823606425577,1.387257127243335,1.40637795550415,1.723512148207865,1.479694140133571,1.294103336786443,1.042052426515798,0.9193096829719588,0.9275871043993608,0.876539449947591,0.9046503286632448,0.9030569537214826,0.9157041964416376,0.8821532367151595,0.8802759924671991,0.909282397126544,0.903077805652294,0.9113654300531802,0.9153951191194772,0.9212650972370444,0.9202544515642064,0.9402280084913186,0.9437023507441892,0.9458587008967776,0.9898136717251356,0.9634657530574952,0.9302230304390928
NC,BCGB,HN,1.05051882709741,1.048098334435985,0.951297401633271,0.9694044273408156,0.9989077606591116,1.072242709867077,1.163464196843926,1.265293635272161,1.195368347067557,1.149089838992635,1.098925420315325,0.96759444950912,1.085895249947949,1.010754858619197,0.9774328065726444,0.9541987072655944,1.055139366501674,0.960575507961944,0.9707718737476174,0.9755779972870684,0.9798819475877208,0.9633490300940428,0.9464025936710916,0.9264004933907404,0.8609001697900084,0.805444967708892,0.7712258723594654,0.8705918844116098,0.9662355472628203,1.075806558559276,1.104681698646239,1.088672756331422,1.047158978244821,0.9320720870017865
NC,BJF,HN,1.212158047745184,1.106249223737534,1.043726877579806,1.217180076017498,1.204986889567371,1.379517168175187,1.775676581312629,1.858706809970704,1.553722895054556,1.638106278332392,1.845463055044352,1.573529294620947,1.448447921781162,1.733262434006486,1.763022243373866,1.674837290591173,1.483158378888269,1.252385484415252,1.066331806112159,1.065215421494321,1.027161948699795,1.083501399363602,1.17425420790962,1.108797022983276,1.069363832924362,1.075646354608316,1.184223542559782,1.016676649242627,1.119860751139782,0.9530384012488226,1.125001698124522,1.494787515291516,1.351321964004176,0.937253216484625
NC,BJOB,HN,0.998817775230061,1.042845388482204,1.006147944068781,0.9209634066846588,0.9233864452572492,0.91205417936666,0.9372047835601895,0.9633708173072776,0.9421823290019964,0.9361200070296388,0.9890071286846128,0.9518622943220604,0.9684487297611571,1.006038092347471,0.9996163799896882,1.013888448674263,1.050218336823227,1.100602229738739,1.185878009629045,1.308064160869657,1.421997351937924,1.476656450747084,1.479193189217998,1.46571918613359,1.513470219344914,1.532326695259046,1.535261597322563,1.491805440042777,1.474305612051577,1.542866195911736,1.587256633842628,1.635734172220896,1.682411704562165,1.019068328781919
NC,BKC,HN,1.021091233592708,1.008298134020719,1.122076544015507,1.155902420595825,1.481737156279231,1.680973376616974,1.537839031134127,1.571240806678067,1.168546110314242,1.003345106247761,1.108753481708936,1.190770490291284,1.111676607945318,1.01420166541448,1.023312322223217,0.9516290196090212,0.9574566973614472,0.9510886492176184,0.9502724239552638,0.9486311701021224,0.9279926785142312,0.9201145444953048,0.9132515723827198,0.87264895986823,0.8599167064537239,0.855439668275433,0.8730715203612047,0.8854948323455865,0.892643120208376,0.9005366448990317,0.8772641782397912,0.8678210284667875,0.8813174164129779,0.9284235138395324
NC,BPE,HN,1.399540432545147,1.266171607862161,1.196754032968644,1.29274363924189,1.299920522489189,1.401493527347802,1.174767925982483,1.264314968167163,1.133235699256681,1.215614842483451,1.171770753854081,1.252022648818177,1.117348131848937,1.095689257989708,1.099428960103754,1.091210667545502,1.058626427741089,0.967460245105109,0.9794245326447976,1.070988018964877,1.043329834928992,1.187495178334599,1.510340294287087,0.9774515400504982,1.019649272121199,1.468398232902929,1.478461452584481,1.441268898579001,1.000111942822363,0.7149317627336974,0.9481486756742912,0.9825209362161804,0.3658767225736206,0.7917877935228477
NC,BPOB,HN,0.8620130662997556,0.8306064832455528,1.066337126896258,1.013429884468238,1.066885883006679,1.009410885138945,1.170391219438613,1.319380327295562,1.208601916046151,1.150892065946306,1.154837045606184,1.135592323750021,1.09303181185571,1.013132467047548,1.026555382269998,1.009046482625047,1.033616827421664,1.040028438101995,1.045619261013416,1.107924438676913,1.174458823992321,1.341714939099002,1.500539862827785,1.27045892997371,1.136514459160015,1.08187924592737,1.077972362603633,1.05721740214335,0.9951836766727954,0.9668673885105046,0.972540786736073,0.8229485886380958,0.7056309345973955,0.9206476900239028
NC,BPS,HN,1.187623173275243,1.241844433397801,1.266845829269397,1.200306406795569,1.188842878325109,1.206573264666636,1.064192735226976,1.092363792010589,1.047938880710365,1.058246599649712,0.9883036521359012,0.977606988292322,0.9448052020023828,0.9983933674762218,0.9747478104384932,0.9250954847813162,0.9490563808196796,0.9307537680733212,0.9489339744415514,1.090389615774004,1.247497763670475,1.544378742493502,1.372939583750102,1.355818500253312,1.363653947865258,1.298852254924128,1.223122908838016,1.085526952902758,0.855581733812248,0.6299879070458662,0.5666012693272071,1.070952321912386,0.8320702954117477,0.9400213878847612
NC,BSG,HN,0.9395105468399054,0.825573435709767,0.8836760444276189,0.7958125810638097,0.8287927983208981,0.8253450162259307,0.8830312738464599,0.8741972101468625,0.912851275115822,0.8573784750641003,0.8957070339849752,0.8967267623093457,0.8952807790834567,0.919107667870473,0.9212745412203228,0.911454979206116,0.938045153946362,0.9366117229995112,0.944399137412614,0.957596189526116,0.9373352884645276,0.9568886762424474,0.9654000833286944,0.9927088737013604,1.052979968587716,0.9679125576162884,0.9415271011591052,0.9388159146361555,0.8293377824731472,1.12128374253294,1.273308437767865,1.28546959737845,1.174840453610327,0.9280476888071786
NC,BSR,HN,0.9355270211910662,0.8349595957381606,0.9257785824212088,0.9120817879056052,0.9596335011258218,0.9507931289950754,0.8299122979105378,0.9667357966004084,0.965689663818708,0.9359200284593272,0.8852012159315997,0.940745371104882,0.920126325252592,0.9057810224920106,0.9294187404947262,0.9513240954522768,0.9387969320934818,0.924378616483274,0.9366098963453704,0.935787970066508,0.9400663971148542,0.9626074417528444,1.025823030326248,0.9864283693508225,0.9606100698159244,0.9017612656918818,0.9503245011240612,0.9436721852133356,1.026405857805584,1.179911090052379,1.7098822542021,1.233184391278366,0.7553684018424832,0.9088220661545824
NC,BTI,HN,0.991660857620934,0.8617364698414489,0.938928409018932,0.930214558790628,0.9822232410925962,0.9807083769064096,0.9445876374294152,0.9063255912369208,0.9618337217041654,0.8881910832666886,0.9364934528730264,0.9946979103843144,0.9971571763631136,0.9715483064503184,0.9698568960525702,0.978292104400381,0.94498202713417,0.9465230840049657,0.9342352464170028,0.949872499541533,0.9422629386498856,0.9417699237769384,0.9321572772404544,0.9488243280782994,0.9607580583573184,0.9885261019635548,1.068474458320171,1.141328075470466,1.272727912717542,1.325639277179541,1.283603287036143,1.54867171937383,1.406532715995927,0.9329323715142792
NC,BTV,HN,0.9595784837648432,1.113693508067035,1.226258340424886,1.191589447350252,1.357017332712706,1.705829461369486,1.573762447377641,1.441608777584743,1.533401304675424,1.295118700509226,1.273218676082237,1.150838192320803,1.012845801598819,0.9980052368959336,0.9581885773649194,0.9173895244564636,0.9220030892249468,0.9672982691592336,0.9845208968858172,0.9985216897391822,1.002608978921762,1.03962963100821,1.072793967565074,1.046174682841847,1.180177895561799,1.118727218472965,1.249302756848201,1.360525135046607,1.565666721641818,1.015535662363865,0.8450875923403856,0.9259310241397792,1.077523607735507,0.932771787516538
NC,CADB,HN,0.9467425274513916,0.8937405017344194,1.003939927575117,0.9382873385856522,0.983105653586312,1.068947172737599,1.084582093577976,0.998216502303912,0.9820527066968816,0.9666411226218304,0.91202903003109,0.9301656063836836,0.8724551038439271,0.9033510436426012,0.8974474892266407,0.8997782597433484,0.8975566388042295,0.9169791129341344,0.9100587026086524,0.903410969393056,0.9681577597454069,1.191112976336012,1.188926466565158,1.33791545349934,1.241019285693738,1.297790175865256,0.8548898903898772,0.7962822167843849,0.9291871780729714,1.151949228632737,0.7438436938031279,0.903684177646822,0.8945920418986892,0.9303992162270688
NC,CAG,HN,0.9887825849944863,1.107581516243241,1.115723021355391,1.066991380981103,1.069741831865298,1.09119551525163,1.003881376414349,0.9880832139101078,0.9871253376709296,1.085770272997419,1.128098197937029,1.078469540547753,1.047473391603384,1.112827288025881,1.168258187454003,1.268514428924741,1.325019939485351,1.306689628777266,1.265267221382912,1.249212982363827,1.526984919177789,1.546595956566307,1.285633521148941,1.492744568993543,1.026685908492781,0.8937609031381296,0.7841748670697055,0.7141826507291255,0.92185817045688,1.115520455880529,1.368899042045022,1.425676797713684,1.114401179991166,0.9261493094355372
NC,CAP,HN,1.169222025717783,1.119999900457642,1.155370611589906,1.241199676567794,1.23758416830348,1.216539745701758,1.192231464221745,1.169147768867736,1.272406131148094,1.151652425572649,1.060127736177017,0.9899084310399068,0.9332441869982752,0.9658040832938452,0.9522334818754266,0.9379648206158654,0.9372353282922204,0.9472752878397412,0.9321129971604292,0.936065410002442,0.9440275457365668,0.9492880217183072,0.9515547020880878,0.9762330013153466,1.032908699974855,1.011262203370872,0.9585773613555784,0.9483403971848248,0.6334054747150417,0.905573015679613,0.6668072693779414,0.9403095707707844,0.9830416336982244,0.9483421540538148
NC,CBP,HN,0.7624594654448521,1.008640486353031,0.9586630950329924,0.8575060261651253,0.8677357066625582,1.092442775523716,1.067693491308547,1.243030280086977,1.188119649871054,1.125649475581362,1.063984311314127,1.021750082277028,0.9712471261782774,0.9648268864588588,0.9541350757879696,0.9960878278735628,1.101291223885942,1.130456553315725,1.42974432575239,1.254523368866603,1.40061679749456,1.183368310753129,1.046141156913767,1.007128752685729,1.063766124152327,1.149633430174104,1.253346300122371,1.58047690776799,1.298831224637279,0.9962257583748324,1.041062104905058,0.9417227864498688,0.6783365146516059,0.923186444010355
NC,CBSB,HN,1.106751616993743,1.099641666669973,1.155286959074872,1.167761260837354,1.156176432109373,1.045335930642386,0.9903959494144084,0.9849839714881448,0.9898580228216596,0.990703497108298,0.9823279029827944,0.9886086615970354,0.9472023043608264,0.9434446291697816,0.9259152466046084,0.9356533628972789,0.9510987183055628,0.97116231407325,1.281081906473132,0.9639320929479972,0.9604067821290369,0.8865940688353149,0.8979665512200433,0.8794880388362589,0.8670786834862134,0.8418881012312269,0.8033580731294796,0.8561664236950348,0.8687319796041767,0.8785700257149557,0.9032317923039048,0.94901649169267,0.9586680181235024,0.923415345752763
NC,CCOB,HN,0.8735083724472074,1.2081121304482,1.215794931756085,0.9696224980539976,0.9791412900750768,0.8353832397454763,0.9571544624040872,1.294150058830317,1.364048271376388,1.283900888293689,1.312850916567972,1.195818252256288,1.032098868588698,0.9907398415292884,0.9171412712947,0.9244131558233571,0.9286776904108828,0.9316155255184506,0.9487933471399304,0.922312937524601,0.9209583687219944,0.9311023371032684,0.9248179891067674,0.924457658325785,0.9320070525198496,0.9347736832323292,0.9252743086336822,0.9298047717175658,0.927755894654366,0.9242302120737534,0.9277878290796234,0.9390128620800388,0.9605245946151322,0.9279160088040268
NC,CDG,HN,1.178469007508349,1.008472818890523,1.048660510631248,0.9342490723052448,0.9405944591766664,0.9629154725658772,0.9873914175677718,0.9905933443801952,0.9721051829788684,0.9801919657559092,1.00516476641839,0.9695312978993575,1.110461710113359,0.9553901251388957,0.9534894277186372,0.9306795721885212,1.022567568917901,0.9368761476749996,0.9389283335206264,0.9423680023003372,0.9535846227456648,0.9741113155015968,0.9747279384803518,0.9877957602879912,1.010344328224227,1.007320624360714,1.010371376687799,1.014286735944966,0.9913465661601212,0.9719509653268068,1.07271605446096,1.208162894820844,1.438782936886781,0.9433345488299312
NC,CDOB,HN,1.137259999983844,1.065820060927083,1.138129936570909,1.073148724464172,1.015988869263651,1.083791413702701,1.101036659153936,1.061621057280489,1.029890346473283,1.039081957652716,1.062277934519903,1.051134979007844,1.092513126994367,1.062294779680233,1.070967764498415,1.062457700158621,1.107634267674655,1.089212095148407,1.104813182366367,1.104156720337402,1.072777167575488,1.039235958336948,1.104900706398673,1.144620594474572,0.9966503813046186,1.152677235959306,1.068814691911875,1.102386102657482,1.296440089017756,1.257315411186493,0.9945191483577432,1.466902714137704,1.180570523381302,0.9347196977728276
NC,CLCB,HN,0.8769439925352757,1.007987867390624,0.9872465109734953,1.088454162975577,1.073562344810934,1.217144444858736,1.160491527198796,1.187061826632292,1.133514398966604,1.042053806099343,0.9705518184036293,0.9310157434650732,0.9448618128910536,0.9410018030448885,0.9299274201235826,0.9031963405581048,0.9136490873090592,0.9224839699719622,0.9105737464985038,0.9290110543333844,0.9235307185673758,0.9126854433420176,0.9009638728383372,0.8970205972261224,0.9009547575925678,0.8915800563474806,0.9038510074830544,0.9106317101104172,0.9285872520271736,0.9433843849056096,0.9943523479326024,1.062345532202798,1.189109332640621,0.9448399845415848
NC,CMC,HN,1.019084397566877,1.101345686109955,1.10354389753602,1.084979611951803,1.028149707500929,1.064289742795417,1.063581224999769,1.199297029714216,1.279889488447325,1.054371142469259,0.930240526303394,0.9332470586715989,0.9389443428551622,0.9454476643408468,0.9178843027051184,0.9369494724461988,0.943901876784285,0.9366536163312384,0.9580648626065136,0.9805741768233308,1.0682739957031,1.267643992572958,1.153899365084612,1.085866193272223,1.122245707055617,1.194086685192247,1.069388261730225,1.143681239761009,1.127479106393356,1.189086585907213,1.623276734861314,1.565741637564476,0.9670364530103674,0.9000422260195134
NC,CML,HN,0.9658054078223212,1.010762651385759,1.003085359733178,0.9799654341353728,1.03500871177802,1.024539148002532,1.048662334121812,1.042403904532552,0.9814803974743008,0.9645508804695502,0.9598949269416672,0.968191590825894,0.9431352658576836,0.9308801821821476,0.9640914404086592,0.9502622987739402,0.948099401345926,0.9629901852118222,0.990870911584883,0.986315028833584,0.9971177890523956,1.011417505082291,1.00002818472936,0.986164684051738,0.9852726076203449,0.9926575703951936,0.9940488023735076,1.002650242631899,1.074952638677979,1.138836021133754,1.317845852400013,1.193949329776767,1.197319252294082,0.9428983190945608
NC,CMLP,HN,0.9161533024354316,0.9647207263664446,0.9568979212680488,1.045070392295784,0.8951395805700612,1.077544530669089,1.062793433966223,1.03071881746638,0.9330094597880172,0.903036134100414,0.9210744820255928,0.862024328596141,0.8834623032360853,0.8883498105145742,0.8529336105358906,0.8575220752118183,0.8450178845458912,0.8700773581971499,0.8541636198382373,0.8511250476992139,0.8550427269679202,0.8568648682061057,0.8588351196890948,0.8613627890770809,0.8615409219982381,0.8674308914840878,0.8722287909416383,0.8901063810756208,0.9011247718954272,0.9471689968010384,1.005457793695894,1.093339185207525,1.212953008206529,0.9388815580881956
NC,CMW,HH,1.459104618483608,0.945394896101703,0.7693468495002315,0.8769847078379632,0.8114418589922546,0.9987300833938602,1.041888633578008,0.915868817522695,0.8746136056010598,0.9582767471197362,1.010742429997814,1.103563991359786,1.309692353472105,1.254144053062043,1.299160821985163,1.330253591727844,1.467951476457288,2.006951297598963,1.955905954251057,2.877677023105469,2.791528877354197,2.962480010611281,3.152946203630895,3.556654508065779,3.306356305949437,4.353764527437313,4.352653983392631,4.595577066093976,2.149746139322888,1.939818434771202,1.497091481314824,3.064412534756424,4.534219113485556,3.0192443698078
NC,CNI,HN,0.9323314640506192,1.141465367942068,1.182880902495987,1.091291262281401,1.129302774140277,1.14416791879647,1.040832631467747,1.116546356373447,1.043080551655746,0.9969795834893136,1.015837596992252,0.9625703161297756,0.9798209852461028,0.9258822308453374,0.9384373562524716,0.95236450446764,0.927993086204348,0.9358925094706618,0.9201124940470397,0.9294374961565566,0.938527642678019,0.9295941106163153,0.930892450159018,0.9528127425645848,0.9638803831640615,0.992318406998942,0.9389708480014632,0.9718856478095697,1.139359881905901,0.9118033274314018,0.9019908858164584,1.14387964958534,1.412564941872558,0.9344173912703893
NC,CPI,HN,0.9805604104896878,0.9863126516877934,1.038120318216137,1.015511335424472,0.9981142251502892,0.9614435983198042,1.064746976848364,1.06980727529711,1.065943440140666,1.080822776780594,0.996080071527394,0.9541978154182724,0.9674875042308844,0.9325455145126568,0.9002272489493562,0.8898380921371125,0.9292574780819068,0.9373744475379427,0.9379538245829288,0.9330811312392548,0.8979895020389934,0.9028426795629628,0.8819023033319523,0.8833188090196401,0.8801600692816822,0.8724255009380367,0.8753962480995424,0.860731720351606,0.8511065060195909,0.8368943316803061,0.8477857308802474,0.8243341526317466,0.8143476597779405,0.9214714639209924
NC,CPM,HN,0.9386802250243336,0.9300552912458117,0.9325075959916802,0.9267957826351056,0.9748871970209342,0.9757006370952424,0.904970431075058,0.9496926327690725,0.9705295444294572,0.9925119496808066,0.9534695531302152,0.9596455068154128,0.8898223895739196,0.906878941241566,0.9117929307439712,0.9231077914174634,0.938065787106552,0.9752727044575256,0.9427889621559136,0.9560293400478772,1.058436119501349,1.24488072578342,1.312493468153677,1.29658345873718,1.293554420525604,1.157550491883973,0.8391620313925082,1.108918884072696,1.097338540376101,0.99516418713269,0.989923073071802,0.9260724088278371,0.7792587710401945,0.9220529620071596
NC,CRH,HN,0.8994739177953669,1.077484675532644,1.337318075166452,1.347370405331405,1.306216069458312,1.161645888347559,1.104542036191771,0.9760261888660212,1.042618631832509,1.090745021820228,1.029207788915698,1.008648524922873,0.9329335989609784,0.930277393766242,0.9477617420932366,0.921089143812899,0.9223910297578728,0.9166468371214556,0.9171400627257408,0.9389306786114848,0.9296210744223282,0.9209768766041084,0.9344144255985508,0.8893435391646788,0.9333347433069042,0.9300486925723754,0.934666229282738,0.9031685489787508,1.054882806429717,0.98016491121775,0.9998238380357608,0.9298886460550938,0.9426063877676184,0.93132882482848
NC,CSL,HN,0.9092604895483104,1.084670390037153,1.082496798269786,1.148083770807169,1.284034994995812,1.299389908314259,1.294796891523309,1.322866123476306,1.510809456587121,1.364035781898676,1.29458472619502,1.185895599482757,1.08695055458787,1.043160471501574,1.109485045556916,1.280105575706363,1.258014299616627,1.116587831636224,1.243469308914321,0.9961647552462324,0.9757633458714816,1.024470318296531,1.502991242693259,1.090267393817971,0.973926566150616,1.117745928387561,1.22433662026031,1.264342126932179,1.427547941951025,1.320138225346005,1.278675041414348,1.178413414106235,1.034953917287267,0.924809936082883
NC,CSPB,HN,1.363439659286857,1.280329486076031,1.377798195756041,1.256554652045291,1.364315824405312,1.386575317854662,1.386603930206494,1.427955380660334,1.398879292314186,1.422778786254376,1.295956571007372,1.242053954397569,1.211193669943111,1.160095242312628,1.099855126327398,1.023590914936869,0.986457622175141,0.9553896464616444,0.906883549417024,0.8571648973816428,0.814609084822409,0.7766374911928242,0.7734317590172352,0.7670968503644365,0.7899813300192172,0.8469651321913924,0.9364626908147744,1.023412407426166,1.100547114393554,1.522394739111284,1.324056189074164,0.8867210450743667,0.918161523812042,0.9250451943611072
NC,CSR,HN,0.8999771234459031,1.571281594383648,1.762175065013632,1.722690079216317,1.303780567017977,1.41075720091884,1.32049400900646,1.327628509833914,1.331408075715814,1.116831008109617,1.238732285283069,1.258982588273974,1.117778890504968,1.062362711330472,0.9431481638313336,0.9771151991230967,0.9524799401028622,0.9503601982914828,0.963085676892012,0.9756314852135692,0.993514454877796,0.9721228520249878,0.981585440639386,1.009541714403587,1.042990794159449,1.170225372847174,1.134298123444509,1.031027177374322,1.035175976939027,1.032723099040518,1.044641885270893,1.019455086392856,0.9558557070915352,0.9279556969637
NC,CSU,HN,0.983364239889505,1.126447193167041,1.10713432350896,1.00904977295911,1.059966423942754,1.081522015355466,1.027855090215119,1.079009918347797,1.093376768029183,1.040920471956045,0.9554558517357056,0.9063734642909966,0.9249538883659626,0.9000982379436125,0.889054169109633,0.8719474682356348,0.8871388671339452,0.8771480312770186,0.869662991893407,0.8772785369610119,0.8699208489900172,0.8638914534737707,0.8714628438794724,0.8666292315120745,0.8747725174735502,0.8797650401296515,0.8724568395749338,0.8976142777471666,0.914054830351004,0.9004174762818834,0.9138004813599448,0.7200981594079877,0.7895925622337788,0.7857296654486797
NC,CTA,HN,1.347394955943183,1.468546571213586,1.214088536671455,1.209831676912578,1.265040507410121,1.403128248298135,1.377487278653262,1.417514413022237,1.481490514080616,1.537462036233688,1.586411694093496,1.351512159430481,1.736397794679796,1.353790291199501,1.144643929630387,1.106191353507664,1.20147656228532,1.220610057741354,1.210170235772058,1.137791324109235,1.059489758172842,1.055168810162248,1.042277498331737,1.041376718506742,0.9530530087588344,0.8915532382820355,0.8585744791412135,0.9212073585843158,0.9505001948396082,1.010071507463387,1.040174289125914,1.091505736379067,1.05066187572431,0.9448499946651984
NC,CVL,HN,0.9522298235480376,1.35517092754012,1.414679088638661,1.494869992535321,1.446159017129441,1.297371050797418,1.121962444386522,1.212765056161009,1.312849997766448,1.223391624372138,1.13237492288264,1.023472779696185,1.01064592894012,0.9875380639871478,0.9751123108870914,0.978984840396591,0.9802066226652496,0.9830598171503444,0.9750334154024408,0.958130240268502,0.9632673930277652,0.9379054651036418,0.9552229652984432,0.9461395528234766,0.9595600114614468,0.9569499674517964,0.9575160436944165,0.981142064523381,0.9895058024758654,0.9973924736091068,1.013316821588536,1.017508533237737,1.067423747769592,0.9314483732582206
NC,CYB,HN,0.7975732112490582,0.8474542029160647,0.8947720175643167,0.9558943551947028,1.008736996942001,0.9908556594685368,1.021079750739098,0.9803943452782994,0.9102440092726988,0.9379845983172236,0.8836499477472302,0.8971074380324123,0.893775652692393,0.9447213290221878,0.9576849521473316,0.9379361700306178,0.9465147454410028,0.9414917366660088,0.9772681730237972,0.9724932728796056,1.013998379852427,1.04699033863451,1.30303920515463,1.611047049296512,1.297298935659413,1.271639286584113,1.788422783186923,1.574173770061838,1.364402209245498,1.7271729921218,1.320549273097157,1.183444454755696,0.9305814305338056,0.939226439944469
NC,CYD,HN,0.9883231979667564,1.004000683087688,1.006841946169392,0.9492849202891654,1.02515359374451,0.956440231198319,0.9658377209761884,0.9498668160760274,0.9843604921132372,0.979943637830618,0.9918971884894524,0.9790573783281604,0.9609001583972638,0.9821319080640218,0.9977309802438216,1.000210535269469,0.9952243499869474,1.004780366199221,0.999103552529998,0.9844825313004392,0.9820997138177908,1.000779317696354,0.998311467983548,1.002321802367806,1.015610110588218,1.006081357913875,0.9933381980354506,0.986267228584112,0.9846242281040584,0.98635241087119,1.133807724334493,1.16936095746465,1.085173682879231,0.9612718431039624
NC,G003,HN,0.9288381076248488,1.022061121450261,0.9150884125016948,0.944395022715823,0.9142022657470362,0.9494205781887396,0.9137725954531788,0.9798287671905442,0.9207895045339918,0.965664287127166,0.9423372995331952,1.000078803535172,0.9835519309935729,0.993870675157928,0.9993761938826664,1.004282414190035,1.016019320441314,1.025460831869679,1.02236999504943,1.029094578415682,1.032951688452774,1.036013269534934,1.04915413068682,1.127345820190954,1.164000627428573,1.015058659498131,1.009047014572026,1.0825505305208,0.631755466629559,0.7842444421663606,0.7321395134352063,0.8415654589914474,0.9283198634254318,0.8769914608844158
NC,G004,HN,1.162336678114721,1.354150289214147,1.47283522604967,1.536059127158743,1.617156579793666,1.739980414374499,1.605314383932223,1.695751239411365,1.742600952020995,1.864918703837339,1.885956506276362,1.826057351651382,2.005131187854351,1.874591365667239,1.725970659988807,1.800428935372821,1.707594938428563,1.670079725063223,1.67089228076687,1.609361238719346,1.591313321364092,1.559139480192513,1.53231878900994,1.574294332900438,1.742693989589353,2.233568953066235,2.134270002928078,1.308258526589022,1.665533454003952,1.69282118708817,1.504849496846635,0.86724905898147,0.7051971646488139,0.8536865173674819
NC,GAXB,HN,0.7137853488171901,0.8555545472778875,0.8511062765543398,0.946598299360256,0.8778197464199545,0.974897230951682,0.9530215357377624,0.9590686738998672,1.057392450891667,1.026844458836844,1.042244075807765,0.95094425903539,0.8737206736254953,0.8953454463590421,0.8687162722198576,0.8955002233063593,0.8796094458606079,0.8919715257577439,0.9168301186095869,0.932714255837636,0.9178315372001704,0.941408600684426,0.9469060355243604,0.9321149903372576,0.9308985851947928,0.9406383941463462,0.9295627916772016,0.9209355796358728,0.9254244252313324,0.9736143268613324,1.052800422036682,1.168832183620116,1.079489009114857,0.9304828993772444
NC,GBL,HN,0.8415984558953049,0.983600821324773,0.8102311299917144,0.9971129569112084,1.062122760964282,1.044487201560129,1.028902880971583,1.168698990559135,1.016233447442026,0.9581969401314804,1.097469056196527,1.142604149685455,1.074963008419478,1.156064954824189,1.153028175858579,1.266333150304498,1.361606316767523,1.579898359612034,1.727140523076449,1.664626230434803,1.75836520227654,1.969463175321559,2.244559731993556,2.5124402469735,1.627212738902297,1.199421847906968,1.067100779799678,1.320800514857071,1.511120301543451,1.713552086516792,1.86026213408338,2.451391935123132,2.048023140997218,0.9580478222455256
NC,GDCB,HN,1.021456776688662,1.014892670845117,1.071025871480768,1.052326094531092,1.162432672394024,1.277946964936324,1.302341697295717,1.42850466230562,1.349288234759344,1.444351908737641,1.697614738382167,1.469824629393477,1.317776875430367,1.190547857199525,1.099732957035567,1.062035871333346,1.042608983733167,1.129436611345991,1.16691153446063,1.261762616105746,1.438084283528791,1.71985933994061,2.138390189467796,2.513204075079849,2.18088218986186,1.85456013001845,1.642815132066775,1.119736456614531,1.467174522425565,1.220178072949655,1.095806815435364,1.271461223001264,1.140731712884141,0.9309829630018258
NC,GDXB,HH,0.8750281444213288,0.8999617015873859,0.8298431723565578,0.912575104219708,0.9628140009161988,1.229543825669557,1.379472460706004,1.334837396867625,0.9929846026077708,0.9602735258027284,1.010017262124684,0.9690757599184824,1.045299477633931,1.149118298372146,0.9921566507856208,1.34361900660111,1.587730875058047,1.4713238441673,1.384912988355513,1.724879636922664,2.690888998816034,2.877449594756464,4.838018678434126,3.019438491372951,1.96925012784255,1.853698717109126,1.61585844575358,1.51955544656977,1.167614359324314,1.038232839717614,1.06226094075299,1.137179417268494,1.286069557418929,1.113427744348706
NC,GFC,HN,1.368818709899476,0.9773309014747666,0.8594443544541912,0.9360032585389548,0.9228627760206474,0.8651254227760794,0.99655552999027,1.001451816308793,1.084907416000972,1.072321103330042,1.084923082034437,1.107481333240448,1.148098247699844,1.084419308093697,1.024206524338847,1.015385635828975,1.055645549416822,1.023959791341758,1.006058523375774,0.980832347571287,0.9768277101130464,0.9678684736404132,0.9792934837484618,0.9653259390608596,0.9629292601072346,0.948446210073176,0.9365643978661392,0.9170419090567584,0.9640585891268182,0.9159727212759318,0.8923340002240936,0.933991110094726,0.762506275542673,0.9274868772699376
NC,GGPC,HN,1.008266843490869,1.135063090566541,1.270937256719717,1.34442756449936,1.379400261335447,1.393156269144233,1.328372700794015,1.415962807109407,1.34592959390425,1.312506946564874,1.236954439810484,1.149944835757247,1.020821553030769,1.018277584304879,1.009275045085643,0.979352841373502,0.9549977710557906,0.9783768282659702,0.9845136881949602,0.9884246667657024,1.011409047809521,1.00328979081962,0.993631699207961,0.9952283304491248,0.989204276088456,0.9846989573642134,0.9765545040141904,0.9736206439659764,1.021671122901518,1.141044285220576,1.427489033154731,1.310409290377433,1.320986259138025,0.9386132517448302
NC,GHGB,HH,1.019773741365661,0.9650108291176128,1.093604124409743,1.062122399945166,1.204246018971578,1.090322182807788,1.123143962459649,1.232726130955997,1.301074506802437,1.503377561709389,1.398722469520854,1.454252865832431,1.582872177398774,1.416732599633194,1.114021147451621,1.112210456012744,1.319677718163925,1.485190689744068,1.285786410999436,1.165136312782347,1.290548401775036,1.312915360515473,1.354403149169586,1.311123608641123,1.413257423309415,1.380582866906542,1.294876237687348,1.368250121347488,1.496553984948427,1.406049429305769,1.0840432775448,0.9060846905426758,0.7761462393660566,0.916117795664733
NC,GHO,HN,1.017631070546953,1.009122703286597,0.8409594263868588,0.8920808336091559,0.9957258056111788,1.063434130651884,1.054624376843902,1.205693060384494,1.18896180516269,1.311695515478403,1.343466740471375,1.174132858365204,1.096634384673941,1.078468217985108,1.018547294379883,0.9716479284078722,0.9557017354312564,0.9705435420590388,0.9600662288393494,0.9750946814820676,0.9793552690330578,0.98321391182282,0.9886541548221608,0.9830115834898094,0.9981095501707103,0.9899465663483448,0.9913042207467831,1.007989754621553,1.047581254281064,1.02827222143974,1.015017291047405,1.012246526726905,1.025192342042282,0.9278698750371938
NC,GMR,HN,0.9667019231043722,0.9174363159107968,0.935897306695148,0.930167036433432,0.9849675514873594,0.90580024053569,0.9085431757550284,0.8811687873889457,0.95246274528128,0.936306082231506,0.9397595719231304,0.9050522839230568,0.9254785212093624,0.9085616832299812,0.9011115053375384,0.906002249665402,0.8888827735981357,0.8986759183879872,0.8985585215700644,0.901943721906316,0.8981886945693949,0.895016230513095,0.9076493681224208,0.9090196005303898,0.898446587812731,0.9058003168661618,0.9340308120142904,0.992215403734706,1.144810281791825,1.304725779787393,1.474809933734298,1.542972206543522,1.261007912095103,0.922860495851765
NC,GNR,HN,1.178194343553197,1.045819802252679,0.8775217984803744,1.011574880296771,1.001130737566555,0.8911065651671106,0.9038986390530422,0.998343985603735,1.112141987600679,1.188345438614471,1.388260686284033,1.524332128019262,1.432606629264578,1.457042955012482,1.319605086077928,1.191165601713295,1.052532054761586,1.033598598187686,1.032506510821764,1.058332551010432,1.080986645962655,1.108131261404901,1.14790646929273,1.20276875269746,1.28799946054948,1.413020310520441,1.37897474287738,1.270567426528894,1.207882221638641,1.414359220612538,1.438028268073444,1.347873702700633,1.385172723316915,0.9411994361038444
NC,GPM,HN,0.7776014579024133,0.9929451679364992,0.9652128316493584,1.005033562423101,1.011374481851747,0.9428278701859516,1.020398728129041,0.9620088607439192,1.030466540680315,0.9629057194080748,0.91183878509697,0.908216612577442,0.7625384113670677,0.8374427011280838,0.8503595989083145,0.8575889950537209,0.7777487146709728,0.8824764049060939,0.8633658925816504,0.9022957102635968,0.912982893280233,0.938626105905512,0.9595148835238356,1.021325890115736,1.094375952144039,1.140233608705816,1.05399579757229,0.908143995576532,0.9943260355613736,0.9776401389755568,1.506979904655649,1.343424052316081,1.526173339491506,1.001834854783421
NC,GROB,HN,1.056032788851172,0.9877344751112452,1.07537776581174,1.015099202533229,0.9160081361245755,0.8519808731737643,0.929236848854048,0.8141373909568371,0.9726981900716888,0.9805309943270694,0.9758482496915236,0.972380529477164,0.935836748154118,0.9644159717102287,0.9496980251738066,0.9879189935691236,1.004524023402571,1.005356012081244,0.995332080467622,1.009456030887557,1.010785570354548,1.012191048578289,1.02153762514737,1.023195832390689,1.024656152579497,1.041779366821747,1.040061917970323,1.02650976104218,1.016431202202448,0.9867710606956424,0.942539224836626,0.8891422329306452,1.655628234780973,0.9434073601116671
NC,GRT,HH,1.016237089702658,0.9372323947852952,1.024232262763439,1.202883681095976,1.133799286927819,1.370293952553895,1.551587817355335,1.930744598587333,1.964947436781016,2.593753801971934,2.882979096975463,2.257962219179662,2.587376785049398,4.261798498048033,4.88516314278379,3.60915871441824,2.354405638668514,1.546978907517324,1.510111449446562,1.419745086531396,1.248235985196859,1.087576186825528,1.035856894486383,0.8774299386160943,0.8181293283037674,0.784204829915474,0.8402402304658803,0.849250908059567,0.9417198318998956,0.879860119210192,1.06557545321999,0.8152957596354311,0.8449324620571755,0.9046026539497404
NC,GSN,HN,0.9527433385485642,1.012822043892677,1.003125607844531,1.046992686095041,1.163940438408452,1.191076015283313,1.187816599415792,1.178647114891005,1.152495049029278,1.090960382765884,1.041463557735119,1.070606416752785,1.0161960486329,0.9890883013946578,0.9488836197256744,0.9384422630520002,0.9425478204309194,0.9322013502960008,0.9152479146509422,0.9141647342168988,0.9259736459200728,0.9282644958670224,0.9257655262977088,0.9346231668445616,0.9374928752083616,0.9306912323890512,0.9389745900914824,0.9470904664663672,0.947734949947068,0.9686131874255536,0.9963468272677508,1.047712026548312,1.102642997539503,0.9267085475274716
NC,GSR,HH,1.346546782464846,1.013019481769611,1.070701969228432,1.056052231095383,1.014348075920272,0.8021980231355923,0.9990237873157578,1.087543093612905,1.131387411605363,1.371359666684793,1.391093803358757,1.42212668274651,1.179310248830999,1.017699223730125,0.8448007081984252,0.7651427872269551,0.8119770795154378,0.8555260161196266,0.8766970439553058,0.9057590969448276,0.8678329563604975,0.8126510481044816,0.7284947808238819,0.6384661082959937,0.7649078872001062,0.6324438571200124,0.6535959071407201,0.7119316435544868,0.8275205602369572,1.323570906005017,0.8723315177967921,0.6624778236949718,0.7265641736872205,0.8899481686398185
NC,GSX,HH,1.238410984168451,1.082615487489439,1.078768106344659,1.084635700586378,1.10321879822385,1.024038239360043,1.058875869189588,1.243140812849377,1.067265242672343,1.165798075867978,1.141039358367553,1.015923594681743,1.264828253188274,1.263441461834968,1.398313691723232,1.16322079449731,1.192467560220777,1.440243686685126,1.436185066559182,1.516635585196896,1.549464052528437,1.72416771580362,1.629522977458736,1.29797173443894,0.9875484028013176,0.7669279078112676,0.6497000697418926,0.6219097045473649,0.6420276666913689,0.662724655165292,0.6656541748505764,0.6637310745892125,0.6792216956763474,0.9091086444593705
NC,GWW,HN,1.069424555508912,0.9375410733516936,0.8795513501242432,0.926169931174621,0.9957251697959688,0.8367307622644773,0.9863853515375828,1.042030027081509,1.114928287893455,1.207088938883488,1.360565530646669,1.595378538998898,1.930017099989135,2.141594436149999,2.015555290550124,1.571729127019184,1.49786635384697,1.650718341806362,2.193439274742671,2.742024788008449,3.360557820758077,3.578045553314328,3.000776566520408,1.53948596018473,0.9266320994200222,1.004074022225486,1.19297399187767,1.235537007708025,1.288532012417996,1.275737072588721,1.391122562584053,1.436933161406509,1.715849633957655,0.944228228150921
NC,HAZ,HN,1.126848256278916,1.153262110858922,1.135514954459718,1.20249087832038,1.090647244600276,1.111612051377801,1.029845882951851,1.048622923619049,1.016759643312007,1.02647873316695,1.032441973036221,1.035043855830814,1.002395174513642,0.9698312912095528,0.955378096986202,0.93777653703007,0.9283721899525466,0.9512587442747912,0.952129595528236,0.9350474755074356,0.930716782669668,0.921865335613996,0.9263619688255708,0.9373488850990284,0.9353408108799278,0.941541039672616,0.9335847331081278,0.932132766711455,0.9388976718546002,0.9507650502306286,1.016584797453857,1.034849997546281,1.160293821754522,0.931794104148779
NC,HCBB,HN,0.8918434937492707,0.9246613028477456,1.021396420230273,1.050979769630891,1.049724882097189,1.231976057491996,1.141240984803479,1.17102215368971,1.173072888193905,1.176956440162765,1.258393676787519,1.440424378651348,1.201159418558847,1.080617318280936,0.98433433955267,0.928811118569236,0.8796014778931373,0.8998942673874738,0.8790514713286963,0.8743890595770352,0.8908517589171674,0.8766324424561529,0.8905146583056764,0.9102565640688528,0.9742302315543384,0.9745687424684066,0.8660273599098315,0.8337920324436093,0.8472457145267664,0.8991283976020253,0.8736547422377264,0.8582504364322381,0.6972020091562842,0.9129203447452868
NC,HES,HN,0.8469770276651315,0.9796145637411422,1.109549682086759,1.328393209763451,1.622148009276215,2.312694499184845,3.467833010545031,4.330135695944334,2.490415121021714,1.385119596659703,0.6783701892061037,0.9226967383771576,0.961621283434963,0.9471226049875588,1.11625307778595,1.020843967216144,0.93367709036606,0.984826420684656,0.9220294304434752,0.8771919717997809,0.788424965726033,0.7722336220843435,0.7902430146332462,0.8817308098549675,0.8537952824013286,0.9803519073317296,0.9622647530549108,0.902411020329188,0.8875109144815384,0.8332018045147092,0.8862766368195548,0.7936124026207909,0.8974565655062523,0.9249780732710507
NC,HGS,HN,1.002149855873532,1.096455691946774,1.048414418405323,1.033165331958478,1.053643886774232,1.020901022850451,1.124935603725717,1.053117721497092,1.088132997048921,1.005277866210456,1.002344885152058,0.9726390940668208,0.9426953083903488,0.9460055513943478,0.9344953012046364,0.9585802360343229,0.9282500287145548,0.94884348059732,0.932741450584888,0.9441072497061258,0.9782698655656796,0.9818974760290318,1.018016161413209,1.018689730849163,1.048150754293594,1.066906530946078,1.100773613503031,1.163094807058642,1.199229800511309,1.335548355180056,1.525035105773255,1.273642595789702,1.313552849526386,0.9409266169910436
NC,HHP,HN,0.8696782281383487,1.031284064381441,1.123660897772942,1.138297587136922,1.180309703407322,1.389632080847741,1.38473943410231,1.616050289120575,1.685368959941039,1.554636214341238,1.497320642807489,1.316651123058599,1.247966702491592,1.138158750892682,1.029511051120459,0.9512834847416396,0.9156302690904268,0.9336344524789066,0.9137178476014892,0.902496499509772,0.87569681592782,0.8942098700565415,0.8991927581789788,0.9033962880248524,0.9021354460776626,0.9196108615625426,0.907782027266753,0.919189680218224,0.9465653673719122,0.9652381830687456,1.046354803707814,1.092434790128721,1.183806781446087,0.9340748509549256
NC,HLB,HN,0.9205212344155392,1.196624986839762,1.20009671158657,1.294699232009647,1.219850517678313,1.185127238693053,1.063724807384029,1.042199985366131,0.9237044358446624,0.8916195810427072,0.9996383138689788,0.9499760824878686,0.9243512033071044,0.9543453575617976,0.935612422624942,0.9769242027954974,0.9732295398713726,0.9636919887512436,0.9789495550294705,0.972602217814446,1.024037150183272,0.9798219739844788,0.9298514401826904,0.9438842370141488,0.999875176938705,0.9445872654394518,1.043587223741536,0.8656385230824978,0.9205780134039482,1.661311751028103,1.530998700841988,1.201475607759521,1.044061046629841,0.9172089488082386
NC,HMOB,HN,0.92273160029565,0.9686919462068568,0.9090347865267392,1.10199666195378,1.105507084498462,1.176749422374467,1.098636723496344,1.071395080936382,1.083507156148344,1.049934810062493,1.017701490756558,0.936639339023464,0.9305119298090896,0.949969316113276,0.9480710588661188,0.94193703821535,0.966389248982354,0.9964373770422704,1.023293959482615,1.052234685219099,1.107127174853889,1.217697241932143,1.27160224804833,0.9357264334241936,0.895570136592343,0.9793192752991924,1.045328088359981,1.057544361081566,1.148475540276787,1.22645898204141,1.209253240785742,1.316829001647434,1.20860668284087,0.9335242361452452
NC,HMS,HN,0.8110916307176256,1.115244156729406,0.9633696599346002,1.104693122244741,1.027150524083694,1.036300897691901,0.965914768315241,1.056281884674891,1.059657710126553,1.037019931558797,1.032669618305575,1.014828428653316,0.9548439093978788,0.9365725922896754,0.9798007577368364,0.95333863201858,0.9592443879637969,0.9911999394084277,0.981038061299124,1.00547740255005,1.037174784107768,1.048778506922705,1.071888840662736,1.081650117219642,1.098054966884591,1.123471273865948,1.140981145619334,1.156921562970024,1.19945510959962,1.266946037862893,1.293985192067814,1.314048076072574,1.413494140634645,0.9482148119076742
NC,JAR,HN,0.8307474904928932,0.7863577017863945,0.8340358028944084,0.8340655289122334,0.8232003534761432,0.838977254232317,0.8369696907414182,0.837677763000643,0.8080268544602859,0.7823961329939407,0.739189245003269,0.7797123096387379,0.7822138939431299,0.8419542463034202,0.8614616891337757,0.8830620349750476,0.9122296620717908,0.9352158484088148,1.081373299131991,1.278668686633409,1.15661941762989,0.9876400105093436,0.9360655342431878,0.961367039399344,0.87570896561723,0.8360001143208611,0.8502919705287361,0.8887484353548161,0.9117691900807824,0.9324117088669912,0.930732477580685,0.9406166167290412,0.9366264701723916,0.9304765065677664
NC,JBG,HN,2.35553606587252,2.302459797229944,2.286711275879285,2.236027508087382,2.026788287325344,1.660418535696079,1.670763115078352,1.461125898037149,1.191490895356811,1.278215368233024,1.320625229633322,1.296694209289617,1.531788961261764,1.657017007812415,1.652749845502138,1.498548979159533,1.398041997979376,1.366431848961158,1.261795297725459,1.24255442208303,1.296550242190532,1.251232293778191,1.203554335872999,1.094814968815719,1.066657102470983,1.02054972661899,0.998927177466359,0.9920921847394284,0.9812207234034154,0.9624528762753516,0.9947842336473884,1.046627275739046,1.135236957104256,0.940550870016922
NC,JBMB,HN,1.085451333582005,1.241322000479787,1.14534699878678,1.220938068361002,1.198166855512799,1.255241624960815,1.241723672832022,1.212952443382973,1.276472230938265,1.255792314300401,1.262024804588266,1.352000789490441,1.459130815381915,1.525458343420198,1.604312723920485,1.747278641883263,1.895165078422617,2.020059196616311,2.191828515557906,2.281025564735426,2.422105516046828,2.545029924417129,2.622939270521934,2.750142404904204,3.011397327970238,3.427058302315544,4.635242918229713,6.263441299237889,9.539812287764702,12.30013150532435,12.07730964076742,7.944204167346944,6.568091671470502,1.2904233678037
NC,JBNB,HN,6.704429263810712,4.31021730561125,3.078043322569543,3.331541892433358,2.404642456495931,1.833456695686246,1.38583677029777,1.024855792884331,1.023391114824923,0.9936294535657298,0.7549782889084296,0.6994089640526433,0.7989557357063303,0.8131764189869634,0.8000485917553121,0.7770601676731992,0.652469381156239,0.5073937556725534,0.5719519112339821,0.7037696328131826,0.8540844522029786,1.0575513104219,1.349825492343582,1.688735150628847,2.022186768212736,2.071886853349915,1.827112662211954,1.453749497641166,1.214842452877795,1.460623307446794,2.297593550699123,2.462090000100677,2.09266945387735,1.764808846350589
NC,JBR,HN,0.2224007309740696,0.3042314433303644,0.472253251848114,0.881591357348765,0.5765342272162792,0.6460064086935832,0.9954587821833728,0.9916784393550592,0.7821175307793005,0.9982881176496948,0.928689742688138,0.7669130296014877,0.7192183854621599,0.7617556668861034,0.7649947339869587,0.7713677410542168,0.7584206320379815,0.8222268998077005,0.8116614285036707,0.8762059062225656,0.8931915489748801,0.9151068236196152,0.9053594610300376,0.8968357012771195,0.8941746655823137,0.9665977183826504,1.076685356736773,1.093377592124778,1.060009579271778,0.953016236008072,0.9133804392686046,0.8651461243973885,0.8107690419975315,0.9198071423296958
NC,JCC,HN,1.091155472912204,0.9409476372970906,1.0589732321189,1.125705607893611,1.065050422994535,1.206512108300366,1.463970791844986,1.813526686396011,2.513573515321905,3.446456804225941,2.71666439852422,1.776841559303842,1.032825663024238,0.7419077320423915,0.991626328752582,0.9898294149923568,1.056593655818642,1.183432235326402,1.489259875043521,1.705175774890931,1.763528813162297,1.455222927048324,1.131055629481931,0.627169564644491,0.7285481052770505,0.7887141965917175,0.8179628559498328,0.7744209317200456,1.031140396513572,0.9951739710646116,0.9780487328440994,1.072443463633619,0.9442809448380524,0.9243234060766394
NC,JCH,HN,0.9350487050942624,0.9684447428567796,1.041186991614073,0.9647753097672004,0.9580768941431602,0.993906424565648,1.097541312949724,1.075220625638222,1.194175183858236,1.121093893102363,1.055222142036664,0.9992936068473666,0.8771032837822125,0.8462771313783127,0.8282180587111561,0.8180158857945399,0.823891489958901,0.8253462168376903,0.8264802925721446,0.8150441040222697,0.8097591373855203,0.8120063685693749,0.813283858865911,0.8115392292999574,0.8105984616051494,0.7935163414690656,0.7939592995184148,0.7926420515442145,0.8061078246395772,0.8000924423292991,0.8777448006376012,0.8916577570576966,1.127081961259224,0.9331639211046844
NC,JCPB,HN,0.9166592567717536,0.9465570925934462,1.035122710690018,1.140034257568525,1.103094395797537,1.098889432505986,0.9849158413714376,0.9951523011146136,0.944793791418694,1.005650469164515,1.106718595116728,1.007318230596632,1.047747246777539,1.02390436969011,1.024805754772984,0.9981002909947784,0.982864486052804,0.9636912833111092,0.980837000139912,0.9793828550992536,0.9978271010500964,0.99050442081345,0.9815972131838964,0.964324127356262,0.95484358453398,0.9170639634793024,0.8570874956781698,0.7692491926603009,0.7827801906097719,0.7045976976041712,0.7448953738763191,0.7813099951688919,1.041375043937714,0.9383235315729994
NC,JELB,HN,1.687023992866248,1.664109742253112,1.502194207115186,1.913704116895854,2.871937839353249,3.872398687902078,3.388610356604228,1.95053055845872,1.336270301542045,1.001394480536961,1.096527705176084,1.111854923388756,1.124364377550337,1.200042797627928,1.25081805099854,1.363030529280826,1.220043011490035,1.109993689479511,0.8043413577220809,0.7912587879239195,0.9482603067158892,1.091169602885302,1.0235136269449,0.8491240610307822,0.8878142153891804,0.8513577761064772,0.8829943354313792,0.8437859527969068,0.8732385613232486,1.035255936671829,1.263254187489477,1.327102756936126,1.210125047866863,0.9231249211841008
NC,JFP,HN,0.9959093118664426,1.163498349193357,1.129850671593897,1.126572202554714,1.22364934249876,1.312674547698605,1.261227594694877,1.145417335084256,1.153088743479475,1.190089628396609,1.307868042706527,1.249434115040418,1.155460391419072,1.071197915330387,1.007272138164666,0.992579904321676,0.9805993773372716,0.969730542750008,0.9459516405383228,0.9699697150499218,0.972042149093268,0.949040072634354,0.9470854129586512,0.9478215549791384,0.9300829797228704,0.9371926160362134,0.9372216297941792,0.9412364028914212,0.9403317129436825,0.9622948237480462,0.9848859689273962,0.983400411232107,0.9168161657883768,0.9225758624485458
NC,JHU,HN,1.231640470086938,1.271298908724704,1.339560677212773,1.281413390552841,1.255545808182069,1.336126383857869,1.361650821401343,1.323449192749642,1.336893860991153,1.288515910646875,1.301283738098905,1.320725862112846,1.349813147671892,1.319698595649507,1.3608898775698,1.384950719226575,1.435046069169741,1.418219643708854,1.41955824920953,1.401696159767248,1.368477707672127,1.388326794141204,1.343465414416002,1.266569878863414,1.215086162403344,1.200496983343452,1.137007663423051,1.067943315625723,1.036479728198482,1.081286433102222,1.241582035096396,1.539691560095098,1.584975909751429,0.9451521532831452
NC,JJO,HN,0.9635756731340712,0.9603475715306856,1.03452531403988,1.151778159712591,1.165015003495885,0.9957053595541016,1.015619171238945,1.125089945012927,1.158292052110489,1.062127714642417,1.209440382223578,1.102372540308787,1.009137814435925,0.9470126518941612,0.913461626008269,0.9374597842016426,0.925033602285494,0.924501230486078,0.9270229191998484,0.924290929346134,0.933634809657441,0.9235657071953216,0.9397255586455272,0.9919921749673506,0.9932795439937768,1.024651756973925,1.006147714453343,1.03465703288142,0.9893752898358016,0.9256888366336796,0.9689513739807344,0.9723620879350988,0.9470973033239074,0.9268006035480044
NC,JLAB,HN,0.975719012747342,0.9755529012286076,0.9962628828351834,0.9222304219358952,0.9261114165954633,0.9225164471952276,0.8997232506484487,0.8951028557212304,0.9579933823595688,0.9700323793703198,0.9864850363861428,1.026059716851393,0.9678103673284378,0.9312190255089606,0.940845711692232,0.9771405219775612,0.9359965348840056,0.9513798957589557,0.9380196111383712,0.9592435561698728,0.949348936324635,0.9597849117400638,0.9627704623061436,0.9737904426428108,0.9985163318883232,1.008173503452057,0.6670087975763064,0.9687986858137738,1.086061430643947,1.198953817447673,1.403109869288024,1.267966635152797,0.750203689288881,0.91562438440054
NC,JLO,HH,1.075076793497966,1.017046969659605,1.075661730178808,1.043719480414241,1.180306035485871,1.170697698477092,1.380979968149226,1.385582653669192,1.45905312615708,1.777141033756632,1.868240334417703,1.77786100367672,1.673983744180345,1.584049470390832,1.502881954844331,1.615553512574572,1.586758309891135,1.378737673384183,1.450933471287964,1.328203281313768,1.203882030043018,1.030801894926261,0.9455645252363452,0.7433914570273968,0.6529276158214091,0.6334157069814567,0.7828235502267241,0.950932447315994,1.111712534562164,0.6584069462109257,0.3878965705514592,0.429256255379199,0.5005234398176127,0.9000628922876499
NC,JMGB,HN,0.8998836404085211,0.90427708614925,0.9058007325469772,0.98737483705798,1.026274084186871,1.106642222022104,1.107686433621158,1.033936562934304,1.141576541290249,1.071953988658606,1.032683352654735,0.9781895462678568,0.948823335918862,0.9190372569009676,0.8803339701448791,0.8873586700372205,0.9099465236103816,0.9145545703832408,0.8617007591598176,0.8766340894228611,0.9038252486887188,0.9000770691092765,0.8690791288052779,0.8758663256388382,0.8719798511823804,0.8784734593919988,0.8773556139207228,0.7965409989137748,0.8796066742309067,0.8874696017078109,0.8883438350027025,0.8972499237050492,1.003550242870655,0.9248849649154764
NC,JMM,HN,0.9339498149990983,0.9081843783985448,1.039260450436306,1.055020616830383,1.149452967810424,1.36816656846092,1.509555637027109,1.566473737329936,1.666164595068309,1.556844876012992,1.651669956088095,1.647088112989941,1.226398933339834,1.031553798963681,0.9662399384418878,0.942424327834465,0.93299793103477,0.948906127557572,0.942415181215115,0.9298076994093432,0.9250077788135044,0.9421358931036544,0.9373057790003432,0.9540152878997205,0.9452438444091666,0.9374006887634454,0.9690654069821452,1.079308394866316,1.176360644880365,1.253773500686752,1.129224675102049,0.749253775270052,0.7355672486001735,0.926217391829676
NC,JPC,HN,0.8455541452963812,0.8768934500788911,0.8273218949944435,0.8254904344114875,0.8740708577201652,0.907900648332696,0.8973747522933286,0.8603721715462573,0.9731201102376248,0.9869359781482904,1.004722629419808,1.127383895998538,1.105965143173498,0.9725345381027942,0.9156784143243264,0.8873647607396067,0.9387680374595672,0.8991689058811395,0.9286490412595674,0.9124641699268704,0.915098873518038,0.9213324164240922,0.915332870089937,0.9143311643273796,0.9288580897487878,0.9324616650838142,0.923543556101802,0.9222175924237244,0.9225491467282816,0.9174773078611268,0.916696702718399,0.9237634474728954,0.9175573571275832,0.9231054514237044
NC,JPE,HN,0.9771251603608644,1.044284228448443,1.103429506377974,1.200017575922781,1.183854121581505,1.195569619687168,1.160023964476241,1.133765308618286,1.529898949776678,1.870760229008182,2.588651078657907,3.227806382130772,4.202259050248719,3.641152915687054,2.205110771715289,1.309637871326116,0.9854113592813412,1.052176093696196,0.9987325918252068,0.9911299966395802,0.9751234347638416,0.9884148735673388,1.004328513040549,0.9757834151252656,1.016838324389314,1.01010571658666,1.003840490301405,1.067451388428223,1.183381165551377,1.438428504324066,1.384815303838735,1.368765216011077,1.108854217259163,0.9267984350528086
NC,JPR,HN,0.9374204713995576,0.924068252112246,1.015454579214309,1.004665519350932,1.069831424094166,1.052726419602804,1.076198448660974,1.037516855847817,1.123833233344519,1.269596826080147,1.275800518658132,1.24057357768038,1.113781718789035,1.148234101622274,1.082816187791281,1.049381006927395,1.06936372381801,1.083849890774372,1.216924274099956,1.289042447273,1.39504586090175,1.463828900956906,1.112857518293978,0.8508705256999606,0.8575189093848485,0.8968848085524446,0.9448823593642932,0.9530888932225612,0.961175978050354,0.9585263871639512,0.947472196703986,0.950926415931172,0.9479637746545808,0.9256311040969268
NC,JPSB,HN,0.9631131293760812,0.9794056122103176,1.028432492555601,1.02568161390552,1.147933820960349,1.297467938825374,1.269256727368235,1.327224255309684,1.397713080974289,1.667653250751246,1.746286278770486,1.790914121297029,1.744071294825276,1.307904863881518,1.149704377414346,1.054627267667958,0.9797558476435704,0.960166389381814,0.9305589157148992,0.9393512093497588,0.9389332178947972,0.9460487961110212,0.9544049539643298,0.968336675116116,1.024691082368545,1.067711956327705,1.079000198867989,1.053714704358218,1.082330505747418,1.198997104807076,1.173697078869426,1.057944033868253,0.8934586816338973,0.929264760469054
NC,JSA,HN,0.8889930981094364,0.9276166728227334,0.9992394281359258,1.111617507640178,1.074053803658885,1.23878049171404,1.2183445996931,1.283266022256484,1.23275091678836,1.240334546817656,1.29477151035066,1.169045278451646,0.9651556646838052,0.9357285371724005,0.9386526822300916,0.925492361442416,0.9652452874879844,0.9503308469270804,0.934380226328336,0.9514939299942272,0.9529484179912572,0.9381675285878937,0.946323850542312,0.939149186102401,0.93312981496047,0.9343113306869262,0.9323649537523168,0.9453779227841096,0.9389705578136892,0.9402498127882932,0.9602902589307656,0.4582068087386158,0.7075661537777332,0.9245885551393884
NC,JSB,HN,1.068289255152684,1.035579204002321,1.023811668746556,0.96482328225141,0.9924498382818756,0.948540437342968,1.004268352433607,0.9737420766288436,1.019889737184637,1.046930471321215,1.042869089955561,1.019668501386774,0.9956533449388362,0.9566562108119908,0.9257744937016468,0.92196336748236,0.8961584229585267,0.906585523794336,0.883096556100344,0.9137168284415964,0.8897911845414179,0.8728284700583957,0.8826112860723431,0.8943972493040555,0.8844417922391747,0.8824837734983675,0.8775234489455029,0.8827486417480226,0.8800922754972584,0.9000181430304647,0.9094379643597684,0.9134465621088828,0.9631013117769844,0.9292395867588704
NC,JSFB,HN,0.8526021081593845,1.227562862840202,1.412157545791681,1.514257937539479,1.819262136962115,1.863921511611118,1.625658112880724,1.36675379639224,1.209454815097202,0.9584757498704912,0.9159218256265552,1.17204485833113,1.153295557437384,1.116001905330979,1.03050147796216,1.031613995318695,1.010970896288075,1.000006365162132,0.9876662929548364,0.9812954360302888,0.9792855360669892,0.9582802292905462,0.8796349860630962,0.9004831821231083,0.8647872830000496,0.8185828542138602,0.7806129137818615,0.7974315790692754,0.8207831784509415,0.8209872398676208,0.8624308440242445,1.088061066424071,0.9421312612978344,0.9281100122209522
NC,JSGB,HN,0.885321850336623,1.301504134575406,1.39734577642445,1.380932314062068,1.439041814898743,1.473876262978277,1.64639072486097,1.513127345931589,1.153581264191283,0.9282650192468076,0.9566926825436176,1.096327699543874,1.208618391976476,0.9805441935871216,0.9602225645656284,0.94064067590809,0.9520562553444516,0.956041261015678,0.966656142898764,0.9459179837058922,0.9435870488666231,0.9316001862239808,0.9217738769054808,0.9430052273915556,0.9553425710104329,0.9529096137205288,0.9546823659091,0.9720889176655788,0.9513641317845564,1.012321610502657,1.036442737662991,1.165373409515634,1.080553246158526,0.9348865776610148
NC,JSP,HN,0.9780076597977266,1.007553206223708,1.044219771287157,1.042049246174297,1.058336663598611,1.0333541989835,1.004442051564268,1.030424735968359,1.146335621954656,1.059104906661439,1.096161421905172,1.099633916521527,1.133558159912801,1.080452939597533,1.045949251871776,1.055776800757577,1.056903519728823,1.031441416898846,0.9828479231034192,1.004716504490531,1.004426567833814,0.9806546832162318,1.028362984842251,1.096293442914809,1.025318713107217,1.01087097585246,1.220179052464711,1.08358364114251,1.126407530807196,0.9051699152268812,1.090773861106162,1.215320925431191,0.9978209892822744,0.9372429966629215
NC,JSV,HN,0.8463177281624699,0.961707970034714,0.8452510550972133,1.035117275893287,1.195687534407639,1.271244350715882,1.356324517742796,1.470424157466979,1.843392893372176,2.482678354911537,2.579316019101193,2.496893595399346,2.218165931482661,1.083855536185589,0.9885045726010492,0.9784765203415676,0.927360382363943,0.9013869714935416,0.9014387425814642,0.8812755213881371,0.8784154408602585,0.9105276416006778,0.937654763616758,0.955564433376378,1.009658562085685,1.121525275013137,1.330617844436309,1.201851877024286,1.138426331860826,1.048749965969102,1.201136682865835,1.473365296167205,1.63052021698727,0.9443664849168576
NC,JUM,HN,1.468298998474509,1.376552574007144,1.350315533703053,1.408141673317552,1.476606072213896,1.490136015951283,1.45185538801722,1.443918212017248,1.568793778556599,1.549963604931262,1.396326675887499,1.449610610798924,1.397818419064458,1.381878992417241,1.393952726177736,1.371071880146908,1.297281362546922,1.332576399131577,1.289252217732858,1.288831058552065,1.272770456770561,1.233543234782351,1.190356001639743,1.187466199608941,1.15860360076523,1.141445829878888,1.132994765027667,1.127720573268692,1.133781329619537,1.157051574407381,1.105352093124842,1.058324142668134,1.051785124328943,0.9309598328495304
NC,KBN,HN,1.02792051073012,0.9543376678799612,1.063044631195529,1.085881959330914,1.142230755178291,1.259468905031081,1.194701779952618,1.213217560779682,1.156120385250273,1.061921293265963,1.061628691175965,1.00509421563668,1.005849819391283,0.959973730110636,0.976623740642143,0.972535740673542,0.9682777836108212,0.986321741833762,0.9836477235079824,0.9674744113061328,0.9560893137483384,0.9485617805267574,0.9550968957161876,0.9477325414121586,0.946574512173448,0.9458879576183205,1.015192100104052,1.158548627983542,1.129125513181456,1.03159077193321,0.938882496843055,0.8303242259027303,0.8847303768417084,0.9210661752134486
NC,KBU,HN,1.284805231173479,1.172043143684464,1.04027580142847,1.179654743489484,1.18303640625069,1.175519967713838,1.224370062139776,1.409062915610193,1.545626361154,1.364936425253721,1.36615749350281,1.121168771234935,1.083013698484192,1.015759020230529,1.002143076464006,0.6867678722839129,0.9464987071195312,0.9551044627081148,1.005025128238345,1.033249484870029,1.083055493028251,1.050735557024941,1.086404083859414,1.051113761406679,1.095404206861079,1.220448947007747,1.388647130645655,1.120550017509005,1.290423795449133,1.305806998829971,1.180528157978268,1.388582022553229,1.644842957037081,0.9653291705428296
NC,KCO,HN,5.306764798550741,2.783660227314197,2.312432101737546,1.751121214531818,1.739850473221953,1.534293013299935,1.601133924588148,1.40226097299251,1.503583293788192,1.413383103137159,1.40879072660939,1.39562068782089,1.335932909033393,1.323279386081828,1.3394154538865,1.33652865014116,1.420574640958389,1.797734266487105,2.328078279954835,2.472060707463045,2.256530147279177,2.254821191499454,1.995152952648137,1.848853216593991,1.720775018864239,1.712704526314903,1.696695872195497,1.874124118124911,1.527906710887742,1.862551638858069,1.317381431761773,1.341133430798954,1.245972924889982,1.016276465573638
NC,KCPC,HH,1.291111970244163,1.179761995900191,1.296475511479313,1.21446752199847,1.18761595905258,1.156174642057306,1.123250201976968,1.182551544288845,1.324569903305403,1.502066720768975,1.369294644895397,1.29276049312531,1.24034389536428,1.374840664725482,1.577895197979402,1.478240366845454,1.794251412669633,2.062763941995581,2.102698254449303,1.839094159182196,1.769589085781878,2.697563197968474,2.845002167810874,2.633034942146179,2.170622657308283,1.633219264953303,1.480598104372945,1.402086512649587,1.576463510123434,1.228742606815769,1.197912955629643,1.05384475412837,1.091103228185911,0.8927035847972278
NC,KCR,HN,1.020103343009611,1.218188681499475,1.118262551311296,1.21171603676968,1.134898514331903,1.082655607844016,1.044347691173972,1.214041154099206,1.171550123491315,1.09185748097668,1.029784239136932,0.9986428227064678,1.077663196388461,0.9651942113359026,0.956938569154125,0.9988656587344622,1.135249050861994,1.09947426615061,1.20267951894818,1.333777732383673,1.521308989328935,1.676496927581801,1.810528144189948,1.887561540096347,1.877872096524393,1.885114007933409,1.979757277045263,2.133817941844995,2.356347199828115,2.818485378408125,2.374903343903342,1.837905859973297,1.175881572794963,0.922201698991152
NC,KCSB,HN,0.8970476822110554,0.8870773154587941,0.9393866564499886,1.014622648915715,0.9323782501514154,0.9229878368082208,0.9208165825203036,0.94656226761664,0.929029960086184,0.929146363743366,0.9284328751116032,0.9218530781428862,0.9592199722259248,0.9362619412804104,0.9276115123717468,0.9227950809794836,0.956299760099894,0.9449547239870696,0.9196603438935036,0.9233643680240148,0.9363431230583832,0.9355880810636228,0.9416493004732136,0.9342175512527652,0.943162967700589,0.961073217276912,0.980466444093573,1.06552959011798,1.226622543895283,1.24825090242786,1.245195489364087,1.233518324393204,1.23354555149564,0.9329134915487698
NC,KFB,HN,1.343939372819013,1.26770198641735,1.158380962047497,1.016337677719444,0.9585661673803514,1.1042045150678,1.189109749834953,1.173912855706211,1.238377421063279,1.171107367966005,1.165181685459421,1.128369914651536,1.088679676777443,1.046810699058644,0.9855962955530408,0.9239924328322696,0.9218252738867247,0.9595298677562312,0.9630830000113992,0.9426974743514124,0.9416097168446512,0.9681811319259076,0.9726323514895936,0.9933842165502614,0.9777576379757056,1.002842101773769,1.037203720294308,1.417262717241945,1.612213678584366,3.179026904048021,4.048044341917183,2.922591046328828,2.053021486462682,1.00133250518713
NC,KFP,HN,0.8403569398577315,1.016632657423627,1.008826750123899,0.9323847150981251,0.8725443737478732,1.006829963235934,1.044889211522732,0.9718441721325716,0.9552502320465311,0.970582079891368,0.9837436539086224,0.9954407816229612,1.007170785413098,0.9648656381533774,0.9317790535970026,0.9294037835558544,0.9435362400400816,0.9526927997196106,0.9788580845194476,0.9761426996667514,0.98466990143595,1.014453778368489,1.03858264450405,1.010365220304534,1.018152341206363,1.046470006885649,1.086650138537464,1.055065473554728,1.062539373322198,1.137805930554327,1.154213005806237,1.137787573748128,1.202295023600995,0.935216786594702
NC,KHBB,HH,1.812227965234897,1.828198795477359,1.917277912308573,2.102794600303995,2.001082005940764,2.014500217872054,1.930931572961629,1.956566724459023,2.089726350158974,2.132688724685344,2.067084027592363,1.963540767625661,1.987462509065709,2.241568755704055,1.914839534465097,2.056556668087784,1.912526765428792,1.728809090733176,1.815201125726286,1.784403618038981,1.769296750235686,2.148282425688405,2.377272808040602,2.511299711643978,2.14787923265421,1.93673105293444,2.321831268008697,1.933348617192791,1.886729369571214,1.837836077052697,1.917029773751167,1.946601687956081,1.985834586148816,1.032354232399995
NC,KHMB,HH,1.087130056427636,1.106111949518295,1.112522688847912,1.142956996274189,1.061654080284375,1.09771784549802,1.135058123162981,1.419971501390294,1.450303532509579,1.328757007597801,1.326077294461658,1.24343768061833,1.31031560845683,1.069440347367382,1.099897706621477,1.093895204576737,1.123590209865299,1.484236319966408,1.468011666852687,1.17665743440824,1.547210288425503,1.8128943230153,1.63045560181592,1.657309107111581,1.149262688819699,1.141881623851519,0.9577315742264834,0.8286955637961388,0.8632097165619357,0.8842867654544497,1.083369504175167,1.23475232820976,1.348779056147433,0.8798887734548666
NC,KIP,HN,0.8968614784111175,0.7153038070544911,1.026686764361142,1.139707789794533,1.254291985843333,1.124876108433006,1.161894243490785,1.208851934082523,1.187572270092432,1.267948687169101,1.025444967541438,1.132624706599965,0.9197558667074004,1.057662252750427,1.048038261942755,1.141135113851672,1.054539310240074,1.253699841802078,1.302083401337253,1.268628785833574,1.283497460835952,1.36426727936733,1.521100611959888,1.297779614256835,1.24616780376358,1.492850838674388,1.554199691564174,2.192994686930335,1.658620958914579,1.397667536457622,1.481126770078359,1.660820668223332,1.308121367595254,0.9928249019072009
NC,KMPB,HH,1.206866883943857,0.9446247030939744,1.080365353617833,1.226904649000197,1.125386606001858,1.131234647509199,1.148575183280789,1.248842355106561,1.495957235797998,1.744069748385319,1.843374958674609,1.869030208197758,1.796137482665225,1.863457251455936,1.946617927583181,2.443870330136345,2.605001131535586,3.002944901827644,3.787877868486253,2.994906600943241,3.268597835172437,2.787154360731258,2.722397689293998,4.169005206283925,4.282181392403497,3.174303900706075,2.464336117081475,1.972628922042049,1.361823558167302,1.350123297225471,0.7115957632471707,0.7771558089399966,0.8360409725176028,1.130935039368181
NC,KOM,HN,1.304729522172673,1.407216534555072,1.353092127670067,1.443077781046097,1.375614322609408,1.353553430009861,1.307526712883376,1.302273931289034,1.200136187838024,1.17460962020099,1.12653666837199,1.156785805503128,1.119932002924631,1.152827739952795,1.148751957150692,1.115919534950213,1.136990180557918,1.127105734540486,1.155917486205969,1.174986879726488,1.21079467205377,1.239203705793223,1.291722348659625,1.376797748966414,1.414654100534865,1.490043497682868,1.564799086694112,1.695027969895201,1.783422721238923,1.94234424806566,1.787832349421617,1.848107878963091,1.743224023180557,0.9752599647241436
NC,KPPB,HN,1.209426694387216,1.168126640326329,1.111615289222806,1.227881710157879,1.346872986111642,1.133159487853415,1.154359924949486,1.199618246308571,1.161047503490694,1.205128458906707,1.091783151578421,1.097530864731593,1.059603955748308,1.062732427689518,1.042495580091854,1.063081422885804,1.031160324818172,1.068443722614381,1.131350300257849,1.181380041118689,1.255206746014021,1.46723623863672,1.574745257359214,1.650770472083722,1.662622416273924,1.597919612546145,1.966422197694536,1.812957280378308,2.350088083800143,2.612299045353625,1.962961553267343,1.310759703563426,0.957752462879222,0.9848169637578744
NC,KPR,HN,1.041901504131612,0.982737585438568,0.933627375896973,1.014366371303659,1.073511177766493,1.036860998999693,1.081766949934667,1.103503043023618,1.15948132332087,1.261904037266679,1.324848736021471,1.218543256669507,1.241472326902325,1.113557674189282,1.095270081709142,1.018100333816033,1.031280707588041,1.06864272496745,1.097474255916533,1.223147220947129,1.418466535889411,1.770060064168139,1.810580485326857,1.80472794645459,1.821654188432301,2.001042639359553,2.434651563087875,1.421623078709878,1.107713914959156,1.164579632732398,1.149230494815575,1.701957541838438,1.327222072011615,0.9654713600387264
NC,KRK,HN,1.031882321199132,1.136266188672993,1.052521645382708,1.129626136136751,1.146257532283536,0.9680539936771526,0.8967515528398924,0.9021497988093587,0.8971875961351267,0.900356506143767,0.7722080595776327,0.6746454801275198,0.6656685595160662,0.6232848609903116,0.6118769423590276,0.6377838607477394,0.6919949742757495,0.7567572633918186,0.8271301089915648,0.9446079612472986,1.096216258172157,1.245261439508623,1.30010371397668,1.431495076392485,1.492416633550136,1.616117705155725,1.919052522103681,2.927602545248465,5.058514761240431,3.216259512129837,1.738011263409117,1.029886945669123,1.087925844086288,0.9187019531945816
NC,KRMB,HH,0.970949912339536,1.06808135444129,0.8964453825728455,1.056117700587395,0.9790441191892664,0.9934270627189792,0.976952018053557,0.936592343996101,1.092752300789318,1.130532256788628,1.139669767247375,0.9788347513994622,1.043389878436523,1.130977314937331,1.178513647929554,1.405099567991237,1.310020731242945,1.313093113731235,1.564211915182898,1.641458986539495,1.746142320316844,1.802169746135971,1.772146036407455,1.57276346321452,1.493273925399596,1.367862671519461,1.428174406880099,1.35278326764343,1.711487306263876,1.968112493785054,1.973643036549818,1.757770053690084,1.88311100774329,0.9527001310967972
NC,KRP,HH,1.04484033278525,1.039244154382852,1.101197679619963,1.108630464682828,1.140059937984121,1.002493794800278,1.039514590518159,0.9262997150052414,1.009554604266488,0.9999690661329148,0.9055258705617476,0.9401543240494928,0.965076468406064,1.017746967363131,0.989823616132132,1.011716257033115,0.9981900189769416,0.987783455833795,0.9599000104698032,0.7940295335254526,0.8354293354210016,0.8018519168320307,0.7767331936158302,0.7852387194192184,0.831614392819217,0.8130602514886411,0.8318744813016306,0.7788607152222504,1.053608753497856,1.238498622839179,0.6786689132452184,1.194932656022488,0.8346687443236129,0.8444453358530262
NC,KSXB,HH,0.8179622345945887,0.96440917472457,0.9311312668142344,1.40879690060336,0.8876036820553613,1.272327046624851,0.9655232280757792,1.043663074000635,1.041696439289898,1.068803503765295,1.289643313937706,1.227145382996305,1.319556787949378,1.163722810768351,1.115847360616071,1.110384225658562,1.10297321000946,1.217981592912166,1.33022653298849,1.365685763458914,1.40072970120462,1.502359770981468,1.664336621729157,1.70126343758635,1.722148989095118,1.439871763284523,1.224815289726542,1.115197806689685,1.01715852563049,1.201995629705349,1.281307018061328,1.770167507426377,2.161065757192844,0.9705818071493856
NC,KTD,HN,3.06346603338302,3.172223281538137,2.432399777122412,1.510362635103728,1.204789234049776,1.704832060467391,1.758794594866979,1.401530587143105,1.489451535203006,1.562810772751464,1.636361812395675,1.45244777200542,1.505869377193566,1.452692683847153,1.401394088364629,1.389190210318475,1.378692957810762,1.323165477624561,1.3328458004401,1.205110517456763,1.203759541740978,1.256547608391571,1.333737114081867,1.265416395403755,0.9773693984219712,1.211110056364802,1.735973311348577,2.520240358175369,1.630451019602326,0.9143855778091848,0.3276642146617328,0.4467084136683047,0.8402949913338715,0.9849600008688808
NC,KTJ,HN,0.9946292206706214,0.8852039595139559,1.006282769065355,1.025165347735836,0.9957669952493756,1.04410671248177,1.005718329972022,0.9901352731034404,0.9413751902170452,0.8684409620310023,0.9203870064308242,0.916036941572977,0.9120298342439764,0.9320552139289284,0.929135481396456,0.9234465409694635,0.9214466410178412,0.9380118199049712,0.9413509177585192,0.9370602983189537,0.94682820090804,0.9624733912869344,0.9993082357724504,1.005469143600663,1.121269775537152,1.246406888188996,1.39181289112623,1.423319427947507,1.360678015845301,1.558691358856508,1.572864197302987,1.550876176334657,1.677445902383667,0.9479894646528232
NC,LASH,HN,0.8977322417066222,1.065006961685775,1.156425324669058,1.276156844460812,1.391946029154848,1.254439685763703,1.099950748189151,1.158191200627769,1.020777020745821,0.9534109617914004,0.9485467624211996,0.9362241804972598,0.8974934475442783,0.9271450882590972,0.9225340757572436,0.9349218846503186,0.9258634582982258,0.9196798061944969,0.9271210192686092,0.9210129371216172,0.9418616416996808,0.9386014221506036,0.9945302188200188,1.141629504692043,1.267680930078073,1.341813409900082,1.087280558589302,0.913799333043008,1.070928017393292,1.09236187437,0.9792626712180048,0.907575598772476,0.757957972758912,0.919852507878288
NC,LBL,HN,1.002360953993994,1.224628936319144,1.377019046218684,1.48415022134267,1.479775577317454,1.381478527968283,1.263543845142377,1.183694835894042,1.193561924449163,1.018200145266577,0.992499413338161,0.9570857555947124,0.9379129568831154,0.9629523719758668,0.986535139407302,1.003354245462178,1.051252246543553,1.091959407869343,1.058127647019922,1.03571755629971,1.042339716280798,1.041870751673699,1.169929133699862,1.05173379939341,1.319832146632287,1.263340382312341,1.032427904179854,1.069000021521851,0.8757329768636701,0.7169589467358908,0.504645672957695,0.2163436025480573,0.3071097407004925,0.8294505714592472
NC,LBO,HN,0.7696467968693572,0.9123693834507862,1.185101359226913,1.323348817241654,1.483269731826899,1.749079842643272,1.846651917711192,1.871833579428788,1.789420865661346,1.465464600576003,1.38282537829431,1.1787456993027,1.129122870023908,1.171761613157114,1.176139324534925,1.185480023251149,1.177802669013615,1.145687027073458,1.091596640776441,1.163350748593578,1.151233422412387,1.162861467293767,1.183697932629897,1.203542598486534,1.277919781687429,1.287448636000347,1.548466348321268,2.123337032672859,2.468595182570821,1.642583171408752,1.12833091617896,0.77262197787257,0.7758400185177512,0.9264983531777335
NC,LBU,HN,1.013506066171512,1.660976780676269,2.189659097477136,1.823019096721687,1.450515008108137,1.220397930317102,1.316009564117304,1.384939737457754,1.214682041582761,1.06189004096035,0.9826199746291878,0.9399015514379784,0.8973491649878768,0.9224959090747128,0.8902153035598721,0.8937487322932403,0.9043255722965672,0.9618183611638428,0.9450276822671212,0.9779928363204344,0.9326994142734109,0.8851788941359471,0.8457222151631462,0.840529292086147,0.7844525412095487,0.7586128804396892,0.7560180812990089,0.8196349891910301,0.8244984383202145,0.8587458629739486,0.8042255525286761,1.143632056263523,1.146130160626666,0.9238633867413149
NC,LDH,HH,1.323221762307291,1.473219325711709,1.632187486151293,1.719906870678609,1.45099717210315,1.320750802943214,1.214204622899449,1.312969710137482,1.261127194286158,1.304418890717749,1.300480923517071,1.129902212244833,1.1221881738073,1.188227180062333,1.124188213951253,0.9822579709556613,0.9553394730921344,0.8337288086277849,0.8545749923722291,0.910010613959956,0.9004853946676648,0.9617088611221902,0.8820756733722456,0.9106109648081115,0.9241588836861104,0.9974459838339732,0.9843365619506752,1.139579703738324,1.26343772579924,1.08070282478964,0.9157617018205916,0.8739886147272322,1.022503679415121,0.927315525980916
NC,LDL,HH,2.014995249429769,1.193316757377571,1.505340686708266,1.454749572898491,1.587086182417514,2.248204675535291,2.458541214308285,2.024667828372009,1.480024434026501,0.98188734259941,1.322285525542051,1.3181880972368,1.213240204872897,1.198590504432295,1.403675065392509,1.485117592072604,1.427538305819944,1.288596499958329,1.605373285064245,1.818599498984656,2.179972582580687,2.849190445134753,3.576374135654254,3.816047359289133,3.382424577614541,3.961470967962653,1.987185541575008,1.412468402633762,1.263859495134309,1.029324466976769,0.7035259441425266,0.519702065298646,0.6247619932390056,0.8643378967579324
NC,LGO,HN,1.073104056418267,1.05607382045989,1.062225079054471,0.946419572993083,1.000261831401092,1.012713852132722,1.009311329061464,1.013217707314542,1.006010543982986,0.9582996021966949,0.990280630401341,0.9936040512853485,1.03660300660732,0.978959140192848,0.9653980988876192,0.9585567684342936,0.9711998529989374,0.942096819203542,0.9325416967417104,0.9433095981160016,0.9348692360448212,0.9107675104003012,0.9218954080176373,0.9349892732857672,0.9253554139381144,0.9284638559069812,0.9289717365385516,0.914096145419519,0.9132012646454366,0.924615038378694,0.9165195222471008,0.9389690040182904,0.9931646390174032,0.9253093815804574
NC,LGY,HH,1.335790570564551,1.391323111020174,1.451668078130626,1.802480409848584,2.168463569561461,2.207944379131628,2.307866163964415,1.907319558560233,1.766356980271832,1.792078575750331,1.939804672616151,1.64299543833006,1.674986663097155,1.757996980146628,2.180320965679836,2.383717040366037,2.121185128199433,2.033612774050792,2.159773608440279,2.297720826490139,2.223032300599361,2.238964311412332,2.21633014559949,1.663464365834948,1.571765652439615,1.456652165962431,1.289642612231239,1.242642957327644,1.039157307977792,0.9665132142672024,1.079907349042324,0.8778074039464517,0.9624899631044052,0.930693638649312
NC,LMC,HH,1.011644043004008,0.9537565998555344,1.067212809909432,1.166470087946828,1.310460974250904,1.446364546334173,1.678498972640711,2.247777942448259,2.293476772010741,1.87654293736434,1.346739025552238,1.26354078394912,1.584446935479363,1.563146808710111,1.78164349408125,1.780086990314005,1.688820432253245,1.352401226838448,1.168360754830396,1.138086102821596,0.9017597081646942,0.9584002326005658,0.6806730943858412,0.5862535781551077,0.4935161881799048,0.4727607425506865,0.499149282003553,0.7710465838360248,0.4476100911931126,0.4575266254395114,0.2607214615562725,0.7122104425314197,1.013818334608848,0.9507861251882757
NC,LWHB,HN,1.043029266872643,1.016276991378127,1.003187630737107,0.9699436963794578,0.979678816721258,1.039054444262571,1.091289702717906,1.134088923287305,1.048908511739562,1.081828562339045,1.045728544627913,1.046145854021309,1.075361999336782,1.006148403951362,0.9900180634350402,0.9644797237594868,0.9794628886108414,0.9580527131132026,0.9714325361048826,0.956396575807848,0.9463928917669232,0.9351215731575618,0.9241849338110624,0.9289851386447552,0.9398458506624002,0.8698628003045309,0.864213288550872,0.8884425987026148,0.90153383526398,0.9064781457813544,0.9002731314422208,0.9669431444686486,1.170871903169055,0.9409589345632392
NC,MBEB,HN,1.053091418103235,0.9963542744572248,1.00343067953361,1.11775255229338,1.024334108922878,1.205282354034267,1.030549927831273,1.113773917096734,1.093256667040436,1.136018023577543,1.082706411298185,1.188527572550611,1.114418617396939,1.102982775905969,1.099339296195786,1.122050623657137,1.139156496171946,1.128832125838813,1.115431595816439,1.12175227753496,1.194191320891251,1.108674558844867,1.104932571427924,1.083447738445444,1.004328137187867,1.312154701534662,1.647123283595788,2.335445751683377,1.074002622107662,0.2682236203510838,0.5182196824497616,0.9902233178275583,0.8147243290486815,0.9102948559561476
NC,MBM,HH,1.245212620106353,1.162504562545045,1.160059367874003,1.219861115201083,1.340305413229513,1.476735452656851,1.951027117026794,2.662274424929848,3.596458799545046,4.448866909618959,4.381290957823563,2.437199151750116,1.679752232706501,1.327243688244665,1.247161312669756,1.244924977319512,1.236003745572608,1.178425129047846,1.164383156722034,1.156407470790544,1.180253085315916,1.269288025162589,1.117553599033568,1.07670923069378,0.942639362456002,0.9939263101863318,1.62135112990957,1.507325713160734,1.277142702488254,1.397680411365501,1.756611327652157,1.923902865488938,1.668346277109886,0.9402140179565306
NC,MCB,HH,1.003932091919746,1.09292493223728,1.217849379666926,1.249792381134429,1.74343846800797,1.723443537314541,2.243823408666056,1.894911118797519,1.832254082041758,1.862292199464598,2.074585315483872,3.383238975835217,4.332049002391371,3.831535495769262,3.179802540348612,2.243966595950701,1.651387215050437,1.5663737671705,1.728471351743616,1.663589812244668,1.722710721245783,2.078808839580386,1.550083542681685,1.112656940430174,1.0250225244463,1.094474219920361,0.9018762364264076,0.9453165137678904,1.003211058249156,1.028160654625206,1.007567181075588,1.002623418005094,2.817142733601275,1.0105039332904
NC,MCUC,HH,0.8822705883901789,0.8378287863640215,0.8861283060479204,0.9408442429559836,0.8615030471253265,0.8373799801447303,0.8671684974038274,0.8223051494823642,0.8819722987210925,0.8207159643543156,0.7654640530562731,0.810891827530576,0.934800903016593,0.8021180045841081,0.8293511968292651,0.9215238605945618,0.8363089844508275,0.9022334322225688,0.928025461261088,0.8833199942936093,0.8732705976577244,0.9141149620903208,0.9429606135362446,0.9355634459695636,0.8727397582237333,0.852910006941847,0.8810736634475791,0.9878319607507487,1.231073218201381,1.448632043665909,1.31809476721615,1.054112045302559,1.10650261984167,0.9299648930281408
NC,MCY,HH,1.028850515468404,0.8523437739641883,0.9962820536146476,1.097347761286173,1.174112093925908,1.225786122053544,1.429178923601458,1.652966842619923,1.783037269686961,1.629414196557785,1.682703876983401,1.913059272440294,1.789471629176167,1.977157313659315,1.765917908374836,1.940701617647175,2.479784027259879,1.879441884618744,1.886748053925804,1.472900503153333,1.084511976576858,0.943814347952005,1.288846488822086,1.333048242465973,1.185485404594216,1.171121824956124,1.029442709966605,0.8153112194772411,0.7299768563161257,0.832130788641675,0.882659303202986,0.8268334656216926,0.761258942100786,0.8870856556871022
NC,MDH,HN,0.93636660118801,0.966951891721094,1.077472278228107,1.117117537486777,1.044982881201174,1.172891584946584,1.106074397129328,1.023743713558896,1.012507793818082,0.998483192425162,0.9850763235758606,0.978736873420676,0.9173720607932476,0.9531657637766706,0.9733200815159776,0.9578937804789108,0.937592416001043,0.955796445704049,0.9505482871777452,0.963223881259951,0.955518048590987,0.9479498127921312,0.943763076622817,0.9467541048262318,0.9415831223174956,0.9451994271312374,0.9296446982849232,0.9339827499487504,0.921012971628694,0.9375794944864476,0.9791370583148488,1.059667621018391,1.205909445825626,0.9389301280360418
NC,MDY,HH,1.934471935792716,1.121664466092613,2.031409805903722,1.152721784802551,1.507384484335565,1.428052533279053,2.326371990386951,2.477208283359402,2.110149087811167,2.348135096427493,1.719001809698216,1.498408704937684,2.331246753325749,1.443681233896527,2.613482985108935,2.567667674444271,3.036645072564145,2.273230044315848,1.816156828799885,1.666536665265265,1.579017081529293,1.485904602505678,1.298128910423637,1.10724846421114,1.071007623645573,1.029490305775475,1.051087761888097,1.007037603506749,0.8906476598439726,0.9502876713389842,0.958772046670082,0.951158840327957,0.8675588059519656,0.931274114080258
NC,MGS,HN,0.7532058825868695,1.094520500435607,1.652064781243801,2.662565436619815,3.920236258361733,2.589327073262001,1.513026183934199,0.8607966134194268,0.8590265336984557,1.022705743884117,0.9879766236555236,0.956021250622525,0.962467110802764,0.9164611642232604,0.8976711036813888,0.7754974290896572,0.8729529138250097,1.679782907006063,1.330551060622734,1.264734049596159,0.6212323563472582,0.7071856773038981,0.5426640563500923,0.5584036300208298,0.4968462478003546,0.4484487562825394,0.4409189653188542,0.4499483644312727,0.5311496403767316,0.6245937503038924,0.7728023208740974,0.8425289067035353,0.7122039713946775,0.8978480750647011
NC,MINS,HH,1.042863560481852,0.819727068618156,0.9553061319609136,0.9960501437826856,1.042497189676968,1.055687355632898,1.063417964681951,1.130458093914842,1.137827623929823,1.248718388379327,1.312425228925481,1.204816788809305,1.246143761709396,1.351572155613174,1.338743950156672,1.409914380071666,1.569691293745272,1.822561616122748,1.613969986546128,1.352030703594324,1.220947799264313,1.164767457926029,1.100675096709249,1.086702317716056,1.105386813109855,0.9971674107311604,1.013639990949772,1.049046222727053,1.043700938397719,1.056478079462956,1.150229135861365,1.170256906706697,0.9912936202964996,0.9136457936152216
NC,MLI,HH,1.290115712018787,0.9094822810900748,0.9686151169972194,1.075387347527046,1.230361894682283,1.278530983221118,1.359341924334581,1.402622947391952,1.258768224082634,1.25362553729043,1.543797108143485,1.958459974417069,2.572658494600423,2.807799025009354,3.191478463377037,2.7739202236154,2.38242101792236,2.261420738588833,1.915514058057236,1.515532949227156,1.240276408489463,1.009464034823404,0.97551341628637,0.7527571518552819,0.7297192016163285,0.7332936141622575,0.660201406621383,0.807046889174,0.9052851000228403,0.7353894961717664,0.4657744553857288,0.5773758909963888,0.5180259584757475,0.8244586064002046
NC,MMLB,HH,2.15856278947733,1.289465352862421,1.332284714441798,1.420245424766524,1.677606548082461,2.114381788251945,2.858267745305993,2.937427161656376,2.636496797393297,2.257071194045767,1.542539071917598,1.903109432326536,2.490859539509708,3.534740894965757,4.175584865388934,3.623255814624585,3.533074944629835,4.599058800704542,3.795815253177371,2.857578334613773,1.884125643779952,1.650386587025589,1.402599035866633,1.14161476998723,0.9462757951641578,0.8580170462018146,0.8156071144765658,0.7791435936596781,0.7556802510112207,0.7828422063829529,0.7182046508407378,0.7395580173803505,0.825337026225073,0.9255012694619856
NC,MQ1P,HH,1.627804598580326,1.096547412793987,1.095311848857104,1.095547892921627,0.9911637150928032,1.014670144366887,1.119161115775253,1.381869528664517,1.316360271429628,1.166010044357463,1.11905238373897,1.132161218866444,1.175123794652138,1.714982904799873,1.726521048291559,2.181460031216194,1.965374293006123,1.658628801386856,1.735626756630748,1.547438875197572,1.4941308393624,1.177292362943394,0.7798813487167475,0.755731673711766,0.7286321563723196,0.6136979437395633,0.4194985705459268,0.3904081276999247,0.3198047201036965,0.3511042728297466,0.4094307892320966,0.4207587972872902,0.2749872856772297,0.717781820472311
NC,MSVB,HN,0.9965834121902568,0.892295795709719,0.8671938439036678,0.9988522039204786,0.8475251452146348,0.9548150143913904,0.9428964208255683,0.9270069635206072,0.904381973531506,0.9315653561115782,0.852085786459516,0.8990032096068938,0.8852252500564762,0.8773016963628237,0.8907096340431064,0.8935182380855506,0.8340332529833439,0.9851099198853928,0.8036822169815304,0.7413353853012473,0.7301100585081635,0.7413124040754804,0.667948809515034,0.6422245983161486,0.6404606313459636,0.9493578930986464,0.9888429383151192,1.006614851421455,1.004176039146581,0.935658044770928,1.293758723222548,1.153636975019656,1.6542863497521,1.06906952917358
NC,NAD,HN,0.9625078517946888,1.186280564369996,1.330926146203829,1.494235521415507,1.39241082970081,1.062177866928825,1.152520466210849,1.450278535220817,1.070308576906214,1.121770035892391,1.110102121643205,1.013328650645412,0.9791613088856348,0.950421211451484,0.9188969516567168,0.9070256247696696,0.9219013209158468,0.9220150713705,0.8943013422704834,0.8815759898514755,0.8841456389521682,0.8908217690576206,0.90924178194347,0.870282498715373,0.8266340875826707,0.8621189716855165,0.8959903912156733,0.91806986284087,0.985727844761898,1.078489007708428,1.030770204178988,0.9166555426991346,0.8443251475752788,0.9274038645046137
NC,NAPC,HN,1.145362364246171,1.104415408729941,1.287676242436563,1.465176280143376,1.498875853150411,1.626494809870807,1.565805756175128,1.375299891346053,1.429002660821992,1.460359645047486,1.485199276710722,1.394826480447894,1.104265225304528,1.022288716200774,1.014850406564102,0.9950560600919734,0.987091526535342,0.9794116979139372,0.9862488979457812,0.9874845173269629,0.9731053726169095,0.9849110425738352,1.00034727974668,1.044655854128457,0.9769104319625872,0.95825878436656,0.8931282777396401,0.9968708226874694,1.049409777277423,1.335973427250429,1.2739377439796,1.598543405097926,2.016570622087483,0.9421623703794486
NC,NBC,HN,0.8316614946661781,0.94450269192671,1.042671675921817,1.050476693357678,1.002344643116376,1.032537480088622,1.083948409932598,1.049147082195278,0.9692745366769904,1.081611769960049,1.093120636666199,0.9813288585241772,0.778098683209579,0.927182608525936,0.9633605310926608,0.9685585597157892,0.830053171443485,0.9275862296759776,0.9089531453766494,0.9177984601947744,0.9179023144837264,0.9127286818588752,0.915556599294642,0.9424245852743944,0.9405806794767282,0.9459879907487064,0.9383237732672242,0.98539354522449,1.025257906781616,1.173201328254526,1.153353083099363,0.972401331725972,0.8325681688212678,0.9202617112418
NC,NBO,HN,0.989333932124896,1.208527978876171,1.160471118705895,1.514660517675979,1.653453899477923,1.681845403466472,1.389400089642798,1.251679115872254,1.228401616262644,1.185342208207541,1.076198859347331,1.221591379286304,1.09024847660547,1.271181576434917,1.243721053087666,1.252338358283424,1.201280349876389,1.313454202802811,1.303973298471737,1.231557392610473,1.388141291415719,1.278180677254418,1.103747138472272,1.061996258673827,0.9937417813511166,1.00459110283337,0.9774981299713248,1.054474939275291,1.204792893470773,1.389038813473724,2.371592804364458,2.259073064408167,1.326042330783638,0.8995789301642054
NC,NBRB,HN,1.114817360061572,1.350761514215044,1.51646374146767,1.712978691294286,1.934214030027878,2.466565691619838,3.213231893403066,3.742813169918102,2.649628766824417,1.580281831000428,1.193511300872981,0.9025188575479308,0.9330198902569778,0.9051229899745338,0.9057917663372708,0.9240612367394916,0.9319252554772822,0.921668755929703,0.9149529786039884,0.9302109127805164,0.9188195672729222,0.9198488029333496,0.9255577189329608,0.920675340597499,0.9186171648215012,0.9275382742837004,0.9120161370710382,0.8805068892332873,0.8732010531083094,0.8297214879352021,0.7776733406407359,0.8183587587353485,0.7109302230618907,0.921794408592684
NC,NCT,HN,0.7424266955377846,0.8052149498764325,0.8386786071741167,0.9607759614043436,1.014878078492952,1.038378534753745,1.04712633315627,1.013900985668618,0.9402349481058824,1.048337227780669,1.016359514328945,1.003917709777076,1.003683825350802,0.995424211415186,0.9518333680655766,0.9417741078888386,0.9667370695221006,0.9858610980366982,0.9624566271712086,0.9642407074808385,0.9567417176897038,0.9523560256168542,0.949160568063496,0.9655783833004784,0.9564180160916252,0.9602794655563712,0.9544055744351464,0.9506603092064392,0.9521549133093692,0.9532948314644124,0.956772709827117,0.9520304713866776,0.9584120909235806,0.9285622338738352
NC,NEA,HN,0.8348782482264391,0.8292746245582043,0.9232848128175488,1.010870920902701,0.9646649784578576,0.924687391575456,0.8628263167005273,0.8010067736340439,0.8239542116298557,0.879774052340823,0.9463412158725508,0.9293136609642494,1.021764356151344,0.9561931284000184,0.9240793573569152,0.9287161580269928,0.96593002894742,0.950179577224452,0.9789473483985188,1.017234850657173,1.016291863894718,1.178195393414025,1.014365933596654,1.209915714235353,1.395209374291139,1.344222914342904,1.531371220157689,1.65121712384011,2.686326035766976,2.08133856802052,2.311427082663587,2.055351627345381,1.681603028170147,0.9832779071247983
NC,NFRB,HN,0.8418906657587392,0.7856418542921866,1.099482056865369,0.8033866422372119,1.078866490382775,1.010902253232882,0.952173177443222,1.068453033025431,0.9355886885223482,1.08010478433975,1.139578707945639,1.183553352063237,1.167129520228673,1.219679573386367,0.920286616197006,0.9491401694697392,0.8787388584888128,0.9320934311564416,0.9195028016968164,0.9533857051547336,0.981595843716902,1.04906680222428,1.189728808149969,1.323445632994797,1.475618025106662,1.75898553471273,2.048561270522377,2.15695266922063,2.344350333212281,2.435691896351021,2.395204551284889,1.803757313571189,1.643203156861236,0.9638087373316452
NC,NFVB,HN,1.044532204014392,0.8572090828171677,0.8718867148815426,0.9200432617529356,0.895564874185577,0.8756774039218272,0.9625185922328836,0.8889985390362138,0.9018355363024608,0.966836970192922,1.005436465906329,0.976268082656307,0.9527022850342884,0.94429123056526,0.9318757538669584,0.94440015055853,0.930633968210392,0.9265748233395936,0.9297234079469964,0.9289004858644188,0.928053630392612,0.9256245093295588,0.9356922482992832,0.9400073981929828,0.941757955531492,0.9388227226897672,0.939235946700557,0.9310632908176724,0.9376070148111024,0.9414785182256296,0.9391403736867426,0.9186575166672916,0.9284002441104596,0.9250035259796066
NC,NGI,HN,0.8018269725139028,1.227352863482293,2.00572894788507,3.040722814882405,2.396105874348287,2.357434007650229,1.54427044662782,1.380985120657914,1.265655092495375,1.399275509839674,1.246964428451762,1.297920887673149,0.9681193489130724,1.012360492782376,0.8521159250353272,0.8574657922120422,1.035216818436138,0.982541789060675,0.8546875095536168,0.8000968364916106,1.016185554908672,0.8594968080050117,0.991569461281636,0.826638839118289,0.9809270629203596,0.8163790429136202,0.8133537840894639,0.8751024524996519,0.8658531719175081,0.8322867308424676,0.9790329855175413,1.063867449575547,1.168746881515744,0.9368531438520176
NC,NGVB,HN,1.116662087806705,1.218868397299672,1.156655339790188,1.324982689978652,1.18386935967785,0.8616121286937946,0.7715689323218375,0.8621975106157382,0.8076528673117094,0.8411482005989832,0.9747165376510134,1.042736896501403,0.9664758910669752,1.016264018779575,0.9969593765919644,0.995992941012798,0.9674795810520468,0.9717519551765672,0.9617725320796392,0.9672203933305056,0.951964707843688,0.9469449040891412,0.9432965119004838,0.9481222445044738,0.9492332094653472,0.9456609774369572,0.94571479825402,0.9442169500176348,0.94501587701812,0.9510712699250132,0.8094263772346122,0.9593199975691032,0.97999632197488,0.9281631969746024
NC,NHC,HN,0.9514117381945084,1.111236027318856,1.547052295713398,2.312697246354828,3.063098711051609,2.221112013998186,1.496276579341709,1.315149028088858,1.263412610141974,1.111688636801725,1.135863611314192,1.082495365632654,1.004786503955647,0.9029197189227954,0.884151157342274,0.8907727596441091,0.9010948053515134,0.8934313098253024,0.8501520421649077,0.8776558010468724,0.9286674618443724,0.908209005298463,0.9097117858730562,0.9083745238777928,0.923975181973039,1.01335052334083,1.114087062661574,1.068083943120817,0.9200175582397736,0.943546765453334,1.014628667809253,1.077586131735476,0.9983622164776896,0.9169051642499207
NC,NHM,HN,0.9568987567742442,1.492161288395853,1.747451754171153,1.855052989957571,1.84522968864218,1.442700928844083,0.997086934772346,1.262830494334561,1.280584668152436,1.271327240204628,1.304910982240308,1.896681311760806,1.261577950752715,1.158409084788723,1.311758055285681,1.322012128699347,1.672594223241986,1.21161546357232,1.195407276161893,1.20988849240272,1.381379103345716,1.727779236045949,2.184936874863562,2.092540921327008,2.173802298167949,1.075312004927578,0.945839642642652,1.547676943251424,1.022490736684211,0.6862121957784535,0.3987714758857698,0.2723707224236637,0.1984430964962976,0.8294414525403495
NC,NKPH,HN,0.8883450309331241,0.8883127710626045,0.9386262143623676,1.031918336566174,1.104541833476581,1.145677929180391,1.180162536783186,1.323212005178468,1.900483597074917,2.688191718060684,3.721291465547114,4.132730118020131,3.733753590652543,2.57538969683541,1.644867042820624,1.03671214279811,0.7374480729508565,0.861048358889353,0.860319143913764,0.9545343383950023,1.315205598927058,1.409745545947032,1.613762687598524,1.488216904459824,1.690423008101228,1.40511543584849,0.9939860704946984,0.758915824341232,0.5476246099606066,0.6560747324645134,0.6022579234161289,0.5507167833470684,0.5212560585285505,0.9221779131220252
NC,NLH,HN,0.9372447310246904,1.418322637815137,1.128570881842676,1.159330803166384,1.019645443878447,0.8598160433937843,0.9543483563193216,1.134522970796888,1.063845467265021,1.074425116086948,0.9458021792999494,1.00820779208483,0.9914554672909638,1.118466677746984,1.039442284052372,1.096034740661801,1.973778306097281,1.53447265300762,1.245694676343653,0.9630633741314804,0.9352726785574575,0.897303819662396,0.904327453769205,0.9248291643829334,0.936555367233102,0.98010199434695,1.001871273201476,1.042167411469932,1.526234383021065,1.440660307846438,0.820018973157561,0.4956711250010467,0.3228788764010764,0.8790073239461893
NC,NMB,HN,1.025208269519625,1.446143735968445,1.655530048358044,1.951225654695499,1.82694148898526,1.407893371939339,1.262324248911965,1.102609411638572,1.089985555729168,0.9756706180720108,0.969824948186386,0.9530262583412752,0.951482060555028,0.9663092609577149,0.929810511833488,0.9292480909987684,0.9456881086698248,0.911589537088394,0.916053320199988,0.895653785425816,0.8818432656741239,0.8905009520869532,0.933537452309678,0.8897990423589898,0.874675489218544,0.8826576284207335,0.8583183784105679,0.8417735128115343,0.854836116842956,0.9093446971813908,0.950602051188614,1.030445538555721,1.06387167174284,0.9276723026405737
NC,NMH,HN,1.195576944518961,1.136971154744778,1.217958474456651,1.423585123135566,1.220984726336725,1.571742431971469,1.418063617131429,1.231402049623673,1.483308597381359,1.340037453222368,1.312724606952239,1.304165751485642,1.274319158430605,1.166455873928465,1.16452775632586,1.151050126482956,1.148273755917788,1.058587889382685,1.096868404319442,1.057063562035812,1.090356581455197,1.036821476769058,1.039027876517562,1.012680421837578,0.9926394416548808,0.9921424184627852,0.9796042525214737,0.9559569256225072,0.9356146433066024,0.9033670218995304,0.9011513070868404,0.8768896077831781,0.92711844876787,0.927082299834295
NC,NMI,HN,1.073158648551167,1.418785928581676,1.343668803189254,1.750182953375782,1.650566171666632,1.589229668808853,1.471899731143298,1.590010783411949,1.525326375628582,1.495283208154984,1.640097192008972,1.405830714782916,1.349340358437931,1.172355828352459,1.171532953833879,1.45969251709733,1.658406492277093,1.437019482560801,1.378045917492066,1.404725675062651,1.211898882734843,1.068123336585617,1.053224589601644,0.9975695736674084,0.8887397276574566,0.8383948725079104,0.9880058800809292,0.9246267829558276,1.312572376994776,1.338354061053995,1.283644452816961,1.379627649421484,0.9235855284026452,0.897213333513554
NC,NMK,HN,0.9927136893702896,1.067708291222035,1.034020753620804,0.8583409618004542,0.8430853277945797,0.7656722689214834,0.8921595622518093,1.092093541003016,1.043532142868638,0.9983256048736838,1.018384041499024,1.024251730606172,0.9563516120012684,0.9501140122751583,0.9593293911585318,0.941197704462174,0.9550291750115584,0.9608085447178698,0.9562961732353248,0.9471119831587428,0.9908228201650188,1.127809693338312,1.039710031429539,1.025690334357017,1.004480271721041,0.9719580817709365,0.9068797259865944,0.9151408915961924,0.9580496883680246,1.012601313231064,1.005195198636536,0.9622114451867324,0.920604446351562,0.9246078661347414
NC,NMTB,HH,1.089478292660726,1.053400639432655,1.157216308733435,1.140919601432852,1.068552873053733,0.9144739873048576,0.8220852423271818,1.068856508572896,1.041191180678984,0.791695920474793,0.9214702570490272,0.9326530318890368,1.005472880991538,1.02502880571324,1.07600631875092,0.9625398369067484,1.10190468533226,0.9635546718575028,1.065723181370315,1.028568578810383,0.9540576507844978,0.8149896590069945,0.7710660177622976,0.7722886507462516,0.737636003808012,0.6971729553968549,0.6901590907994396,0.6852642406661242,0.6847615376475765,0.677815490388501,0.6792976804614524,0.6547361121750294,0.6450436958237263,0.9021248971674
NC,NNI,HN,1.064929021725188,0.9004026302494391,0.973306917214455,0.9716058327790904,0.981437591675662,0.9049196078054365,0.927379152285112,0.8596678188766983,0.8493344126143331,0.7951151976582775,0.8371377456457236,0.8269417261798956,0.8504791989422403,0.9436788494582942,0.9430094520267794,0.9249603117428288,0.952182053079872,0.9551884581599898,0.9412169349807148,0.9519157929048956,0.9473328640954752,0.9408125985052544,0.9474853535676688,0.9409341580623162,0.939110904065404,0.9403223803842656,0.9332034577304884,0.9441552743820408,0.9922099106052076,1.15792581665126,1.024734890565794,0.9260482314680334,0.733166158914122,0.9236459241609208
NC,NOLB,HN,0.9574987194941182,0.9999951509363556,0.9641668854075864,1.013338083093114,1.283246169274975,1.36350191199883,1.373692048815554,1.506682680334625,1.826704025982133,1.933793138095408,1.906154878001916,2.001656002771508,1.436596279281832,1.06054165464266,1.078484225424943,0.9905622425735704,0.9635445064190188,0.9779904078465854,0.9644240831214091,0.965320637572932,0.9517854810107518,0.965588613558468,0.9950105776273284,1.016228136499316,1.004496973675947,0.9770951030513176,0.9862705907391884,0.9005186773629488,0.9248998832353028,0.9573376541082718,0.9457799186301612,0.9641084629969352,0.9594637824686656,0.934643629162347
NC,NPRB,HN,1.024220239115172,1.12021512757559,1.158863271619024,1.133815151951244,1.116318275009974,1.140252612826407,1.22477351125231,1.252779172074271,1.213992230713948,1.330392421676814,1.267440747765998,1.210668176661631,1.178448243386154,1.20979061205592,1.254928085099399,1.229275125275435,1.216695062294908,1.177580820362418,1.036401807399282,1.138043359764489,1.230192482240569,1.525053367778416,1.388935918625705,0.9956803480857624,0.9133649333565508,0.9970270586817924,0.908041757888166,0.9137089717844348,0.8800921749073545,0.9747855771123034,0.7104037732788206,0.8011206060940096,0.6152323616120005,0.9220157354496028
NC,NSC,HN,1.257751007428823,0.999861224871533,1.031206905276688,1.087907925760096,0.8356314675643859,0.8593952754772082,0.9550088445630212,0.8673147241812844,0.9692130589727228,1.218314986938893,1.080014714841464,1.145467583993717,1.077662645010154,0.9990375454752172,1.002996334826698,0.9821418128203694,0.9454387858592792,0.9429897627789188,0.9605019554336142,0.9523733529695348,0.9558989691123614,0.9625910184761004,0.968780467040316,0.9948028255899086,1.032300466354401,1.054495887380914,0.9846093715042348,1.047500776115943,1.104188009075817,1.165807970340832,1.246682767619898,1.157747736416399,1.128156255640588,0.9228646559020064
NC,NSM,HH,1.600426742631797,1.638008855776884,1.712059071772556,1.735489165917788,1.813199048475365,2.04445126140094,2.021125747099536,2.140655613532274,2.150387762085471,1.772989978438268,1.342630326482544,1.829997651018659,1.849675355799809,2.583671299161969,2.094933363958014,1.759867240577683,1.92901358437277,1.689040426414629,1.173995858960204,0.7427972447908273,0.7529323795560228,0.6647111142432459,0.6785722210634881,0.7381495974008913,0.9311481787116456,1.187049446501218,1.414494903939107,0.755279531083947,1.005828475954069,0.5271155630228422,0.324491177613638,0.4592639806154196,0.5375094724500595,0.9058077233302884
NC,NSP,HN,0.9366217118237626,0.9052307536243576,1.002867421172263,1.094174524279296,1.236981063184859,1.330649508306764,1.337639652510614,1.371023068745156,1.2758190548954,1.164290853396374,1.038628994756103,0.9620310698548584,0.8923913882474014,0.8525959908656872,0.8426447742199895,0.8313451299171872,0.8188229417235375,0.819668980715151,0.8144073432921434,0.8272159195936385,0.8275483720725306,0.8133799125520648,0.8260335368500437,0.8290560178774204,0.8356110659808501,0.8599029035339181,1.119604450484018,0.8346421090388029,0.8530076010545249,0.9786063073104144,1.327581104334625,1.532514232007633,1.187773825679639,0.9253962677071697
NC,NTAB,HN,12.10515053758987,11.76951116690037,12.30391985012668,12.06469164080136,11.67361436521047,11.81046400655454,11.7870114098801,11.04361002902026,11.30478384092201,11.13852640024995,10.9254523343206,10.05207795808252,10.32313831306235,10.02284818078397,10.05764807364248,9.909099786302775,9.525860171815888,9.135189474028843,8.943645308540091,8.684016752536456,8.668325859467693,8.284325482072532,8.21554645421974,7.441944711045632,5.761608654883148,7.217027687776519,2.778614549013601,3.644053294588054,3.538255312948899,3.971118608175486,6.424892923511615,7.018757535027683,5.940226377455259,1.847903248304859
NC,NTAC,HN,1.195873605507966,1.023195490530886,1.170523869603682,1.156584706031341,1.087768029714887,1.19153057197837,1.194148016854698,1.153334321829397,1.158141540739856,1.136102898124252,1.060461482104422,1.095366279291506,1.078405890463199,1.033476581895615,0.9874907145738968,0.9393710549014108,0.9418502403743358,0.9444346455248238,0.9168699551772492,0.9163308217948736,0.934619128124317,0.9446371696126554,0.941686851144221,0.9225438845240566,0.941929982979172,0.9490235026508862,0.9693874429368156,1.04105274956856,1.139584654423286,1.157373599493569,1.035887317145691,1.181476754872215,1.025079525683922,0.9342504167324244
NC,NTO,HN,1.209143573535668,1.234641025043359,1.352320755647692,1.424328756090486,1.559099880706518,1.975410757463235,2.212750836081723,3.066976465981217,2.222347795077805,1.835535733272343,2.108519361707984,1.921334001242104,1.562678867639617,1.414716166274155,1.027832700265431,0.959392337070322,0.8662594560567186,0.898941202645138,0.9407949144823096,0.9032340670902902,1.019761062999161,1.021886825812155,1.01198979333109,0.9594595953922684,0.9070357695764164,0.8827140559209059,0.8435267673537962,0.786126064915597,0.6629596736847324,0.6080154334996253,0.5573885118325541,0.6203772669604949,0.5659344138745626,0.9130212992357684
NC,NTR,HN,0.7130408222191722,0.7626809326133464,0.908435595119828,0.9656333099163568,0.8149394696033134,0.854547271067698,0.8798283368219028,0.858999740567728,0.8653545491116079,0.8752030724964752,0.92444514065943,1.01186294720982,1.062914659506472,1.021688806196884,1.021811636826479,1.025705405900197,1.059967629503547,1.064182565863019,1.076197055794473,1.053115269244173,1.062817832239195,1.052432339915467,1.041165294515061,1.029793948944289,1.006724688048669,0.9690597385162784,0.8840116094438457,0.8530005346731454,0.7543827853010167,0.6569544962148186,0.5611858802093231,0.5200157488786024,0.4526909983972571,0.9040924985820564
NC,NTYB,HN,1.021598884304171,1.083427203747421,1.158736579930186,1.333309236546978,1.550855055531749,1.713601079464492,1.946537587739084,2.059226732970749,1.893307176296825,1.535862426943088,1.258984031472697,1.040052194129958,0.9539772539030822,0.9362852446871166,0.942563062871411,0.9173832594244952,0.9280260120550134,0.9191018528500624,0.9253084118700156,0.9172648453529504,0.9200262266617204,0.9263462514831224,0.9216372037735772,0.922147145370946,0.9262291902021575,0.9227539114872648,0.9199718871391176,0.9137299314598072,0.9305528303207066,0.9492051514280078,0.9896396827367202,0.9940087406609688,1.033987171464046,0.9331514274912682
NC,NVC,HN,0.921798116244278,1.083083593479151,1.012988714406141,1.085024176395589,0.996274235386734,0.8764741299634963,0.9105124232535609,1.057548020681007,0.9619973634625284,0.9513560238878368,0.9405487148273652,0.9374012336764874,0.9437338040701376,0.9893038601028876,0.910992977844246,0.9263638454928688,0.9295144828502196,0.9781866199033168,1.078025565150784,1.428235294959438,1.15441511142664,1.023572493167435,1.269469457589674,1.292122109403137,1.089611588268485,0.7922821130956769,0.7157751564193924,0.8533788520224088,0.8474383883198975,0.7646235011219096,0.5316637323173871,0.5394738717009356,0.6187897190265529,0.905405444255772
NC,NWS,HN,0.8710904544622063,1.068203190849718,1.039943423129848,1.158239008262836,1.151030939696926,1.164616965952608,1.073651518532831,1.048645046293099,1.015953365777329,1.020514698251849,0.9960303324210884,1.035711349831271,0.9775486480688642,0.9805039375115194,0.9565230896578626,0.97904109599573,0.9609242023048068,0.9593595403771332,0.970492944912056,0.9425410013049834,0.9600528110192292,0.9927743240837588,0.9839379401137124,1.005235640233249,1.034829436798461,0.86056790612071,0.9158267077301706,0.9645879913827607,1.009950674744539,0.8106937362903988,1.165125256609353,1.182154609567445,1.096218952207284,0.9319920792330184
NC,PAGB,HH,1.410034944029985,1.499546136139371,1.43788937250484,1.321509878432648,1.299601282969949,1.106035568700826,1.057157711847605,1.226623969218609,1.196000483497591,1.459482632914075,1.47099194919563,1.595039248918686,1.700194721153996,1.599496968334191,1.16678454297657,1.334341190064126,1.141903221265271,1.379833923813541,1.581313374150562,1.757381498164471,1.817487455947274,1.796088970375969,2.088901778274031,1.697414227088402,1.402626186553031,0.8687969994524415,0.6346463129765753,0.8292333391784373,0.8567013234545828,0.9626657286178733,0.9292944252424924,1.050054436947745,1.076414291969093,0.9344453691569874
NC,PAN,HN,1.080708205309672,1.044094251072358,1.254655172024733,1.132901494849631,1.327666634997569,1.449391581645848,1.650414020720997,1.668250182557253,1.782049932283752,1.526017161453278,1.248699882118948,1.214737040513848,1.239320616099277,1.215150464448825,1.064858789472279,1.004393451559038,1.002630164794125,0.9639481077615883,0.953741740134556,0.9654851794666668,1.004180603801637,0.9797352204086098,0.9854287571869044,0.912928704085109,0.9023577303725931,0.8530783358921331,0.8008502982773705,0.7549908777471631,0.7254432751047145,0.7805963262585386,0.8814862187901191,0.9330368105108284,0.9799272539548848,0.9277100692096796
NC,PARB,HN,0.8735384159200691,1.247977112511185,1.232641675038263,1.415879338907806,1.313060596293466,1.278858632575103,0.9748219254782078,0.8268754901405134,0.9528415280090384,0.9353730810238674,0.9273121382090542,0.962767389477089,0.9004361276403686,0.9023660676801388,0.9064763441234815,0.9585660664975992,1.009403861730555,1.078547821550322,1.193583468296717,1.06731330619581,0.9503019750699968,1.193274391473993,1.154381237567079,1.237460656525994,1.534337992236516,1.708249981135065,1.235136932062256,1.120964710588525,1.752364982552905,1.030956931720389,0.986276069137876,1.372252605454258,0.500194284005486,0.9070544101552652
NC,PBC,HN,0.7363515033515611,1.005837106633236,0.94768913924497,1.348875635770864,1.832480364880251,2.043846440064573,2.759446780629433,1.790844755709663,1.297312666848397,1.212502143371918,1.220809820120381,1.261954801685627,1.079500645531166,1.151693740897457,0.8927220797923919,0.8871011386121063,0.8047555861870841,0.863628325824842,0.9064702427009692,0.9676845480894144,1.087737409969124,1.083527272626336,1.164601897202074,1.151949327193987,1.307629519324168,1.235389027658094,1.351238698044816,1.396743675138659,1.692887167383649,1.808177997124545,1.949958493432434,1.741206185042899,1.549944723398396,0.923511503996892
NC,PBIB,HN,0.9237394149789852,1.263061482558018,1.285169461993098,1.144825911510403,1.259479217435189,1.217607031323678,1.45582385895958,1.450477503835341,1.53184044897235,1.595997478800299,1.736663237024921,1.6350612001237,1.548272902775447,1.231204242138467,1.195942908661775,1.029669983088059,0.9646409723679904,0.9854130667988734,1.047687933612834,1.006544053198,1.057265216916777,1.114579855351319,1.419217486258604,1.114030806325095,1.52212392100261,1.21685137846178,1.33322422867387,1.304545991758645,1.162545859048922,1.004025959660052,1.023244157038842,0.9575158838172536,0.8905030087794626,0.9206338131608608
NC,PCB,HN,0.9232409505945494,1.079034375351918,1.01773472315095,1.190431865090961,1.18540071634976,1.084523564114278,1.017009629533692,1.003477496317733,0.9800090945806736,0.9989784813846648,0.9384050726634144,0.955030616341634,0.9715274288849286,0.9406476923513818,0.9649018884589003,0.96407981913058,0.958608692432045,0.9774343250076004,0.9855080833802295,1.021487928904078,1.105343885005744,1.063313622686296,1.115180940035808,1.032405715861433,1.038062190733763,1.101870726773786,1.114285897758075,1.071251253907251,0.9879015141607576,1.169055827958696,0.9042052708589018,0.7606675731738383,0.8764888518859995,0.929356627505844
NC,PCC,HN,1.757729893860454,1.760030972539132,1.617130489998637,1.366972290733809,1.255060213811342,1.128006185694502,1.241230163903788,1.312251927072753,1.146539046308913,1.227534727145816,1.155418533375575,1.100410101110604,1.050022074195231,1.078011002502214,1.027101633786957,1.04218686352109,1.063750055882815,1.082849113653213,1.104130565190394,1.069236182337293,1.038136725069646,1.062826492692162,1.022078651143252,1.097246553725368,1.100149551428736,1.113356810793665,1.090846166792838,1.079858323151583,1.070749475802107,1.070258811231883,0.9892465125913514,0.993519000758726,0.9847116323470348,0.9237801122137842
NC,PCE,HN,1.692935431540277,1.255221372055325,1.07144132503746,1.21237366633854,1.024557395303874,1.043796636713032,1.108354122601646,1.109386752531081,1.119714859409065,1.290894828297164,1.228484159005035,1.173820696749308,1.381257052936489,1.07729830515789,1.022190361503547,1.042452464573386,1.195178533670289,1.008028078752061,1.007151835127204,0.9960075960165607,0.9802683803255184,0.9895666149807232,0.9813209185031756,0.9671062918508748,0.959268001240534,0.936766685543786,0.926604715474812,0.9054267559646806,0.9219552999885292,0.9140412631364966,0.8770878673704675,0.8797871614477236,0.953618466522429,0.9265791175691795
NC,PCHD,HN,1.092124791502301,1.163576206362832,1.209055824471849,1.437425304660742,1.684727389115715,1.768283754859712,1.429175892074784,1.250897301026568,1.252580340260825,1.090653178967527,1.155490886701808,1.028103037878427,0.9995784329607524,1.016084520870879,0.9785937014182567,0.9632324708575942,0.9627009868893484,0.9571908980773486,0.9759900359897148,0.9735597933051549,0.9814233560860408,0.9861104193274676,1.005377715873163,0.9990981560621968,1.000772713819607,1.168909406252052,1.253727860033695,1.139296947767403,0.9248779563565712,1.065067795004737,0.9034900106474064,0.6336369639483866,0.7000499803385035,0.8560340531417494
NC,PDRB,HN,0.9427250065761136,1.138488933665177,1.282569154045734,1.3673308790792,1.280261323450898,1.276090829833594,1.181146509348717,0.9893040129445184,0.9490210352881828,1.034855334527317,1.019140636873166,0.9985598807418884,0.9639205912277988,0.924206713332346,0.9143437580601648,0.9327326650472796,0.9491408892531,0.9139118357546412,0.9513803422506402,0.9368766927622568,0.9331757147311897,0.927845398363501,0.9452006690100936,0.9714841163898148,0.9656682578918784,0.9778992818710452,0.95885908745944,0.9851022474229776,1.192197852087649,1.054011160851532,1.349117366112369,1.35919249400896,1.200355250455624,0.9247544780222466
NC,PHC,HH,1.065901386559451,1.017053897978673,0.9168733108120556,1.079783941575192,0.9946078034096656,1.11439543437582,0.9435900400343976,1.165009281358827,1.212829889287896,1.247932613575587,1.399304240691831,1.404929622899464,1.283071236081998,1.342593184388082,1.401163559473097,1.358167862831241,1.190620966929871,1.416480177992321,1.317037418563545,1.420233688412595,1.299583977872273,1.333055921412343,1.314287811481527,1.418903421658065,1.629964153012209,1.616053366546078,1.565814731386956,1.385950099412866,1.34563823283603,1.25554626315998,0.8894378550587957,0.8497245308581347,0.833664809301506,0.8692914454501292
NC,PHOC,HN,0.6552177902330801,0.9630731001996096,1.224575999642917,1.305116698755008,1.497731075706373,1.372033838309455,2.605223688852129,2.102282026295283,1.487001604530073,1.223170553617907,1.27911771055294,1.187609811700952,1.18453725085965,1.046202459699702,0.9334317375120246,0.9824517929822644,0.9332265695097848,0.945531602138484,0.96427159178146,0.8644028723532018,0.6715306457181289,0.755501953306163,0.8366285725907897,0.7537598003252547,0.5823255395352145,0.6396507909911003,0.8244995823865039,0.583648540488932,0.5394942875551026,0.5206097029923369,0.4775633302896136,0.5996054987928214,0.6711279471690252,0.9198315002011516
NC,PHR,HN,1.513242133776175,1.301133762913122,1.171589068378375,1.164069386528451,1.059297170925263,1.147209422913671,1.032301506299329,1.287570318382481,1.26333248664804,1.328081197336669,1.288013170140897,1.184204597361293,1.286675538699456,1.150785665029766,1.12206252998778,1.105456070984889,1.219772927342176,1.128088817152655,1.159389975009802,1.171608899072904,1.199372864569402,1.322703446921929,1.337995731773835,1.344384129309739,1.158906098721255,1.285823275600528,1.287956434172333,0.9675631349625308,0.9884201095208468,1.361542747509585,2.325340028160987,2.84880336172868,1.648277617040521,0.9415958376071712
NC,PHSB,HN,0.8859901427104295,0.9524195758403748,1.008846802482487,1.080343058558783,1.344793177327006,1.435916331713104,1.56209772223968,1.439773680693534,1.41974246315561,1.427355537682408,1.20114537711093,1.126076371308713,1.048205411960959,0.9887875496659576,0.9671991993926894,0.9418753199963996,0.9388053461324284,0.9394793811828964,0.9386422626591512,0.936158096456049,0.941156593058724,0.9458678670787896,0.9518533697799336,0.9398981354538593,0.9464343590418242,0.9456309453255792,0.9648040662707724,0.9734207127866488,1.019644296170172,1.097865864971761,1.186752764658517,1.187484839201171,1.131907391864841,0.9223817290998632
NC,PJC,HN,1.075412908648844,1.113219918919969,1.2171504850801,1.304321878400669,1.117663160778113,0.9889108801470976,0.9187131083206312,1.022241929528856,1.140019744638768,1.157900106254269,1.175268166823336,1.06362235308287,1.143435254177411,1.039066747335879,0.95365246763899,0.9598703724558404,1.064373932878246,0.9681936080429726,0.9790097713158477,0.9777294284072988,0.9713501435274218,0.9640238025778982,0.9661446612809584,0.966669406710063,1.016848140148695,1.104240531692532,1.27609141979422,1.477249135237657,1.453683538872485,1.59878038494756,1.50533042142469,1.309147740079712,1.080112854434193,0.927171188378373
NC,PKYB,HN,0.7458783662312171,0.9450894905568,0.873296049549265,0.9395515283593358,0.9282237287531157,0.9319759188418208,0.8869417670906443,0.9876823100183366,1.003277764607872,1.042172063604117,0.969529508943916,1.070247960838324,1.101719349196667,1.088573360199087,1.064127969432149,1.083232406976096,1.003380842927311,0.9830675172036856,1.031566594288559,1.028868407297836,1.020431373459296,1.141821766990668,1.313086933034307,1.408191653956954,1.208862236872221,1.121008637827005,0.9339219245394158,0.826161622922352,1.055660475861638,0.9148509401841468,0.7988730130569647,0.8952471082076197,1.106829989720807,0.9294047868183914
NC,PL11C,HH,1.407040785508105,1.308341109532431,1.157800406818213,1.263474337725513,1.27442388979839,1.272292691816046,1.454449470768156,1.517831959599894,1.323551559032947,1.291016107381555,1.514053574551009,1.447549169854945,1.361495096451765,1.722430826806727,1.421187653766154,1.692442744145507,2.193711394368479,2.698328707442227,3.305026090095286,2.49148369947702,1.459991716920141,1.107682180622714,1.482097391434972,1.433384540329924,0.9845654421006408,1.118543378111469,1.089106462716219,0.8601512171184094,0.9218938861746478,0.8134632863070558,0.7162633545381305,0.6076441485192439,0.6139420479512642,0.9047081599874464
NC,PMPB,HH,1.303226835295818,1.44591219651246,1.379534527298129,1.663357785483124,1.930592866963346,2.20288909175992,2.032678631875546,1.562634853663637,1.43577731738496,1.381250797118145,1.292685018887932,1.233930199323757,1.668109112727296,1.724074171816075,1.577192788146886,1.556844079067996,1.412075074066556,1.676971178064286,1.728500340772119,1.575937965381357,1.354556904433853,2.529158887636161,1.759653139331058,1.500565528915266,1.630414887316138,1.194999363443723,1.056209399978896,1.343407000606915,1.154041131369469,1.517724230326355,1.473183181198813,0.9646631542586132,1.909614370317331,1.083555224221735
NC,PPBB,HN,1.041815570497281,1.096038570750493,1.29017519275233,1.370962803948349,1.347664634098546,1.430664650121594,1.429196494020364,1.245724671707569,1.338883543198777,1.560947115030033,1.503355908019504,1.319726685946934,1.388793343937936,1.377209122507287,1.561962639011123,1.367243332278242,1.199556586885365,1.264617909686937,1.376989968025966,1.514949707439365,1.454241216435054,1.39231530988205,1.332769538759295,1.242187311297179,1.435625048889792,1.544559764634922,1.452452988601481,1.45486732353214,1.287479276981436,1.851891627099375,1.874311345868548,1.268320965328908,1.093597368857623,0.9084070113375587
NC,PPTB,HN,0.9890750425479712,1.138769650091305,1.197817472609077,1.396523344384327,1.719033808522871,1.951798027543103,2.232860116373395,1.408496335337161,1.176204633493375,1.17240230261616,1.132660498646799,1.054925565366307,1.259687704977157,1.046212853284884,1.025914023834098,1.007224101071735,1.058265170331116,0.9447080012633072,0.9629418544737696,0.9766677289274628,0.9970816225332784,0.9617478937889924,0.9286939567201282,0.9373316020517518,0.8923432956552367,0.8746831161320336,0.8441581685328131,0.792358358978058,0.7231520768928649,0.6200655265801025,0.509880062606411,0.4282923226288302,0.4163071638272248,0.9055733773741972
NC,PSAB,HN,1.118753195056546,1.084751967439955,0.9935945388048576,1.01548301285932,1.209477969956204,1.447410219052377,2.571202047443657,2.537388918929389,1.658478421019832,1.177640902682366,0.8846120880410216,0.9468001132589609,0.93764742740206,0.9052251458882986,0.8891388038358289,0.8764388414620149,0.9054170193782286,0.8830436507102175,0.9142420825491694,0.8980950756710548,0.9453582702219762,0.9271556021955226,0.9207550891937069,0.9003682136988226,0.9009436272810872,0.927327348933854,0.9067999857028416,0.956097296656158,1.013766941766752,0.995569879288052,1.027514710518054,1.0669134335658,0.8515765493195937,0.9237262479533754
NC,PSM,HN,0.9867688772245652,1.172899796146345,1.236514345484899,1.267400963395562,1.047024883725846,0.9401246401984058,1.073086385232802,1.043150742375556,1.060958059615105,0.9980746592901782,0.9637880016132784,0.9395124849754284,1.013215740822472,0.9963220097378396,0.9613729187419214,0.9417922979743883,0.9246545553479354,0.901820210545337,0.9270136467583904,0.9428120083629646,0.9310642290009044,0.93521211420694,0.9249937876929128,0.9244609989692866,0.9251501609891786,0.9259565312062756,0.9177745773013872,0.930832143318291,0.9286117758540288,0.924016212122582,0.9412432171356342,0.947570024785644,1.027940455199712,0.9322930933421252
NC,PSO,HN,0.9384991296848296,0.9049856190135516,0.873369285134503,0.9878809905935734,0.9994416458396158,1.042661926164453,1.016795004445991,0.9882677733259584,1.184086328435134,1.215729337545476,1.217710769050774,1.404881969638354,1.300026808958007,1.144393400576174,1.059000355615558,1.048592907056094,1.038740451028141,1.028604402395726,1.011886648114634,1.039005792364366,1.029862512107207,1.001159469915237,1.001566442770196,1.009910316347287,0.9917114699896064,1.001596184352985,0.9757793969223888,0.970931715536258,0.9792024668476824,0.9740460290698916,0.9589843999244888,0.9654840772277108,0.965653785694898,0.9301568552267554
NC,PZO,HH,1.756130318996856,0.9595895139241452,0.9744233257983144,1.048197444530972,1.0360217260007,0.9929831700696128,1.084169239958787,1.075674408041964,0.9805033685811628,0.981600321193249,1.143849415464126,1.127420923621424,1.047923062563026,0.9546797057125715,0.925715004821804,1.031332282418791,0.9261889865492484,1.014540245858124,1.0267535809556,1.021231972421777,1.206282743069647,1.275488214292037,1.493192120185686,1.872163396614704,2.597775407371698,2.266333487843044,1.754550439076154,1.404559920889561,1.019995847300561,0.7907145290883121,0.6095597742945417,0.5446664949863919,0.4914820110777913,0.8537750749677911
NN,AGLV,HN,0.9464504968845217,1.076559949932882,0.987505297488343,1.008620358445866,1.090667322367907,1.072946084049787,0.9806975233718052,0.9846632159172086,0.9885349077106098,0.9669506170714448,0.996000954871968,0.9730010526623268,0.9565523183715712,0.9900460693586228,0.9514778594246884,0.9535851818451284,0.9631544119749224,0.9637611629857636,0.9395682977130008,0.9459973332004116,0.9625332380112428,0.921956910018407,0.9249880962893916,0.7578673081580133,0.8911929533126337,0.8933860524048323,1.125188317816838,1.279853644004131,1.575365062313858,1.624025431968786,1.099974185887986,1.329828684586727,1.478003510789697,1.124488712589594
NN,BALD,HN,0.951317385143213,1.073706833131535,1.158577976223361,1.00365672895561,1.001002543880308,1.06813497070401,1.051836995587089,1.021913966110902,1.024801479239334,0.9757355691068844,0.9858996195237174,1.009233087505635,0.939591562834038,0.9865625885721095,0.98923165769679,0.958690739442618,0.9898758343191691,0.9753147600879328,1.074619707463231,1.103166471337008,1.014589214776452,0.8760942723427363,1.430629962578934,1.036631973637012,0.815499064148902,1.395444136930315,1.074444493250994,0.8972237225815753,1.008174443535873,1.11810560739453,1.203857180447927,0.9963981101070324,1.086253033852254,1.33694428772949
NN,BEK,HH,0.8978237543472853,0.8178176821204033,0.8755204722570109,0.766646347495315,0.7377396978503199,0.6395192512210757,0.6952519334326281,0.7588789860453922,0.8043287804008727,0.7181644212981889,0.775204009321844,0.90333762256143,1.12534811616871,1.268230433732014,1.212951239127918,1.341252765466622,1.556399458191463,1.484616375020066,1.422402188533876,1.354744169877317,1.254044932849388,1.215954821036713,1.297541527595289,1.347433186533226,1.222416515963093,1.025987132724433,0.69413134298429,0.6912447669836431,0.839235710011642,0.9184699534331432,0.9605631292438056,0.9774085202481698,0.9836912393563056,0.9355300167400044
NN,BFC,HH,1.096110287377574,1.172591737077125,1.13429764308684,1.069652574110536,0.942849959054831,0.8930204847638226,0.9002383769764578,0.9894171720435792,0.905861730053387,0.8967275957875163,0.9258399589430096,1.117767464093322,1.174190833585731,1.062511045254925,1.038536661868553,1.144555076875033,1.167642687756265,1.257270232556786,1.340562605151167,1.152807446857099,0.7972770600547855,0.7009573588844854,0.7181352083754595,0.7803618959915487,0.6315154206346404,0.5722458929214073,0.5579757397642795,0.4402850139275364,0.4170054897174486,0.4348648276267693,0.4795860324175962,0.5700743896251681,0.6767661030886964,0.9160438905949532
NN,CCAD,HN,0.89788865068225,1.013807727869407,0.9576700049259282,0.8980737637806973,0.902960614207767,0.9963487309641412,0.9255839888538496,0.93493944727622,0.9173335965493628,0.988285088076953,0.9245230527590952,0.9407473982593568,0.9381245374898082,0.9455666794257545,0.9521171084614788,0.9793764716010976,0.9633814134820048,1.025190207740914,1.097959685728849,1.128836811272194,1.050337392886643,0.9870258223800176,0.9346768082538448,0.9161299775876448,0.8844739586416362,0.9582994455940156,0.86822793982475,0.8825964454202009,1.000793319799391,1.073074627539816,0.7956204937987398,0.9610440308557712,0.8194557151365169,1.092476392530116
NN,CF01,HN,3.105654223440008,3.346512519606881,3.598478824089205,4.020613690869015,3.991288683347975,4.291210550506601,4.685631101779374,5.028653569893432,5.041065311547907,5.221739760010275,5.175896319894545,4.860542736242726,4.573544159420237,4.447423470967534,4.304571487962116,4.23563257207254,3.900309157881502,3.758808069975215,3.20768072382689,2.82700717985745,2.50633505830823,2.01872569064434,1.789392334751601,1.571815644001135,1.309427835659146,1.076258767995364,0.8638406801285725,0.7935842137857134,0.5682943195400744,0.8452845351528112,1.084639334039824,1.120569726838318,1.328913799868661,2.140451116886458
NN,CF03,HN,0.9790988469289518,1.12502545248597,0.9998080999535206,1.102878443583486,1.053556800048976,1.069496718857363,1.029284576347999,1.146753191486969,1.165142929716064,1.095786602928256,1.092355712172454,1.024631764584429,1.028480558702584,1.040416222291692,1.024190096304409,1.041951150611573,1.002971896187873,0.9987809660430758,1.000524049188277,0.9824752594329612,0.94589118608964,0.9157458394944844,0.9039249182854034,0.8787323055786932,0.8210728091352465,0.8342897371765186,0.8160418673656811,0.8867221978805425,0.9768977135729902,0.9165286370342676,0.7283378762399102,0.8908521327004711,0.8974320006594024,1.059524952827168
NN,CMK6,HH,1.001954052646371,0.8775848031354023,1.012849966272173,1.027079846532786,0.9087254079392568,0.95879723144202,0.8272174283068755,0.9153864899504468,0.8489789594682143,0.8275922059299646,0.8685566847840307,1.037673959280975,1.095289904270849,1.139809696827834,1.03401976921446,1.081179779734875,1.047793379386551,0.986806365142321,1.014541192914153,1.012493564899493,1.017819504233694,1.009309448484515,0.9811298922528076,0.9757214014000172,1.207415944635521,1.021070212475337,1.048684589845897,0.9955359176886266,0.9779029408138696,0.9580912732189916,0.9944336335607814,0.9836032006921764,0.9707889707931884,0.9272105157566508
NN,CTC,HH,1.022290589501736,1.073082899757008,1.103119406631888,0.9688230709777456,0.9616229884430864,0.955584755359374,1.042013293474479,0.9907462864736536,0.9838057464390316,1.105711163779455,0.9982720199950892,1.000820663560534,1.059374224416334,1.164649935288971,1.233221557386974,1.212984619972657,0.9791160318676446,1.074324495124161,1.099203631643877,1.052720589620629,0.95794801091086,0.9428200480835984,0.9324365885146556,0.9333551858056932,0.9251560160114248,0.9286966526739308,0.9254350373198488,0.9306745997333802,0.9259386835377118,0.924586458208794,0.9236270370198828,0.926082873132994,0.9272072505100843,0.9254464261344278
NN,DIX,HH,1.175283719145402,0.8960525188364473,0.9761699997437884,1.028673878459769,0.9548102865971104,0.9066477741207792,0.8525254085003772,0.7779796328423728,0.8259089832768828,0.7330548662830993,0.6697148930018801,0.7480379445843665,0.8897043624271782,1.261395415169109,1.156047038050497,1.169277791028117,1.185708227011462,1.426678533008166,1.533745684598402,2.25762876490946,1.852519836233819,1.67550468377571,1.230409733149788,1.20555081888012,1.060197045841525,1.028388452194991,1.008357232077256,1.100127150357477,1.099730748104074,1.078474408449093,1.026163222875593,1.018145750834011,0.971474982426087,0.9213626181700808
NN,DSP,HH,0.9402359026599622,0.9217605248617796,0.9377868303475804,1.029489403073117,0.8916004807196144,0.938030807013472,0.8760191333174301,0.7984002237538995,1.016835576463677,0.859102681316692,0.9005005097449288,0.990409983033342,0.9154125203475574,0.7592131738552053,0.903113369967822,0.9694386401505812,0.9456525850293218,0.9579713159076938,1.048914159520564,0.9666151847135104,0.9981998883506876,0.9556154079048332,0.9864264537961528,0.9650129928212704,0.9541902311395412,0.955405383916816,0.9603044139405836,0.9734921300859286,1.162809713235115,1.363506478001076,1.030986251351397,0.9816027693011026,0.9258996290152982,0.9287833702924526
NN,EGLV,HN,0.9501680802848416,0.997946575809884,1.005091017838773,0.993143968122882,1.112908957774945,1.018027268080731,1.020031505380709,0.9975487863560067,1.025108755497251,0.9951727331048534,0.9886293768150284,0.9821244785256074,0.9509065580263272,0.9748638967270632,0.9811028325869215,0.957134733001328,0.93232116710862,0.9417539842235364,0.9727988384474144,0.9604809738335868,0.9378542752507372,0.9375314997064724,0.9491240539821548,0.941455824525028,0.9385335323090394,0.9661909142583958,0.9591703069381412,0.9568532147815224,0.9981644363537066,1.007615512697921,1.043049434760662,1.085725873577286,1.175057511804515,1.327050338019703
NN,EMB,HH,0.9002294466973598,0.7803648377975325,1.004016657574786,1.089943524508998,1.125297193110728,1.124254282310245,1.310647665439482,1.493501693007933,1.530690766573286,1.371030447420309,1.680269664033416,1.369427675307973,1.326711515995328,1.133003486444852,1.023807845321681,1.03872655685611,1.229400073618016,1.116180807519632,1.106651091668278,1.108693631394859,0.9676290809070224,0.8491988255774937,0.901202034231818,0.8812756913985503,0.7174988293875921,0.7202902368132489,0.6694447457904497,0.6687882448374778,0.7334756999836298,0.9403736331991622,0.9330009074683442,1.022737941532619,1.20410382252491,0.908503200650483
NN,GMN,HH,1.135682727317866,0.8508335941426395,0.9518660003920852,1.14249655027315,1.000280853936668,1.029155680535347,1.012319038578882,1.127765233081326,1.136080382882749,1.160467548341251,1.120369287993106,1.015963108173172,0.938957971670809,0.9443983860188224,0.9751666316850076,1.186395426312033,1.377695496659975,1.365137702690526,1.075406996817514,1.717932281003517,1.623743896078388,1.192298316753001,1.187905525918032,1.224790982719001,0.9665890281160496,0.593812908273068,0.6530809031963408,0.997856641245398,1.149294075401021,1.294967601473578,1.369688098061529,0.8958410773819507,0.6397463746813662,0.8572541661034169
NN,GWY,HH,0.5604367743912976,0.8110893297470716,0.93080992707151,0.9397857854100338,0.9224587886056984,0.901317786114742,0.9207320213445196,0.9036123199614914,1.091425321489057,1.018195650051139,1.063598772972905,1.039512704587984,1.328764683518262,1.28084050789719,1.268738364616781,1.289081582087357,1.259249443173392,1.348491558335707,1.254199546964057,1.124221151523782,1.070125617705265,1.076545883011035,1.046017245227232,0.998755249205936,1.017900932928127,0.9608711687880452,1.014346463261739,0.8908965804552629,0.9187432364248492,0.9515087603393402,0.9988372090964226,0.9623209985727892,1.063305814427084,0.9292150487876522
NN,HVGC,HN,0.8348731990048854,0.829151443302742,0.9103717021895152,0.9609963167794155,0.8939794565989445,0.9774392567329347,0.9123481522376,0.934402064802882,0.9284429962716462,0.9472632667029266,0.9375475950394534,0.9707068020292048,0.9497711468863784,0.9976392729325788,1.025174215117312,0.9907239701071184,1.002833368098959,1.012080204964476,0.9993395088655532,0.9908734006645512,0.975523242303521,0.9640284691994732,0.9643415903836496,0.9675259145170062,0.831857657888271,0.7887244200082073,0.9222499840479548,0.6667441269506739,1.327559877574981,1.232675115771549,0.7938151691221434,0.6091428865801554,0.9519937146726588,1.170434069076535
NN,JVTV,HN,0.7600157892465391,0.8116636338119925,0.8562527355161058,0.8116209428693654,0.8648158018780132,0.9036030883810868,0.8154316453219032,0.8326434578301087,0.8505199781576649,0.8693830608101973,0.924099753660386,0.9001203603181103,0.949327927611362,0.9865544288117648,0.9936784205437768,1.033986966517839,1.076941087876751,1.089079588819663,1.128758104482655,1.140333048109903,1.18420885535091,1.228322135586449,1.193848319228208,1.413791901084518,1.398712133911456,1.512175213643534,1.495994666448666,1.140443547081267,1.325989240052879,1.484536739424715,1.23812640106286,1.336995979964313,1.856389709814928,1.358631810886989
NN,KVN,HH,1.207932416025755,0.9943402888655094,0.9726513796177728,0.9601048818419476,0.909986183282956,0.9302709486697588,0.8043662365303416,0.8705188000324794,0.9645930043255632,1.004833774998619,1.106825932514951,1.068836142646545,1.319684230652802,1.545524727685793,1.627636605600983,1.899405863390435,2.118224491686893,2.221872963340886,2.28429091260526,2.365479218563407,2.415440537546477,2.518950683261,2.596785909199917,2.772801257677718,3.08123467063884,3.476652085220587,4.327776621388826,5.550915034766531,0.9666338337031746,1.937416248359542,2.507492698323206,2.208234215312202,1.337751827624571,1.096774111415235
NN,LHV,HH,1.321417801356409,1.308152292294883,1.239802716950112,1.47501805602706,1.377397601511561,1.280365732818035,1.275116235450484,1.418229861567766,1.595289660679935,1.559628864845457,1.585298959941137,1.580625777454602,1.668333380183777,1.427197601088269,1.619507408480783,1.802022123406946,1.703143690382722,1.67464690306934,1.569111988132453,1.355036808039825,1.312703846489815,1.192198132704275,1.18635159198815,1.336451592847799,1.031406403141444,0.950835565683552,0.8991862657424511,0.8752309276670629,0.8776045335515169,0.8638279351982071,0.9344352082803647,0.972988316211173,1.074415944896541,1.118820497630093
NN,LV07,HN,0.8291584464238745,0.8889202622236912,0.8805217107003468,0.957810934619482,0.8870024367876008,0.9780513187577182,0.9638536834299328,0.9838608541840724,1.0060441018886,0.9702597059650274,1.027798340358581,1.034033609970132,1.015661887260646,1.008774382537446,1.016710915221414,1.029013634012143,1.003172506268545,1.011580012035215,1.013948082373476,1.02619818488961,1.00389609649367,0.9892151036538102,0.9162963962810496,0.8961057829234002,0.742002687431331,0.7509581767215207,0.7361843917671392,0.7366348581236236,0.6699162287010375,0.762606120062245,0.9070667792817912,1.004757363151187,1.054909021151993,1.25384489842138
NN,MC01,HN,0.8745108971625095,1.036633691529165,1.001642858596534,0.956922443560722,0.9816232456953063,1.036146333312266,0.959017784328271,0.924841860742154,0.9522952812403817,0.9518043577843848,0.9998604708003896,0.9826094468704152,0.96440923759778,0.9573107198087936,0.9636441811095946,0.9999908205886068,0.9779240481927288,1.039380770547948,1.012215657426165,1.030876537998567,0.9941787692823576,0.9837080941756726,0.9973830818936592,0.99600829791386,1.046072600861752,0.9518805985832812,0.931379688533678,0.9238628050987284,0.9701740604009432,0.9470588814324388,0.999659549834722,1.050598291446085,1.136779141657965,1.282543984547271
NN,MC02,HN,0.9306502895209074,0.9789669788202698,1.079332679818283,0.9995028491505265,1.009813786241645,0.9441555289191048,0.9435263062584242,0.9226399132106036,1.02098860111048,0.9792442286485764,0.9401503211417336,0.9832297748511424,0.956396025138222,0.9783627196156092,0.964991352957132,0.9894306892452622,0.9801311311258482,0.9648462448774932,0.961831695147837,0.9516637538622288,0.9704260947741108,0.965589279199053,0.9574493351834912,0.9581528819824384,0.9498436070127244,0.9859035840968862,1.082638756009713,1.145835529017552,0.797390044688677,0.7946402524238914,0.7335178734487068,1.160882478174654,1.156005611565914,0.9294377751125916
NN,MCM05,HH,0.848350645839796,0.972075566014562,1.006655452069715,1.041012100297564,0.9366294282347554,1.095340551375107,1.179842709304162,1.149730284124337,1.221010072860588,1.113552030409273,1.12608568166383,1.089440312478922,0.8134102551812918,0.9227046898205844,1.217411695858077,1.554920088146162,1.346236011995544,1.108679077098258,0.7153477815086858,0.7208166012896555,0.6256499298688261,0.7381478143850796,0.8309023672672649,0.7163920534977027,0.7598336248186224,0.7037938917263417,0.7121850725272153,0.6694076651483261,0.6706309931097094,0.7110049916903074,0.8434614591662375,0.9093707294824634,0.996519336028434,0.9322793599293968
NN,MCM07,HH,0.978018950819784,1.105856821857222,1.053464827932609,1.098193194363116,1.1877196512229,1.285401911540011,1.056408829120432,0.9127138456250103,0.8017358247974142,0.7623155888567683,0.6715320068662105,0.8008109000302478,0.900756745944507,0.9872904890332996,0.9697608159641884,1.031028881347077,1.492169236334214,1.683309380421683,1.585893626592189,1.977775070178477,2.785752633958222,3.519308886373744,2.223666889929846,2.617442914304072,2.593667482532283,1.89915117204317,1.644542479050725,1.791800263841697,1.826239907598036,1.82970401152103,1.641709628701258,1.219234651024889,0.7424853301351318,0.8845240241736407
NN,MCM08,HH,0.9526996672140235,0.9246370090530864,0.9172544556950885,1.006687851121825,0.9026164143035776,0.9109073223221892,1.05080507268519,1.151350969720359,1.363836296306657,1.673986575411705,1.596678918231295,1.24751920120471,0.8401929192292638,1.055505354283297,1.298069118425395,1.40901661261982,1.335003629053412,1.616419164092532,1.660940968900656,1.720216025019296,1.80831941253542,2.064760761350338,2.040994412056808,2.006981875046591,1.6344289752729,1.517730396080973,1.342584128284016,1.015606110980173,0.9157872118920344,1.014134705534484,0.9506287609757722,0.8395939273327635,0.9159107604405112,0.8740027007812954
NN,MOHS,HH,1.180336479354143,1.218290274989463,1.1996388173291,1.162476465214834,1.143087011577482,1.148213799752256,1.160111179258171,1.134533680251063,1.142122933138325,1.140453781406622,1.169883894409222,1.209945642157628,1.175635443521744,1.184972087619839,1.224784046992122,1.213785750839079,1.220749323195788,1.255219574306634,1.267501747469032,1.276409593746143,1.288684983290724,1.310381673281597,1.314781682013613,1.342267582317481,1.337014438144867,1.350630202157953,1.35023624034647,1.369477387692096,1.369062050913537,1.357565126938362,1.379562637630988,1.381023556983727,1.404962640593145,1.014465750415453
NN,MZPB,HN,1.01420828035758,0.995956849636388,0.9217904442359124,1.032537080532672,1.015786162618456,0.9829446148850232,1.045257250107456,0.9797641638490044,1.04085669282988,0.966821289556538,0.9372022074979204,0.9872486852481408,0.9708531655291072,0.923318360558026,0.9557301247148644,0.9320406311887972,0.9212616521609018,0.934354134217284,0.9151098607539234,0.9356403439661424,0.816311218088854,0.9334135879515706,0.935074167605588,0.8732707616026697,0.5013407867341035,0.8094260331734038,0.8280259568449485,0.4708239364329846,0.93034137881226,0.9684227084802378,0.4570811275178163,1.068884024767688,0.9827888241668038,0.7671311001511749
NN,NMHS,HN,0.9768761238121028,0.9594292788117575,0.9600138612867738,1.042967890790507,1.008466565198563,1.000556284306781,1.01089816038281,1.082245937546751,1.056230715825002,0.9864472594646284,0.927042393274642,0.9511182508923433,0.938849575898617,0.9237810443678304,0.8464845383344046,0.7041748257182469,0.692388966627286,0.6981433414886541,0.6539979279504546,0.5955689857446473,0.7196926715253317,0.869103803552373,1.030392464137043,1.396482138674779,1.602752317100046,1.3892115255904,0.9908272805077116,0.692754230340934,0.7669230825586157,0.7846397747619911,0.8894117449026377,0.8992836411691352,0.9299914703229072,0.9191443865141437
NN,OMMB,HH,0.904657727614268,0.7634266182925475,0.8939569413350305,0.9468152918010097,0.9681387169947596,0.9896567020128044,1.236779690908019,1.228561050848666,1.089526884805714,0.934549447277023,0.9752388429157006,1.069323135823768,0.9891505188179412,1.093403527390245,1.204209854404783,1.360057038252937,1.417064044855136,1.105294296456287,1.187236241303854,1.184505488128343,1.280925594904868,1.185579032809085,1.365384936581748,1.315514703086947,1.373508518576825,1.544568316616579,1.68275069904394,2.014309509666251,1.888114219141422,1.85854389553639,1.55803786235934,1.386925332159333,1.038323328792892,0.9480289580686556
NN,PAH,HH,1.13871328249941,1.178716707553131,1.086128838568252,1.087127602446204,1.000120311395222,0.8695039441047622,0.8733481463877916,1.027665502916585,1.081975077743086,1.045979657100801,0.9526514080634712,0.9224019306499848,0.9414439277378704,1.026020630203082,1.097695521821423,1.029164659704904,0.9031437199246554,1.029469868819745,1.166377955082554,1.170587254939967,1.090520154111125,1.061657283554753,1.265306856309657,1.157073827299664,1.060442051101256,1.068450163026227,0.9348419785582808,0.893983152009847,0.8556516525580715,0.8878609759307505,0.8482730653500257,0.8198812184688035,0.7890665954528147,0.924456739862108
NN,PIO,HH,0.8531174886314041,0.8354943546651308,0.8388900953723148,0.9450250398694268,0.9782326053509852,0.9144812794592744,0.8317967163933901,0.8386260249735187,0.9178096137053464,0.9219554988931152,0.8531542765639438,1.053349256686127,1.650014447776072,1.993606423832898,2.226076356477142,1.851445581411167,1.47903480423492,1.488617114714121,1.305167518111248,1.238702167537099,1.251950498631724,1.145894160126359,1.091668250228475,1.153776050777158,1.226463459660567,1.446490980771298,2.459122042496539,4.140305551525054,5.025700125445465,3.960105708444711,2.148730713164139,0.960170673236432,0.9701588858132928,1.022181938425422
NN,PLTX,HH,1.064898905131373,1.132678702046245,1.248578264130447,1.350213278376578,1.287474304816603,1.342972224038068,1.622068294821643,1.795502285661928,2.279784866669214,3.385436539956346,3.715744087212642,4.721039617225725,2.728034656836561,1.596888412293046,1.095995070284761,0.7303581943767681,0.3986022614878557,0.831555934804591,0.7768015917798226,0.5900660013124936,0.598383527084926,0.7633078425798184,0.4647534849555141,0.3636751422869457,0.3843905761483785,0.4285486939873562,0.484577944503201,0.5646863482921324,0.7009036535978277,0.859987386008593,0.9151861099127886,0.95209817096374,0.9616618861516756,0.9323691682625768
NN,PNT,HH,1.240083948962402,1.200224812179163,1.185546823186322,1.150031048277462,1.107748046278804,1.111879438326776,1.106055901030347,1.274772927876489,1.534555773314303,1.666718880840932,1.722322081323374,1.590381400730386,1.890203488254996,1.078056005640083,0.8673402022335781,0.942607290072991,1.13025069029813,0.8686062869168228,0.9644978952716324,1.027312914349408,0.8719957929748893,0.861311034641909,0.879241867607212,0.7927382182540252,0.7664466071915946,0.7073509666810359,0.6779080454997171,0.5815589405113609,0.5282217055864192,0.5677828773436158,0.6790275031293544,0.7572816786790103,0.8262733256511015,0.9299101073784832
NN,PYM2,HH,1.126202751798681,1.273113007392012,1.041818089593893,1.054196903726209,1.152515220841799,1.082761438212376,1.012423170221319,1.034304242550514,1.080122049543538,0.9114871238836824,1.255164233656595,0.9559947749595388,1.04905703586936,1.387834858033092,1.368771534985442,1.250570967999473,1.27942910759389,1.177245192400454,1.154897909701171,1.304973217368931,1.751232828064103,1.931061661230604,1.584837775886929,1.86530676959949,2.281577758399814,1.643596719481606,1.140095211091069,0.6612655028798236,0.7192878806152361,0.6184531071929658,1.011555657909652,0.9068353403933792,0.9247377180433988,0.926913959614458
NN,Q09A,HH,1.018156751527813,1.136130148757807,1.293397690324947,1.645028171547267,1.353534456471188,1.408798821588488,1.195185247241773,1.208593320786899,1.455819261831475,2.230241475007146,2.710941111701677,3.043855307400329,2.251881770986143,1.820592609688326,1.58782055827628,1.659826330016248,1.703191560102769,1.511953914835197,1.039579428254978,0.8450913254419982,0.669407389645657,0.7580859534394752,1.272536746174826,1.450365782788403,1.394975944936502,1.361706695485931,1.262181405788946,1.326545201285087,1.195422205362583,0.9499078124373848,1.519602781078253,2.391338112421286,1.139220584556991,0.9479097943636164
NN,Q12A,HH,0.910406462880874,0.9459734772038392,0.9079106001706996,1.015572106000382,1.057295705903489,0.9541223294129544,1.001592838602539,0.8276655716809868,0.9799957490217476,1.125558298031691,0.9775064116195072,0.7652535600040973,1.135041149922401,1.37230994273012,1.500329339048055,1.835023757749576,1.262961854288802,0.9940720927879216,1.031898349717438,0.8241613419663566,0.8443387362321235,0.799350836137207,0.7851988766836819,0.8677677631966353,0.9044042288907226,0.981321957974746,0.9902974705068758,1.070592733387734,0.9827265422730972,0.9543843420391352,0.8535960312250164,0.8500365389732235,1.099381644998568,0.94454146401163
NN,QNBC,HN,6.407247188744936,6.44717380541029,5.551087619583633,5.650015188164304,5.109192210503872,4.871567129040113,4.030206164176983,4.115440818202455,3.583687905759725,3.310676818068917,2.769814562343253,2.666628250876461,2.602806012741674,2.432814640489994,2.447654350287719,2.173898081796303,2.140445874528759,2.040398697652221,2.039978586931066,1.971714321853025,1.935148036418369,1.974295210891057,2.031703522456859,2.406475169490789,3.316905516221462,4.697490540288491,3.336971603959086,2.895846324059828,5.773985041068607,1.647643580043332,1.571054880151678,0.9536826741432722,1.129715616393744,1.385370933306838
NN,QSM,HH,1.085094631217254,0.8515347095515389,0.8255948427648439,0.9535097859581686,0.8761762822879271,0.8821976921639122,0.9050092900323828,0.9516504379459996,0.9759737592569414,1.037223813146163,1.076199374033792,1.113540398122138,1.101559053277909,1.215812215021754,1.381003030293179,1.354192525619124,1.321122143232057,1.271706156089254,1.204287845329468,1.124719547177159,1.144169468033398,1.325869234151416,1.329323057559061,1.142607830403207,0.8628390694730095,0.7091967281821309,0.6417982352080946,0.6757144173569989,0.6561245104319605,0.6639734213579733,0.6350208755485071,0.4617062035169348,0.2183899171298538,0.9064037340725236
NN,RFMA,HN,0.8382457942878763,0.8924074550898066,0.9417366058647172,0.9023444987646912,0.948343534460222,0.925021883602194,0.967184882541671,0.9315004164891416,0.9528102193596126,0.936030688393082,0.9250362343736566,0.9199549448931584,0.9461326835169014,0.9407890711416234,0.954675885092188,0.9586517897329396,1.019454358033732,1.209294030580758,1.188571661888285,0.9000184986025382,0.8996269041244628,0.6425399556217234,0.9126889528419444,0.9146667698350016,0.6885671551472596,0.5099799603630109,0.4768630941487924,0.4511053936403702,0.4135383545440305,0.5789099231357181,0.3889964921779694,0.4701183870363509,0.5715284883358314,0.5721911084397565
NN,RUB,HH,1.03167570590886,0.9780522584578822,0.958696965676254,1.178220749515885,1.407951215304579,1.434139414559715,1.572199275471589,1.644410465088412,1.352253948590071,1.251832064609046,1.44811776645285,1.584460998825995,1.203684712571635,0.7088123355913991,0.6498414647056071,0.723272163251081,0.7557364198004388,0.746611208082822,0.8303323171425695,0.8260984890443275,0.7789380723449556,0.8082604832787768,0.8218460090732933,0.6994366176071486,0.5629194694158335,0.5337249726248168,0.5469331084798794,0.5851839168723092,0.6012518982270245,0.6696358509602348,0.809051957079238,1.100441732986635,1.244075481381289,1.147682935254946
NN,S11A,HH,0.9544774024911964,1.162118340927944,1.360758927231533,1.69367757083815,1.639345044700075,1.82032143533182,1.915422824805208,1.61919437974144,1.205662557709642,0.962332410089259,1.034436579301069,1.01446224690741,0.9308645522377708,0.964601036819792,1.017145350772783,0.7957123907052222,0.8872142021586242,0.7077483127620182,0.6708264766556721,0.6758874995254661,0.6823220431583076,0.6412587757973089,0.6335490034009491,0.6195525669327114,0.615680141520877,0.5294531362689168,0.5417465480807913,0.5275699552298871,0.5098261277676648,0.7042656136511157,0.8697588737815352,0.8417605704306488,0.8932688389595107,0.8964724118277733
NN,SAG5,HN,0.9303663431218206,0.967898594831886,0.9447208047588193,1.01896205236447,1.012127259178664,0.9771679201517416,0.9312578083962942,0.9109920044672308,0.9509351014514232,0.9370096623410484,0.9824685036319852,0.9397158111381264,0.964209981275826,0.9207686438601232,0.9662023092369976,0.962673931577377,0.9662508269579798,0.9620172943952158,0.9794274443217624,0.9775952163767296,1.009213815233384,1.223836454531457,1.109245609521338,2.058864700021733,2.204497378665453,1.640712622786785,1.630754490644649,1.642250811287845,1.797452568937775,1.565620782074589,1.360858557751984,1.018788255029728,0.9979388665726184,0.9066271911420748
NN,SHP,HH,0.8352630781942083,0.8621180543497565,0.8663483335194438,0.8748745989822851,0.7527719563695076,0.8381953877534559,0.8121237068249857,0.6592430157746908,0.6448627154965585,0.5488053194074552,0.6423563141096964,0.7262685390871003,0.8003327282992754,0.9385103285580644,1.075399781791662,1.000751637123825,1.219355476052828,1.263784732245636,1.134058167708687,1.380985780196882,1.246708284351245,1.205328683101253,0.9952316677698496,0.980365720568887,0.9661800216085203,0.9595079155242668,0.933852870033078,0.968929243605641,0.9314915728520082,0.9246909199954084,0.9157621058467128,0.9206282202058308,0.9190909869739732,0.9213105460504424
NN,SLID,HN,0.9433011198371722,1.029606333326343,0.977709000126174,1.093450649828703,1.035206908503881,1.036874760874571,0.9987504992820396,0.952153773158276,0.9965634762733352,0.9836734867294468,0.9901822950882332,0.9950123776166028,0.971588859398456,0.9727946740393588,0.9518166891961052,0.964758023342406,0.9863719504862104,0.9930258835978184,0.9852762768392164,0.983771477933425,1.00296284143456,1.007429155964563,1.118198186022868,1.099968729971027,1.095648921495836,1.277022975803612,1.244558450618283,1.054702727342436,1.024391320143421,0.9619959365582664,1.104715590489836,1.055760222493185,1.420554486851605,1.217515095847091
NN,SMRN,HN,0.8489706146987278,0.8088823990218965,0.8317272773492638,0.8947218519406046,0.9785612904532404,1.000461203737067,1.012587494466376,1.061130115815294,0.9866738193191328,0.9636496399397482,0.9412768209720136,0.9233619369075784,0.91145558645121,0.9492447315662664,0.8627156490167224,0.8657527717897774,0.886105945429604,0.8779376344483739,0.85929936304748,0.8890431011723959,1.034221474299724,1.239865815921185,1.256113575618617,1.221501504710305,1.199530989778643,1.005153864202474,0.6809005989789422,0.5558621763923077,0.5036670811375165,0.405764655924824,0.471477718868231,0.4140818285597231,0.3067787544028808,0.354831097151931
NN,SPHI,HN,0.7684542021431108,0.7874094771025951,0.9685792423559484,0.8810935825015718,0.9414722837251438,0.9877137805715196,0.8726577874259089,0.8937685998543241,0.9216117212158038,0.9183494209496676,0.9121600741943136,0.9150650067426797,0.9547530420214244,0.9365738335496188,0.6757838780348393,0.8779610906098488,0.7514456941355814,0.6914613788236983,0.5790548163814488,0.537680267794621,0.7154120914146184,0.7222594931776553,0.8105204711777407,0.948770263325784,1.061811172769443,1.337145322292155,1.232217913494015,1.2346972238406,1.073556396642461,0.6443697794571878,0.6109348606107556,0.678149496348905,0.6763162952496735,0.7656164423701678
NN,SPR3,HH,0.7915377329114416,0.7655485152668413,0.8234449967391037,0.8641777527463931,0.7478954962089776,0.7811884812315791,0.836410172331332,0.7945597005592945,0.8607842062001613,0.7996498265206586,0.8288828993118545,0.7944335506027866,1.000635162471267,1.383791163369917,1.417643658412919,1.380721740526254,1.31946979149196,1.284804006654456,1.265777861294838,1.234926032333029,1.255174766050231,1.126197779947751,1.16983120101257,1.114823599979154,1.113617070708233,1.084594493157798,1.128424384867393,1.149038707423176,1.209387053036691,1.312024039678092,1.619830218370215,1.370360618330142,1.631999078237681,1.231828837895221
NN,SRV3,HH,1.47130346775046,1.047449584372527,1.015499620181941,1.008994552054888,1.092532426710193,1.017943183445592,1.083042405892545,1.158845287999457,1.391863685288494,1.548040728477457,2.023756152508985,2.609264934708668,2.592359927884481,2.138112989688948,1.937710460389329,1.541430760162892,1.045581514467756,0.8039578267877352,0.8356202301515815,0.8501600283896159,0.8400496318226055,0.8486888884294784,0.8628051882464616,0.92612003720693,0.8760813488235796,0.8689524402944852,0.7485777185609372,0.5671995022684577,0.4648339500415005,0.4700161264932033,0.4396477804558551,0.43920710936151,0.5101942163525655,0.8513304330581246
NN,SRVL,HH,0.7802390495123045,0.9013614128151158,0.8262431577904521,0.8878070179739896,0.9884645691676772,0.8029304653346357,0.7203826701632633,0.7860107955298918,0.9046814689004083,1.061501238151503,1.283608071366816,1.287705937533266,1.312030205345999,1.417135083304027,1.308194936981392,1.26487577965856,1.18788962307658,1.223379266721361,0.9816041386262816,1.001553998502457,0.7955962199490773,0.8816555714941169,0.8532859767390614,0.7767291010519448,0.8775510812656893,0.9855646933938078,0.8251684367956557,0.8371358797674393,0.8890565856408474,0.8941967766590057,0.8937242919198591,0.8912967976077087,0.8878085885823596,0.9213705350536108
NN,SSFS,HN,1.041197663623864,0.9820526339024972,1.037337960262217,1.033063698886827,1.015025702255469,1.064104085173026,1.042027583325926,1.159032013248052,1.3037426691791,1.052347492073516,0.9247464757702836,0.9228882582841405,0.9358310460623004,0.949225581640965,0.9412174651957452,0.9238423371391606,0.9031285682184924,0.8974948291328806,0.8619774894478175,0.8880118436241177,0.8554339898076103,0.8065818814429901,0.7155564196032592,0.6763716522260408,0.7110072442808035,0.7514077797268595,0.8216929884803872,0.7592008088020092,0.7448924534514146,0.8330860522832486,0.9110979862120684,1.117626682912592,0.9923803061522944,1.103924257931696
NN,SUGR,HN,0.8663673750597023,0.8575723795461444,0.8474821427731084,0.8922665745624284,0.8777828957023522,0.8724260699996934,0.9197528632039796,0.912071692111808,0.9210567156634316,0.9489466781119272,0.9280854975139528,0.9097857019232616,0.94099654160619,0.9367878806480916,0.8940416743523948,0.919952581616596,0.8923536211247213,0.8880211100193675,0.9020987564165234,0.8998167608835299,0.9155243016920444,0.9133131927750808,0.9979773906076218,1.166493376194871,1.076377751521292,0.9297698870691182,0.6497291356674421,0.8148470804902458,0.8213213269762651,0.8186887381217076,0.8638180562171633,0.8850952149802225,0.7495796384241807,0.8493990338079774
NN,SVRD,HN,1.193568169709126,1.206092338282872,1.116123808665781,1.124561845006839,1.133551133893849,1.090637845107659,1.010008354137141,1.04343425500951,1.042037123741208,1.010013341964104,1.02642717549546,1.083635711328621,0.9868433418816752,0.9477645583352649,0.9412092071606412,0.9418919283443724,0.929131190989586,0.9085278755631212,0.9037380472452264,0.9105596596389618,0.9226755413487954,0.9469076957098812,0.928670400465868,0.9308483744850826,0.9822154597554128,1.492711025052311,1.552386221738857,1.570709851744508,0.7147198852270342,0.4593334749498004,0.4745598549869906,0.6984675528894339,0.7646093032096024,0.920100758508755
NN,SWTP,HN,0.9669855281256348,1.069939637198416,0.9367372761498236,1.020158141449774,0.979279225879092,0.9444573663016692,0.9122553889220304,0.97991467834464,0.995650967859911,0.9558795045529452,0.8872258001564803,0.946344466742714,0.9176002344441678,0.9501151330027496,0.9254896917103757,0.926732998281568,0.918443482887552,0.9600301056316768,1.158134992108377,1.163457110551697,1.04491436552268,1.041937917016047,1.033770266778113,0.7033576373873646,1.063174592072353,0.9081724245340372,0.9249456406060486,0.8064145084565914,0.7380105759536041,0.7847449838543563,0.7695232828450349,0.7184072941740461,0.6658335830672899,0.7927543072496421
NN,TBRD,HH,1.176238244208108,1.055297346329768,1.005106560049874,1.032180910999865,0.9566389092628036,0.9282190784866536,0.8741822083896592,0.8072584399003412,0.8811011638337634,1.108846345062847,1.134626268201847,1.051293947323823,0.9974205309741628,0.9631875882123396,1.107671992904539,1.25019029510454,1.346670088675961,1.342945405198712,1.265054397453932,1.21997781400903,1.280663722690177,1.326804666800994,1.466209216127536,1.514041294454499,1.381567208759656,1.183726171571582,1.165426517129042,0.978826242548807,1.110406982078414,1.295118669327547,1.053785041307987,0.547164532032345,0.7182952236959802,0.9678977492787468
NN,TVH1,HN,0.9675031611438014,0.9024577841693804,0.8511890338751984,0.8915967417943604,0.8768818424043301,0.8888064882860164,0.8965768197989643,0.9415239562808644,0.8892178577372488,0.9113523402496774,0.8550266869285656,0.8928765211080276,0.8729957887043073,0.889002177682733,0.8881602345730001,0.8666703144891666,0.8808451240718149,0.8824981474503918,0.8689372012372153,0.8833396722958878,0.8820214003178255,0.9210831833598604,0.8026107906558827,0.9119832275948884,1.08966458737903,0.9953496020739911,1.009053887050856,0.5648472202496279,0.7646080482718325,0.6257517013851349,0.6704470539150947,0.7006374743831574,0.762674182623038,0.6038356869743333
NN,WAK,HH,0.963182537748866,0.9639836530390672,1.048753763397386,0.979642056873788,0.923287012871636,0.9775204861228984,1.043202194899544,0.9445472636912594,0.8912611327941813,0.9320336638451896,1.006278171055315,0.903032798700269,1.141781011257049,1.127838621228953,1.154175053991087,1.143816023262832,1.15077921235391,1.11688446649452,1.118899182054588,1.120528699630246,1.070716478189154,1.020808829140446,1.056272540889346,0.9657037296303924,0.9129227439903213,0.8710658253101042,0.7325355965862153,0.69660918483992,0.695049005233678,0.9345247386101472,0.90166457380663,0.8970964616770644,0.9247645405571676,0.9314188101656172
NN,WASH,HH,1.092009846457449,1.019485666348821,1.022016248855552,1.026435078991336,1.006511577092,0.951746057294575,0.9543079121156448,0.9534949178369247,0.934448964406928,0.9728651609303408,1.006288472983752,1.0707544953267,1.139246092982118,1.130550374786408,1.265607239705935,1.154323504689753,1.657581713680316,1.660280811935237,1.216772405863653,1.05611735973416,0.9916671012687316,0.9282024687911592,0.942173015279606,0.9053318568257416,0.9117360109222296,0.8699417675130275,0.8238116486532149,0.7986302947240851,0.846380939366495,0.8087452716346315,0.8775127200942994,0.9513032220151462,1.144236307123583,0.9177831416059103
NN,WGLF,HN,0.9339266022786736,0.96326375956463,0.9952483708293282,1.062125060859149,1.220890011465589,1.161881006078268,1.220158159305354,1.181016859026962,1.166753767933555,0.9495081868310252,0.8495735391048796,0.8873559072526297,0.8423343389550652,0.8648390661619509,0.8507531386399689,0.8361309616704528,0.8470768303018066,0.8733130764442213,0.8860974586433874,0.933132673745562,0.962179117746059,0.9794922494405264,0.9612030760473323,0.9362919286303346,0.9248150103001512,0.8996986832742544,0.8207142640102691,0.8437803062122842,0.9174196018294642,0.9616218332793244,0.98338078840583,1.029442627664465,1.09383657510448,1.158727445021626
NN,WLDB,HH,0.6277843523986989,0.7787272043255309,0.938649075545772,0.976954370065246,1.076254743976054,0.9028684300064352,0.835896116239262,0.8456643165482512,0.8587604394225772,0.911011609415044,0.8594742696957565,0.8186017708067059,0.7786711300407593,0.9214606488207686,1.043490409387777,1.121748585154377,1.115271645524755,1.165761340121256,1.137380598134913,1.223306471847748,1.161695298208139,1.080095693484926,1.076275945455905,1.066268496054148,1.037002228087413,1.004271005154309,0.9877979626437138,0.9819436973314626,0.9447393307705816,0.9411124631358384,0.9334617504324036,0.9323445129901018,0.9324345257442188,0.9231140083477624
NN,WTNK,HN,1.024138644217687,1.028015672029488,1.054895868233462,1.075124500759864,1.035223968847925,1.039753640718991,1.047891177561903,1.14341724281615,1.078835417563496,1.054705875927615,1.050399001762907,1.054425460907083,1.015933997571168,1.064342045226895,1.069470460639163,1.072439538556066,1.077017178373323,1.063630670763418,1.049843356514407,1.058279678269782,1.06327694019864,1.054531814254074,1.053121215589069,1.04781461195479,1.061204313283622,1.157362245156415,1.822060498556238,1.712754190615298,1.231638283140704,0.8977058948604213,1.004781772219736,1.139576098665075,1.175250754779747,1.26321436066662
NN,WVA,HH,1.270578477790348,1.278505572185681,1.209492366317917,1.17277096416688,1.076504588493356,1.133798906552078,1.222283493019001,1.252373342167619,1.091722865270812,1.220215544358529,1.298385842268027,1.449955387123215,1.396372446781602,1.347705352351183,1.151730485406585,1.14226044375546,1.171666103398604,1.161174498768437,1.168516813416844,1.094140600184569,1.161057646838565,1.352499715897976,1.260850845294679,1.069044082858462,0.983557730988622,0.9459178518714952,0.8641015963840227,0.8445209516892971,0.8251076152629999,1.0222493862293,0.9368924404905424,0.9597183973549844,1.094946929102274,0.9419091273012364
NN,YER,HH,1.078318493775059,1.072531099415001,1.155100986407719,1.168598322258188,0.9768617423748932,0.9854959504749936,0.9507766828338732,0.9768500183236318,1.016010385328588,0.8978143928530578,1.140990348439184,1.224383265018892,1.409641764627811,1.565807307922215,1.795785933264691,1.7359118181352,1.440803656882303,1.488818328723382,1.454922983222548,1.399060482057499,1.111826336390626,0.8798913925122972,0.817036017560189,0.7612513193773283,0.7093822027788519,0.7726434940779783,0.578694451540373,0.5208138608978597,0.5726009408378268,0.6573952325592379,0.7066497461660285,0.7993302359613362,0.6576695214967351,0.922231055583507
NN,ZPR,HH,0.4737804207423479,0.7501736916854357,1.014914054838638,1.141582819925716,0.9953213827112408,0.8248882992247205,0.9109175123522232,0.8883417649010198,0.9634286510034142,1.093816202113198,0.9478103800463052,0.8587981908134263,1.199370963971066,1.199419887018645,1.09252160632568,1.104523889039998,1.081480245666658,1.161135011437952,1.122241136404955,1.139633159540602,1.338618917366903,1.540985943095595,1.951022207925459,1.656210602575422,1.505505949183807,1.138308366284244,1.090299085656028,1.337775278820034,0.953288026964022,0.9272682660182676,0.9051942167398906,1.014925535692258,1.02685815069965,0.9310941190803056
PB,B086A,HH,0.7647417483898322,0.6942080756416447,0.7894232887563786,0.8711967754389791,0.8541927669537844,0.8131914149715783,0.8092780313230286,0.7596018828087557,0.7871620889947821,0.9181130804985956,1.005929191143761,0.9181062462956748,0.9508029306038702,1.26108530618335,1.12077227657781,1.277448429418806,1.295092578416549,1.540946116967323,1.795090215579076,2.127456596116944,2.065774430138964,1.564853095200992,1.423203877196647,1.117110854506151,0.7970454577600106,0.6052148768825419,0.5180200214113653,0.6299313863946625,0.8961723415258,1.051305195656548,1.739977713199609,1.156950659184202,0.6994032099273338,0.76087789769504
PG,DCD,HN,0.6027782930815699,0.5824070845313978,0.5691172111785849,0.5664833184166355,0.5617247175377745,0.5589576671956412,0.5825899565752918,0.5855380716434984,0.5760952607583406,0.5771075816606797,0.5800735599901683,0.5796379035936826,0.5856235222743083,0.5842882935288577,0.5729525207085997,0.5882099416878993,0.60600338212187,0.6117809259734343,0.642449922728398,0.6650224398917363,0.6697550058153695,0.6994804870500264,0.7227903798419009,0.7489955147936223,0.828290602015257,0.8562489134803356,0.9130438164746416,1.045039561211479,1.178397631075744,1.163267054928664,1.364293854022575,1.451101465690622,1.702828043480058,1.053203239762979
PG,PBD,HN,0.8108826626553969,0.7317546755014774,0.7817079276657322,0.7889537348193993,0.8276069242106366,0.8319047802446612,0.8576712917648665,0.8363038656275649,0.8665154659253611,0.8711357370901662,0.9246463760240968,0.9168308196022488,0.932920977688896,0.9525760449407314,0.9521606436016524,0.9593118410441712,1.007785046302593,1.028291874740621,1.017610719875943,1.046409611124305,1.046787128363176,1.067160750377634,1.076213268805763,1.085064715537827,1.085272004353008,1.097027446280072,1.099647661767923,1.102704079110374,1.106345017995828,1.109062634754091,1.115183538606966,1.118662213175421,1.130375528873588,0.976470571130654
PG,VPD,HN,0.8055057030720412,0.751393488388862,0.8776192338759681,0.9308376750734874,0.8763664052049163,0.9151780923502564,0.9865024191044433,0.9654104710364138,1.098225208739215,1.169983696182841,1.346243452865568,1.720778536049187,1.466527329478537,1.155771818488413,0.9539963292923488,0.8243043848262247,0.7752683388439889,0.7361669055722602,0.7360042253913124,0.7302618873760481,0.7334405013717076,0.7749788105177172,0.6578150348669592,0.6383323077803197,0.6278025070089582,0.6252146446256015,0.6321138431942177,0.6836885712968004,0.7689401715324151,0.879712855457959,1.019149780343481,1.26753435622592,1.191374937798293,1.166629724534267
PY,BPH05,HH,0.7402277769190638,0.8459332411722269,0.7418716516003869,0.776015871380337,0.6652026400936035,0.7356929749310159,0.6693161928978778,0.7279639051522463,0.7639905287011456,0.7889226103213582,0.7111469051332401,0.742845685554049,0.7472204964937591,0.7407485499360393,0.7255995699543564,0.7421231791846433,0.7639352585534865,0.8110953728089727,0.8580012491121011,0.8916345143096039,0.8816568621649085,0.7719789110768155,0.8954796854741667,1.02123398840181,1.167885444601057,0.9273162339434958,0.6002303650486018,0.6862819862203617,0.6632048816145631,0.649618523313958,0.6159825970494898,0.6294290352602515,0.6281417709590149,0.5390928540487978
PY,BPH06,HH,0.7828425727124476,0.6890279005534674,0.740105381309612,0.7492300295080583,0.6882115071672309,0.6896231110752465,0.6354545095171693,0.6987630600475498,0.7327436008380938,0.7167270338819403,0.7511229522036609,0.730233506003521,0.699954945936453,0.7649738199493957,0.7080188301483146,0.7684368101025651,0.7919676117544486,0.9301038667132284,0.9259271589532976,1.016770077516545,1.062564281592207,0.9977185464938576,1.053991877300387,1.052403734342485,0.5529260810786155,1.042352667074642,1.031031447654174,0.9100301572247448,0.7392906706750744,0.810904353173497,0.689361938038773,0.6716028570184999,0.4850282596415501,0.3984961718124165
PY,BPH09,HH,0.9051328200624807,0.7553535201991952,0.7017535395919864,0.6781637951738005,0.6148122362937207,0.6814471713591861,0.631177579205429,0.6458503407609337,0.7178918857269083,0.7189014277652898,0.7698895001336782,0.743827983850876,0.6935925661789931,0.7377556499476853,0.753739664459484,0.7987497054818573,0.7446375136963396,0.787864474051109,0.8182488778046803,0.8193027908193121,0.855675692367322,0.9096868329066512,0.9244078572514172,0.926744061882688,0.976765481672354,0.9866736427933294,0.992569465760302,0.8660228272406896,0.6790681157332598,1.297345034227001,0.8353364339468272,0.5924236697886301,1.011902406185805,0.5886785840340364
PY,BPH10,HH,0.7376890523946982,0.7708779406285406,0.7146126029207948,0.7792866703464264,0.6699155716963187,0.7490454517973814,0.6590245477968124,0.7092876660330389,0.725608601746209,0.7345875794190201,0.7916706910211885,0.7584641140176649,0.6889945313855294,0.7512148700008571,0.7408093609341071,0.793609535941535,0.7848921824042737,0.8974670638074931,0.8214544074827869,0.918625102210324,0.9621938925500734,0.9477889059200808,1.006437079556953,1.162858555329026,1.3485290096726,1.086402236014161,0.793457739796599,0.6199015975034115,0.7749241096616226,0.796590032884908,0.5970453988035427,0.4306826578775717,0.4173138080527891,0.606367360234006
PY,BPH11,HH,0.8943359357975582,0.7578593233274192,0.6970397453797258,0.6929175195439203,0.6144039656866053,0.6859451063496846,0.6536273808243701,0.6728299114305374,0.7213939986134902,0.7441583763791038,0.7338701401970626,0.7225097000143015,0.6771450677284809,0.8572763988916337,0.7593176068480592,0.7816295794960242,0.8634843185899334,0.925718771425323,1.034571053368648,1.136232993844231,1.03702619445228,0.9733948565978195,0.9786007709457156,1.07142736113086,1.130509026606619,0.8889452858757586,0.6039183383953685,0.5517466543196792,0.5069731961788739,0.4305775001549271,0.3768491107296585,0.3464734683128805,0.4878427933558701,0.6842951278073859
PY,BPH12,HH,0.7216886699143056,0.7369292869322772,0.690887593652597,0.761776721253869,0.6620355216319307,0.7265170731086569,0.6136263578543497,0.642680462717666,0.7001900367706178,0.748382081818242,0.7532966018862924,0.6981294434984023,0.6529317766628373,0.7482205994850132,0.6933432403966685,0.6960354381090513,0.7692933964514497,0.8315116426236514,0.9467735712145996,1.029282169900272,0.9979958173819758,1.039747280906007,1.066697690672897,1.083851249351381,1.079778800068606,1.156468335877692,1.216232860927522,1.095308902009555,1.055644543052194,0.8916506884728843,0.6856228178996643,0.6785947151174969,0.712747593123582,0.7032485663549546
PY,BPH13,HH,0.8131472212456203,0.798613348184362,0.7894324800226777,0.7630194406678529,0.712031735907076,0.7590144712161911,0.7027821238662334,0.7159196153810936,0.761094157753309,0.73833686145086,0.6952495389383444,0.6676698482378082,0.6726533101352037,0.7224354060660341,0.755385178318028,0.7962978714352338,0.8185198527312769,0.857319415831413,0.9224185931915616,0.932085684757521,0.9262394931398624,0.9252976000293316,0.8756408820839481,0.8935838786816356,0.9237833033307336,0.9602290016231966,1.051448273984924,0.8106769545701422,0.6182718021618577,0.6618912483349044,0.6989352019711402,0.6438188089285832,0.6908073081825519,0.7871031925997751
PY,TPFO,HH,0.7799678724772198,0.7164221242201201,0.7163520758620708,0.7040287465019739,0.6807003988953061,0.7802999971058581,0.7754502897681179,0.8143114901165613,0.8287936468706564,0.7567259543173721,0.7665793171924259,0.7160886566532444,0.6802646102382524,0.7873768583417734,0.7368464958181314,0.7462488315089522,0.8681869172326445,0.9484995953689456,1.066109660729921,1.080296113597617,1.056430525966441,1.080828426359216,1.122798830952165,1.047443610079753,0.9932812452905048,1.000022144685957,1.053055342774304,0.8276940559958665,0.683324379825716,0.5741173517470844,0.4869580185608198,0.6184849411862837,0.568004809165113,1.008732397645594
SB,BVDA,HN,0.8265387432315382,0.8581822669977411,0.8231538113454521,0.9844424466143672,0.9282206759435948,0.9402742749351748,1.121236449034361,1.18007932839551,1.281393722582297,1.306214613034485,1.30157778272264,1.212885065787937,1.161219565974054,1.105542862436003,1.016977655313654,1.015035488053182,1.014338644882302,1.028972027554197,1.030912334506216,0.9979024773343834,0.9537473860833549,0.9961966133756602,0.9213600470639816,0.8635919617486031,0.9858943410636676,0.9940567335245636,0.9366855020154794,0.926494147578868,0.9779265330407996,1.029804638778593,1.121555839692082,1.298212567488236,1.472414842456227,1.673680204764864
SB,GVA03,HN,0.8152394242186006,0.8522082104903888,0.812851044129973,0.8419274122109002,0.8740534009109047,0.8241558540790188,0.8534955462071435,0.8351954898662841,0.8315426317534524,0.8776161443963401,0.8477874231622231,0.905076670986071,0.8763834203990826,0.8958398584820828,0.9066406571726572,0.894823641862787,0.9069894331647552,1.025393781081367,1.253897096750906,1.488647736948046,1.389016946619269,1.070822646746318,0.7439199422460927,0.7645504375527715,0.7767844348953689,0.6637599251158511,0.5650871407927892,0.4702708527232975,0.3225565068660751,0.5055774377950609,0.4961589978461192,0.5371041235465921,0.7249556841422697,0.9166741619994676
SB,GVA04,HN,0.2795112265572052,0.3146018227037621,0.3696775859918618,0.3336134683045783,0.3321509875361914,0.3609621607124588,0.3314901524020933,0.3904879101201927,0.3563965216900097,0.4203587895325251,0.4269407529924069,0.4350580833901165,0.4315839211963266,0.4727343249407061,0.4777681566384482,0.5088432309049655,0.5942310416345563,0.7233063651688554,0.885494249349382,0.8889517574584016,0.8325407243268576,0.5520070763925733,0.7673389470518517,0.8334995832235351,0.916309382012834,0.8878995440881522,0.9603364719538994,1.069532095582047,1.148124739739845,1.178358676340373,1.122105154958319,1.004328860555695,0.9146485180843836,0.7701184358000179
SB,GVA06,HN,3.004420666241234,3.07200894549744,3.14162888445151,3.344143903951784,3.514006803446478,3.659874653583192,3.955338826322532,4.400055575043733,4.858425923416832,5.497518041765143,6.423857394500819,7.489863993104573,9.169028845611074,11.37756504167574,14.32444484880094,16.64474570729423,18.57534898899261,17.61182853738739,15.19060388754007,13.10195977306794,11.55651953651666,9.565420843383627,9.185674835375757,7.802290650756914,6.996643254704599,6.207306716399485,6.167312255293973,6.046572906720725,6.458817744995901,5.721376590865234,5.386415081225074,5.077138178725571,5.482388911464483,5.158982665214358
SB,GVDA,HN,2.800056670318994,2.473939818055413,1.306760831177791,2.082247131541679,1.904399207268827,2.407435406182474,1.931217296148872,2.135245917461503,2.208132552314892,1.949599361565912,1.888243864823254,1.610078392423793,1.581869517353844,1.717071035165416,1.627198964926522,1.637982412977661,1.774215190101162,2.259609357362624,2.734939796252972,2.483423952330115,1.821294726969951,0.7940930099444926,0.7324122928749638,1.090495650315493,1.243765769657997,0.919468781311724,0.9725185660060912,0.998263538230879,0.9119324810505304,0.8241215351423438,0.821174861940452,1.028047233106565,0.9730620097466216,0.9413745634564944
SB,HEO,HN,1.134464874983187,0.9965545597558652,1.530570213902191,1.499796088679573,2.145680385914529,1.757659990990334,2.175175816967502,1.854469868277279,2.134513012714529,1.700143859743951,2.150132467912208,2.067313018691307,1.756426621396417,1.58249907443323,1.047924004533014,0.9540073285084796,1.030778578652606,0.965825742135573,0.9684609886737136,0.9031917610536798,0.818513969976485,0.739053728414886,0.8355845934650229,0.7255193788977887,0.5766267197725843,0.6256993124567742,0.6680806973574154,0.8023159256077308,0.6252646772760191,0.8802676690424239,0.3723513846808347,0.1834592232649135,0.5730356275783288,0.6653189224954391
SB,VAFB1,HH,1.13249819080863,1.077060371017254,1.003900471526619,1.076555634371726,0.9910127345164154,0.9822840427535984,1.0262325169185,1.071361223595982,0.9949977454467503,0.993829921323839,1.17337817211141,1.326880961407053,1.120915621813536,1.012890560493429,1.271590332843115,1.489792172349867,1.878269013021268,2.498031423240529,2.187750005864419,1.27020191557304,0.902133146937723,1.143111806393609,1.042923861031577,1.254745065696341,1.01882676323813,1.035905147297071,1.071972247406376,0.8013491581521476,0.8286128402986473,0.6224479866514921,0.5613200965881519,0.4161078863982988,0.4831900988778053,0.4466101815925622
SB,VAFB2,HH,1.122640263200886,1.087334340702192,1.022469490835959,1.171671547015976,1.143738977360202,1.02785597691137,1.120609746716022,1.109434031603109,1.171223549191858,1.54928400939889,2.12392981798354,1.719948782251534,1.038775185797923,0.8364130684795946,1.077942552115032,0.8509155318941548,0.7866336581010066,0.6851756364349798,0.7099146818548202,0.8758125604220108,0.889074366418868,1.047746916716191,1.114597490634701,1.362835755861674,0.918881209438946,0.6204388226476883,0.5838230431086553,0.5709476702760674,0.4531887878249541,0.674658256187159,0.5711555576918149,0.5227420641701052,0.4937012270155723,0.4405051318315311
SB,WLA,HN,5.141805602462851,7.724263180050067,7.61258857926337,5.864564858542392,4.598459029450652,3.967515872324961,3.993612336591842,4.032517888944835,4.069523908971011,4.172395790056739,4.109032322887016,3.840211567252904,3.169388040557278,3.219045850188137,2.762637387874683,2.139213017010736,1.633883800638083,1.784428981398218,1.356034170149015,1.102473512460113,0.9512458456999388,0.7346130482778558,1.21345413157373,1.884259236998009,2.435623669571438,1.720554767097902,1.202313097054135,1.071359202754848,0.8783241461270327,0.7699946793515476,0.6851936858660468,0.7036698571350125,0.6656086291701075,0.6944961085812813
SB,WLA03,HN,1.32010156761866,1.300410739342633,1.50307717431023,1.600762515495452,1.492741661155846,1.406007280061406,1.373298498575702,1.342366892063814,1.358883700447187,1.350830632815408,1.362552466672078,1.38147828075479,1.434634548361297,1.511467905819362,1.550122079129706,1.607722403629111,1.33191559442879,1.405700891821535,1.287495138017272,1.154678954862689,0.9438495376202272,0.6608853764321241,1.201067438873169,1.55285750294392,1.339329340788542,1.13929273251913,0.9577785742182244,1.128636772315467,1.160838977896352,1.240484987636244,1.233277783571282,1.120864018112596,1.081132343765231,1.014725599528428
SN,TPW,HH,0.8154940590141174,0.9201758721632808,0.9530091024544174,0.9416818093585076,0.8630435210754773,0.8079806706131182,0.7426145124543349,0.8706262519290326,0.9618463194008277,0.9121426033670296,1.006052451370949,0.9796541754646276,1.057947064435117,1.061766590932264,1.1199329013905,1.057949853924836,1.052968837162261,1.000779098086167,0.990766945522367,0.9716600693570232,0.9801293658937428,0.954009238384219,0.9511647108427572,0.9709966308423832,0.9828281787497748,0.9738226630394872,0.9366740803653982,0.9441909778169132,0.9294153281258188,0.9444122936890704,0.9517032968545324,0.9960162213737952,1.116993129059469,0.9611080636323652
TA,109C,HH,0.6386724405600116,0.5715653467690439,0.5750485300707011,0.6298572114598446,0.7343897865803961,0.7597836900057925,0.734685932243348,0.843687109645102,0.8013557123379821,0.8839800168629025,0.9560742767569068,1.021171247994027,1.066784510114541,1.223342198830972,1.366963652892542,1.344348140878665,1.338266971546847,1.056535259890499,0.9313516655400156,1.052656792273452,1.125660174940686,1.397577048658383,1.151777255544459,0.7013402426776387,0.4933596942659788,0.4990777054134192,0.4828162131263478,0.4457504211378825,0.2913573321385596,0.2195944055584102,0.3123249390245308,0.4882939213026417,0.4604158377679597,0.9069935640409486
TA,B05D,HH,0.8662966838621952,0.9043628531285428,0.8616408381350096,0.8165271828598285,0.8110089995341652,0.807614351209624,0.8340509866860473,1.011219474039469,1.129674702545783,1.075477924972577,1.188082457423396,1.175441425818666,1.182636689542532,1.239770762089545,1.395787589619702,1.800100904694656,2.088571790043597,2.259310152377291,2.444613662720397,1.808253148551766,1.710229944187492,1.25603912846579,1.05348093789543,0.899658005133507,0.7982006372329389,0.8600607931227499,0.9690410682162478,0.7278080707158449,0.9983420440438928,1.083627352676955,0.7148585470586603,1.250669472232628,2.785763691971018,1.972360548624423
TA,C06D,HH,0.771111093857121,0.7562269030549784,0.6345346841062068,0.7214667818713654,0.7589314375374865,0.8907308857761994,0.8578266523401132,0.7741567096679863,0.826173344582923,0.9054868920226368,1.214782947929879,1.484436633901984,1.480707198936969,1.156333785543615,1.687581849484055,2.455210368963803,3.570776705467467,5.246506957617529,2.693039798195916,0.7220356591845395,0.6604186798121532,1.10138965650275,1.08525864938516,1.40580424965916,1.361644499885634,1.100331546286028,1.084892345908083,1.690056679292605,2.228578888880349,1.945459213991976,1.384118039700256,1.140559736230976,1.465154578570866,1.307902381423037
TA,H17A,HH,0.82460630668402,0.8288857958964793,1.005237992156342,1.196937619671357,1.045053910338358,1.094911149520252,1.477452954629906,1.378628373901195,0.9837007778244188,1.091167673323676,1.65957583207963,0.8746024353696911,1.011614516291554,0.8698389414277804,0.9371117504356936,1.197277822776045,1.244273891704409,2.102939101762444,1.538831648392395,1.593368511712147,1.947637478214846,1.858087043411134,1.599687493733708,1.850409514377277,2.097997325588454,1.727818986604239,1.404303689979778,0.9528635781094722,0.8008839489888642,1.155359427120346,2.358957946400314,1.68912692533486,1.092784979934761,1.003936323273674
TA,I03D,HH,1.018788569885239,1.048564649836295,0.870730208874997,0.9188785118063996,0.8251531175109582,0.8564235693126833,0.7851949614529026,0.7252722203801949,0.7829655428688849,0.8183622304163976,0.7696018296808488,0.8398386365995485,0.9176472378933714,1.045127170582153,0.9720826956862104,0.8351726686929652,0.7828376124324646,0.8064755675896497,0.7498364719659082,0.8227993222269405,0.9116417109295272,1.062759664976293,0.9929172368043988,1.106020505674821,1.22815842484752,1.543624872953725,2.899321209176315,1.953721961211701,0.7611770991502061,0.2447970414858264,0.3041506991087071,0.7659412511069708,0.8651002882894439,0.9383791978626912
TA,J01D,HN,1.257863474868834,1.231216720585917,1.023440591510491,0.949540964672928,0.8884827347778951,0.818192273921808,0.8564426813248649,0.7895997981869153,0.9160473252426836,1.026356382407023,0.961885952500428,1.014007164816805,1.047009769312868,1.049540849515756,1.039651471470321,0.9863854618160052,1.004829715934891,1.042701354728225,1.143967768996763,1.719286283761347,1.685723423536749,2.140768836322184,1.150372378358634,1.649471932641317,0.795837187504451,1.03506398829895,1.012243367853125,0.9896365329159672,0.9276799789747509,1.050782404003767,1.220585199752665,1.00617411069073,0.8542632834827344,0.9220498092053324
TA,J01E,HH,1.098938173733356,1.145761071455453,0.9755270262190916,0.8768124514862086,0.8929762606089531,0.7573332454254392,0.7748181478306198,0.7546933713772016,0.8715928554375546,1.029834003651507,0.9403230239629272,0.928119861641969,1.163638104886339,1.155145327712277,1.248855391622331,1.11488053975284,1.352333633931209,1.770144070043067,2.078155172615082,3.921452790400335,2.607072474471119,2.593307280692986,1.468158832459471,1.352428521894881,0.7237423331002915,0.85503092144927,1.299704506615392,1.14884761319944,0.8839552389021602,1.242405290600355,1.293479111724417,1.386372252124758,1.11751566403406,1.334287023514913
TA,J04D,HH,1.542021680806221,1.291546011846592,1.259291258804041,1.352093070918073,1.348435503462471,1.471714252310182,1.676989448795554,2.134735034643477,2.618541844477635,2.786388480165536,3.12749799323863,2.424432254611778,3.2569303528021,3.443470192269039,2.81772074273901,2.209409773141672,1.857034266457831,1.751014289893015,1.810993199110628,1.651204767818747,1.734161718638618,1.633163089785994,1.509044273127214,1.645583827531188,1.241219635333365,1.370721036671199,0.8904503088328906,0.9101562342181838,1.273223808679018,2.031972121987945,2.361776028980136,2.464989838525859,2.156028399675106,2.416130287707311
TA,J05D,HH,1.260161354264034,1.295286168980233,1.144320025997189,1.092069092735955,1.013682826727605,1.305849612235612,1.523844624841148,1.958623095762934,2.117974750489515,1.620566747402006,1.524735879738682,1.350414738931278,1.273164857072447,1.138054935285024,1.199429315158921,1.195726051944066,1.081791195809758,0.9676594478615276,0.9565517778736208,0.9810655357936068,1.066004696224496,1.021120822757612,0.9111073246028416,0.7791273051914868,0.7233986868693173,0.6824682678834922,0.69869866116865,0.6985895383100166,0.663139062045558,0.5605769803723667,0.4955152839930627,0.3509208452595745,0.4736342106029343,1.028264616587823
TA,K02D,HH,0.8550479137365256,0.8193446085378413,0.8436546231637977,0.8815172114710812,0.8956909792449326,0.8931999779130401,0.942117237169204,1.003341319193584,0.9620720033896448,1.043477221058013,1.082502926633437,1.12489567449977,1.151467548287527,1.180476839936544,1.27065835579972,1.259612884487741,1.253721668896365,1.290415768391741,1.348949086225435,1.509083419925127,1.710284722827329,1.853250617743949,1.727966274605637,1.686583920169747,1.651059272951776,1.440638250013582,1.576557460866088,1.39244833800734,1.258666367522615,1.055998034854347,0.9338099064459549,0.9225182006091014,0.916150971237432,0.971314702917387
TA,K04D,HH,1.216499867489045,1.345113990223878,1.326012531400943,1.463599138021209,1.512563647189041,1.794471445613981,2.313529128183556,2.560908341186623,2.952692929471862,3.230955055537319,3.473668140732117,2.694396573015941,2.22096946804998,1.440749890558935,0.6880574309169841,0.4751521387339054,0.5504133520825192,0.6034506047915992,0.611012146360011,0.5353626122146364,0.5063535429459372,0.4678654728854224,0.4754530021061193,0.5253946338984344,0.5686991149402512,0.6746600632261478,0.8035059291485298,0.9342078857953692,0.9799040008137662,0.4820700369053655,0.5430457703263372,0.9084908889771752,0.8738983926092,0.9408547595877432
TA,L02D,HH,1.011716184502277,0.9279497374798832,0.9383383713543128,0.8205235229366304,0.8653504040857469,0.7956870863434037,0.8159565191179058,0.8366456748572432,0.8518404085406018,0.901566846650432,0.8867405442033148,0.7581386561572966,0.8217692837160595,0.7468377403587495,0.832773872283152,0.9522799662967792,1.068672860537448,1.200458027855526,1.39787258318761,1.581547337071525,1.996239896845563,2.078139972938181,1.981420100178485,2.136904786612789,2.017942700293731,1.647960885857549,1.215874247368175,0.9708101815405132,0.626483661872126,0.8161671416721291,2.724865322937501,3.824985660142,1.777903020630768,1.00166134303503
TA,L02E,HH,0.9770458396472754,0.8995679657982791,0.9608014246596424,0.8092316131303297,0.844040093533521,0.8298089581744909,0.7817995156285327,0.8360218698386589,0.8340404610316507,0.8836022643267596,0.8765116463077993,0.8147535947959205,0.8466247379057894,0.7551916424094944,0.8619574073676389,1.052025678089646,1.16918141400579,1.233814233558531,1.423432835376729,1.691201954903945,2.199453976350488,2.281450713458518,2.420328285565138,2.05614516952935,1.743394071003237,1.297507969125756,1.127287996598082,0.817747124929766,0.4160342218139104,0.4816078653940221,1.081330828214095,2.305366403244677,2.656296224711634,1.147420340774636
TA,L04D,HH,1.165869257743766,1.3298081712013,1.228186052876403,1.215724808567731,1.115454982419702,1.161645600924065,1.122869159188747,1.226985632085553,1.118465783439643,1.166551030090355,1.097566945334447,0.9468210937008842,1.077603435513721,1.232815413719121,1.128406541622337,1.050981084452106,1.391985441080826,1.124454764628106,0.9029172829131712,0.7761858398570705,0.881140374966906,0.8325024900588769,0.851839315205472,0.8986395288747542,0.8129157017399397,0.7811988902428395,0.837646929163243,0.9067671191508712,0.8987894173143368,0.7664370098780456,0.8769013241136848,1.059732136266429,1.198785705798328,0.9612982107485252
TA,M02C,HH,0.8156149736078641,0.8094907431202097,0.8026068051643906,0.8274067269251563,0.9435074635185768,0.7833427189940236,0.78271263750137,0.8664759315055923,0.8857568308365924,0.9065552670896804,0.8593273765462873,0.8440431153392496,0.8972208733923894,0.8878922333375223,0.7978784862810117,0.8226295129671533,0.8655649065644855,0.9231826105414128,0.986901397025478,1.004279442173861,0.9814771433384764,1.018470158363861,1.044473292082305,1.031454730293549,1.065298866599531,1.140392860980828,1.093562693235926,1.112358366344512,1.015153896860413,0.8510400467412917,0.7427567781857143,0.7544614454173918,0.9752319221527956,0.9250202296945552
TA,M04C,HH,1.420347704892822,1.589771890936137,1.593348604607777,1.482034935264116,1.577008539993776,1.595102286145143,1.357204791682621,1.517989101862156,1.695073033194793,2.127150500646971,2.039048613824637,1.541908173435971,1.365347957778773,1.352363247581575,1.601256523592234,1.618451725419966,1.594237672836461,1.761682924086993,1.704093150990475,1.587665493125586,1.493925244363522,1.631193934476335,1.428042384970337,0.9744693560673612,0.5815196062193809,0.4586220265206474,0.5383460650210985,0.565997465691705,0.6810468981326454,0.8405106769703551,0.5389521890955857,0.8237093721067386,1.462056730300208,1.221428641992209
TA,O02D,HH,0.8665661009234494,0.8084820813021846,0.8726373542672654,0.925039184793138,0.87447601780959,0.8950170074090599,0.9351023987986532,0.9961618983269336,0.9965294158355764,1.134933290879796,1.234935358652144,1.039128673122775,0.8768439016159738,0.9480329892887976,0.7931139592506976,0.7337959174763424,0.8296931892417964,0.8794690723659929,0.7827311453736863,0.7321391726437276,0.68759738626809,0.6502539700016361,0.6076312455700102,0.5896608099734759,0.5930958903099359,0.6199644361436797,0.6391084648390293,0.5992767639407227,0.46669507163265,0.4279852962666583,0.4648641691902247,0.8065287143294968,1.125458785017724,0.961553951858225
TA,O03D,HN,0.6527001815483237,0.6881444384269806,0.8783368900673338,1.000003806286323,1.034696977818769,1.168706667508664,1.189132191798405,1.366222256416763,1.21675982116929,1.106606702892942,1.029046198228344,1.015019645235774,1.010532185478765,1.024928362208509,0.9919969799401472,0.993150805653991,0.9865165861317708,0.9629284699390774,0.9510515388787828,0.9452534978011836,0.939295870416903,0.9170216548185391,0.9243488560165832,0.9203947175229604,0.9108778182091564,0.9160340720456076,0.9173246022670012,0.9153900224841536,0.9091125099181688,0.9050220563112108,0.9113252818624582,0.8942186170842196,0.904148783334872,0.9282500527572596
TA,O03E,HH,0.8969222774847305,0.9610664209641764,0.8919265804687162,1.084677521720467,1.147799396333224,1.501895221339162,1.694009393207887,1.884690912876034,1.921824028572652,1.690748693454781,1.05107842548016,0.8658039172446065,0.8155952527999394,1.057265848180979,1.200734303269361,1.212671871979698,1.117059546089415,1.012019909855203,1.032798556654211,0.9279186087202675,0.9780040789370544,0.8789984405963716,0.7536914221421852,0.5491659448781702,0.6849213604253709,0.6102585554513501,0.6399099843145047,0.6503869009255486,0.8796940503121511,0.7334604783772801,0.6130063820793342,0.6754431655354629,0.9686714640442524,0.9392933372643558
TA,R11A,HH,0.8095774953527748,0.7987711033289486,0.9053961427661132,0.722365877407754,0.7666577972327512,0.6411177104875861,0.708159757371429,0.6266703582542028,0.7292284037179332,0.6152406497709219,0.6130244602067172,0.6627872841827332,0.6881323338976486,0.7809671196432918,0.937767785180581,1.048318687085498,1.014702245316276,1.020111579505679,0.9862240643425438,0.9791884914928176,1.020078137666236,1.157433316852092,1.036298062655015,0.9865172868008588,1.045004060714243,1.026169114596735,1.03461153131749,1.121142582512838,1.192853249459447,1.002870338335015,0.9896080629480628,1.101510705550189,1.360351936216197,0.988527863733672
TA,R11B,HH,0.8042836905958927,0.692059026186565,0.8196126149130918,0.7540187129186783,0.6977116760674448,0.6907218756215866,0.6593952694832262,0.555154762334723,0.6929142186259419,0.5994221764416502,0.5592664838698845,0.6184019861719143,0.6098951946065132,0.7912499406737374,0.973536066489204,1.071702239792424,1.068150878879676,1.149811431110569,0.987660107098683,0.8856710002145752,0.9812335618616984,1.143797302444938,1.042152472853794,0.9797868544317736,1.003280645905193,0.9824642789730844,0.9232883169603352,0.9312086928580636,0.9133484953204573,0.8563789143697406,0.8315159662777888,0.8182652781623204,0.8140912682469177,0.9144484962295808
TO,CC04,HH,0.9772424084028568,1.05699023446763,1.126606865978618,1.207979959852773,1.215310101670868,1.440618066893568,1.563305451150643,1.352333665266214,1.258355593034539,1.191226715881666,1.009073124675704,0.9243171927357112,1.040668567199948,1.237001039075517,1.026587007452785,0.9563061120340528,1.238164866832547,1.181182855698321,1.104697269938271,1.192844407459983,1.082278557487336,1.053008815768073,1.067987708250718,0.851902690368223,0.9176029112890562,0.5410628522607893,0.7329830733753472,0.972196724085456,1.341784851245822,1.433540243948713,1.419866305201058,1.137330658420285,1.506382990284903,1.134987482801503
TO,CC05,HH,1.11138933199955,1.516610717974373,1.87916045681252,1.927071708029469,3.005997349811844,2.642473227989341,1.65967144822966,1.011591968542875,0.9894728346296308,1.168024746659492,1.116805658178898,1.046089356072787,1.144267751913734,1.18508694280386,1.249205391662296,1.425785516373406,1.44369575159239,1.435139900995064,1.49944160910223,1.330575635469795,1.034353086132463,0.8607408325124529,0.6934673225778353,0.6618121017774921,0.6956708995203219,0.7285721165065288,0.6819143378728839,0.90981790582169,1.271380621425815,1.711932119128522,1.789196953693747,1.357362529082604,1.259363277682635,1.272726687538401
TO,CC06,HH,1.549765668615472,1.570906941227208,1.678508405533427,1.769176462564632,1.764938236399909,1.861415738013672,1.669466060446273,1.032142995822573,0.9944017286555776,0.9637823852352144,1.083045271694913,1.175996494033149,1.24787525404503,1.204327781175773,1.139792797064873,1.133212611184127,1.045402911553706,0.9345816703722412,0.8493424952742946,0.8033287285700297,0.7880688453373083,0.7726157714698343,0.7658731001020112,0.769734886160958,0.795258534115561,0.8390251298493934,0.8583202479245509,0.8906989340683814,0.9182212383913836,0.886725505005143,0.9633324873100194,1.145682301794982,1.205239282772785,1.521077288470689
TO,CC08,HH,1.65979275339257,1.603232924957912,1.397430405544457,1.282765925905264,1.111445708373249,0.9711582152120444,0.9390671413994116,0.8747480311507022,0.8592990140086518,0.9572972815982153,1.088626046143703,1.127399218559676,1.012882042091426,1.369382550985059,0.9918944703717516,1.054834689401295,1.048051510404195,0.869459304860257,0.9270400689915516,1.121401349200202,0.9880230789311664,0.9765806970229464,1.01307201154607,1.195164392603067,0.9823554052273684,0.9562438530840152,1.021792734816367,1.510820787447738,2.409907791881046,1.755682973759343,1.786956206653268,1.560853120067762,1.550633581929,1.325179667712804
TO,CC09,HH,0.9970654071387908,1.096825611467716,1.182116965039779,1.381193485215535,1.632618925870569,2.964790869262766,4.538330617266541,3.903416536601521,2.406871429834979,1.434118866988939,0.8630159567428566,1.128486255875168,1.032150735855111,0.9582670295105667,1.058327036359099,0.7768843993725196,0.8508103107670926,1.002636502141131,1.120115941990926,0.8123101920506997,1.452960289195238,1.220674380402651,1.118873539764391,0.9663716556508593,0.9589944393867592,0.8731038251603037,0.7932689513343241,1.008322841118332,1.663890166839364,1.421919013356055,2.176372007091887,1.821082916814783,1.195900829036763,1.205989783041688
TO,CC10,HH,1.067053464715878,0.9175640759208172,1.12649905599491,1.214339776646531,1.336440124176642,2.143291628901272,3.551326243409662,3.071592204976107,3.328741109089358,2.135704201997968,1.377046452813004,0.8565264434666074,0.8604129011975767,0.9358674063966452,1.030692887997428,1.006769988085221,0.9189372196210996,1.000438057305859,0.9615749458979106,0.9002682217879776,1.020990569665843,1.121507381187807,1.215012970105589,1.307773055889233,1.318580607160721,1.020015197995,0.7978426272991989,0.8920538191151647,1.598294766741724,1.973516520964219,1.613108583265373,1.182099234161042,1.37034197819414,1.16512533830333
TO,CC11,HH,2.419631004519636,2.140353765781276,1.470503532402892,1.542517452902264,1.901161796312147,1.910346715963792,2.430478302349534,2.590464830473237,2.411893832274523,2.366483937944468,2.032678240101879,1.239195971286799,1.389255696988257,1.599781212904606,2.083586237910696,2.421148554410313,2.570310268810398,2.040142173219389,1.77382005667892,1.293459710260999,1.391267276980292,1.641562068039057,1.545224286141517,1.606444978981443,1.593271246959433,1.773122038658195,1.864217234005874,1.945810540481003,1.923003244924545,1.872394578451747,2.101414355908664,2.20327002571101,2.632472227455925,1.521055784321417
TO,CC13,HH,0.9478732809398208,1.214561269586166,1.25155708011623,1.228452383819453,0.913682810668219,0.8450100300795651,0.8741353934421651,0.9627541708081748,1.055379659052968,1.201659833237047,1.112224132943423,0.9417161484047176,0.9540796562494056,1.125832626936425,1.159415004289541,0.8966818518465466,1.094356803685639,1.166814557944272,1.168787056337516,0.97790582526411,1.08488476237966,1.084613654631435,1.154642587235259,1.347752752166157,1.441278586813383,1.89156529657746,2.800036709190143,2.821725938588265,3.408489440975436,2.691498329278148,2.135928842383227,1.214409092587848,1.188809407073582,1.302507009319912
TO,CC14,HH,0.9948010385970714,0.7882780310696506,0.7864214439343906,0.7755868403528732,0.7986388366609164,0.9512061624780792,1.12886365669195,0.9767421840008732,1.060532577721435,1.199818139908213,1.166604924214585,1.253168731918759,1.233851628451921,1.297080255576134,1.223763829927289,1.185728382281263,1.239863042225054,1.097678657840974,1.099755032330522,1.468599339841502,1.806319296528269,1.948406183757434,1.606491942993885,1.297509623672345,0.9245265095216664,1.318893721365627,1.191047473713992,1.366153205978335,1.379142366711402,1.475551827604218,2.157264353104423,2.270317407161216,2.646009333826301,1.287647064004697
TO,CC15,HH,0.9212297205186324,0.8764427949954526,0.970719551594336,0.957703301480998,0.9062443753777966,0.8943414989353292,0.8090336277424742,0.7753589598953854,0.9373419738520288,1.111152063797441,1.103250756514451,1.089464714078609,1.112505727540007,1.088442848404966,1.309697129065142,1.248330042424028,1.270365200070382,1.584730327811748,1.10510744835719,1.261551466710211,1.520686424626673,1.189456815487515,1.173092454704663,1.43819460337495,1.49526383489719,1.550825198498907,1.863453174851994,2.519827013101365,4.417051679437851,4.462819185384325,2.918998422899406,2.040702508812045,1.130660983538845,0.9072460293490954
TO,CC16,HH,0.9569065851539054,1.363649890388365,1.445201993313293,1.711009536778856,1.201370976522784,1.015622861366053,1.017541831258777,1.271863323538319,1.435141070889125,1.097229122186326,1.246150390373066,1.280020393492035,1.445880455814209,1.430968835840873,1.143583503164517,1.152617554756386,1.375924305695826,1.655920885698646,1.37183320489046,1.170826467229501,1.260966120307252,1.405051041497716,1.464082655952657,1.544982318725984,1.360490347465313,1.675187838059556,1.851386710263334,2.045454594329122,1.51100527768899,1.34589483941039,1.160076786306671,1.053182796938743,1.462349154470854,1.564701046489281
TO,CC17,HH,1.150650289026426,1.538178414590858,1.503416482666762,1.644562385349201,1.183015184800429,1.016684793132361,1.075016691225237,1.113934715379719,0.9427196770017188,1.133308107666375,1.293121954195716,1.271914249618948,1.280885123817595,1.216830541091855,1.275514697602027,1.617069616641754,1.958255505104111,1.82191426522721,1.416220660904299,1.522364031026494,1.762032405000766,1.961907595573508,1.48959754232739,1.17330945801299,1.335452272358903,1.035727207764335,0.6738683398413018,0.7046275483782196,1.054263894740221,0.7782066150753948,1.145642320035934,0.6691254141245874,0.8795913226250434,0.9079977523427412
TO,CC18,HH,1.617483134989558,1.894974669602816,2.010416772191735,1.677822190931672,1.127914139731571,1.000324604233892,1.023491424283712,0.937711380513289,1.116148356472204,0.9577949900543242,1.097562730164005,1.224939070691323,1.259339637303626,0.9981455170269804,0.7567180678927654,0.6421968471630441,0.6808736740438232,0.9728073590808588,1.362191401877709,1.093404711136115,1.161049048643826,1.009577233829678,0.882041104768733,0.7454610078593032,0.6959926225771469,0.6432224837622291,0.6661243482745168,0.884143868836841,1.871478360365805,1.589036568499148,2.276813574456021,1.814784517638661,1.550913527975055,1.072171580755787
TO,CC19,HH,1.81650008124078,1.830822418516288,1.766652737628204,1.499762021229878,1.153961912020312,1.094651768224997,1.071466459708395,1.17211270560346,1.135883750170382,1.340099135915944,1.308722585034529,1.15536803522873,1.252497261412233,0.953881913595574,0.7268850337567485,0.664111935322086,0.8807707866850097,1.000224171821656,1.011099257969721,1.140435084472013,1.729375298436832,2.067071944849064,1.449204731328577,1.240980104188755,0.9799106190135678,0.8844848537417515,0.8489698939069931,1.157005742235266,1.108397956284583,1.181383248970766,1.280366930328046,1.764629510952765,1.056710750187851,0.8978955570533209
TO,CC20,HH,2.728768999652914,2.05285973928123,1.71080523195112,1.435852281764805,1.289685218100544,1.046331670488969,1.265219836820421,1.380244142053267,1.319341710513624,1.384216192990938,1.39076556763496,1.609329238399179,1.447509655761666,1.262111461058611,1.107299136156059,1.167051051454626,1.101924751484361,1.238914728818409,1.120232810692301,1.383943553180359,1.399182064099958,1.212647138834492,0.8561554522781583,0.9659684323017697,1.095041778994753,1.097094866563682,1.067075237594214,0.9939200067303936,1.11395397176484,0.9927759771756084,0.7096706201383028,0.8608098194234489,1.137132960153759,2.314534688748595
TO,CC21,HH,4.473382108580306,2.591922240681188,1.767378087609643,1.471763325856083,1.443283963216826,1.456804091491077,1.487464075583224,1.358284760493234,1.374306436150842,1.51700645913729,1.697048086942746,1.754948322669092,1.738949958557047,1.661775316384862,1.401354202729711,1.125421467889748,1.025216512220906,1.090520346189289,1.604392134861929,1.316364077506117,1.044881489347186,0.9575269866540612,0.9681371205774456,0.9410505268290538,0.8562901947378436,0.8183933273408973,0.9049172841615511,0.7887160296801846,1.075576746204744,1.084880010285329,1.113560597786938,0.7272149180691705,0.9361688629983106,1.02727012348196
TO,CC22,HH,5.230783446260209,3.004739382336843,1.729965918244941,1.528486343004175,1.489914562587273,1.729997476525886,1.730689418797378,1.618219863880399,1.421637185721265,1.651601277487251,1.646625988862368,1.729931832132291,1.814493178928554,1.304753224847025,0.6764907857538888,0.4869857684319487,0.5512955958008049,0.5738523211913679,0.5889418659919048,0.6142579992452936,0.6965670776829626,0.9371478793687934,0.8496774834346338,0.7828477526254511,0.88245814832959,0.6150525414249306,0.4644780357902615,0.4456934142670257,0.4868620157910999,0.4601207817062056,0.5430947812014814,0.7442993985586394,1.445991095349328,6.309999378890105
TO,CC23,HH,4.217030210579398,2.879158829989208,1.793574148619378,1.653590242286677,1.451690709328709,1.75329657365868,1.953822186155051,1.798398129045421,1.872828549509081,1.867032246792917,2.092908274940718,1.824653566970878,1.56410077606032,0.8814756587767926,0.6322563885183728,0.7308802760798002,0.7626417334491811,0.8584342520417669,0.912050561344196,1.00762218206859,1.251109951170734,1.096837076515763,1.076549857258886,1.373282007992418,1.329709644693631,1.038925916891595,1.265584845088141,0.9614622454333752,1.395203706562749,1.634496695606424,1.440994269064075,1.457513715221032,1.261017174216792,1.135852114148977
TO,CC24,HH,3.921713536123104,2.855040075104589,1.767096952091965,1.411938075941012,1.429639658311031,1.451012872629216,1.646928144229154,1.807665371229803,1.841297562327076,1.970232579101194,2.317684236491273,2.342142119421778,2.068058921869148,1.545327819269374,0.8834516674139689,0.70669293069507,0.6261547981470752,0.6752293180877614,0.6524167694431744,0.6518120240116579,0.7262667776942822,0.8511903550352637,0.8984177168606453,0.8267310907418559,0.8147270641871948,0.6616915334050711,0.6926759183137456,0.6785407066398221,0.5177524767259544,0.5357447099811553,0.7483682302918885,0.8392905712867335,1.015685638449775,1.140312872984131
TO,CC25,HH,3.846351908232926,2.689877288362486,1.295452672809021,1.087350738816605,1.077072279920384,1.204255179349176,1.339771997705498,1.502381156846951,1.566524100895731,1.550557730023116,1.750803666899119,1.662550628164814,1.485113926893951,1.296327006858316,0.854893130714367,0.7401016909082108,0.7978084245721603,0.8402611369452649,0.8586608987851632,0.8412651761812545,0.7337822623779314,0.7071782789918977,0.830258735504687,0.9239480630002148,0.8729316905604597,0.7785761186236951,0.8233862602988691,0.8992518063009396,0.8759047634760485,0.686918318255389,0.9031404116398845,0.8862719242357959,1.032923848468966,1.017650745323651
TO,CC27,HH,4.82729924404702,4.630384895666501,3.658661260134979,2.008241271100931,1.231024368387895,1.146366768309476,1.202465357899086,1.325803918602245,1.612126137133507,2.13534400864809,2.170398886088027,2.088518593227406,1.697457818074245,1.351265983864497,1.137726212312174,1.163500465030662,1.30840884151263,1.244026557334271,1.096528911318219,1.070880914536846,1.121811555862094,1.066036367379535,0.929789856052427,0.8752169043551251,0.7887768439970373,0.7409433350693035,0.8430338222643997,0.8491389357501984,0.83478792228137,0.9585621345382904,1.311105603860256,1.153721019944523,1.342296873122488,1.845066469819622
TO,CC28,HH,3.875054241633343,6.582307062258487,4.861714605504339,2.465129405909446,1.451037940640797,0.952945012023162,1.463331741026877,1.392268027849768,1.563793128926981,2.346282781854523,2.118821259881694,1.701449417705053,1.61645537993456,1.399555109055711,1.022409779661315,0.8866877818007639,0.9687779218055256,1.103661322238632,1.217484772451262,1.140954006222597,0.9861233127679628,1.02244295395272,1.037755727781556,0.9542926169384616,0.9066134080359596,0.859925879229145,0.8271165425558124,0.8853261209392559,0.7841377496189303,0.8060263777085608,0.7394545106710455,0.9857365089576356,1.416366307600902,2.815068143754207
TO,CC29,HH,1.093848081787632,1.100497402470884,1.098895319557489,1.099320438884279,1.097888762107709,1.099617293664195,1.099070067185694,1.102129905305416,1.098461775088535,1.100116440841275,1.098031100550904,1.097978176168432,1.10033123501856,1.095268223352059,1.098022315821528,1.093785151163092,1.09564144712516,1.095526409214237,1.093005413414974,1.089455063640111,1.082047678806268,1.066117704856596,1.051483830864016,1.009487620225501,0.9721959153135606,0.9472636384888796,0.917814594444686,0.9003099210594226,0.899291701655706,0.8929217146927928,0.8851872335609839,0.885259349219382,0.8877745699051373,0.9275103659533988
TO,CC30,HH,1.260030415953495,1.654461280683375,2.218175765385825,3.695443227369057,4.31821559051494,2.491285203159178,1.858209827557592,0.9337678267745196,0.6875940721960236,1.442853970624112,1.291996698907361,1.294888630691135,1.849356291377527,1.553551533473948,1.024934303797701,0.8179763790694359,0.9380308642579124,1.532114803200829,1.633393062135226,1.478518891422435,1.7415993437061,1.57720245166408,1.631535779344899,0.8241625052345392,0.6824052031235041,0.8159801907059608,0.8138634719340773,0.7269463664315006,0.8084846982510039,0.9755757439204727,1.039347556194808,1.193098127790811,1.309242162949046,1.16687554164375
TO,CC31,HH,0.9672992066675612,1.076849841742534,1.318748352527994,1.556649686622329,1.674490359181017,2.883704617585022,4.84973246832972,2.434549472342255,1.376382125487373,0.8358350156522467,0.7005711250272294,1.382083084443407,1.320156635893995,1.359267170757697,1.225672907786958,1.119831642559282,1.181321253779374,1.215623407308844,1.316244035861998,1.170440843492169,1.238600554829872,1.384368808872075,1.392184179810908,1.283860836085597,1.171038670895461,1.123041997774662,1.008534881044307,0.888741115040293,0.7951907542278572,0.7143002519756965,0.776750405596941,0.8110078067737737,0.7138108478317897,1.163571978628485
TO,CC32,HH,0.9854670102670012,0.9227974904037248,0.9211841449927344,1.040401200997809,1.015086684347993,1.176702527827236,1.7074101672728,2.199058002094931,4.014170432875945,2.911873341609355,2.040844879817174,1.389436935547832,1.208816863459344,1.475170970881625,1.230509924622613,0.9601949836001636,0.973412684217225,1.155475659881684,1.244580702325356,1.203029519373861,1.11855100314189,0.9876670503037284,1.259250307368098,1.493315945295878,1.257720385766155,1.357021024474098,1.271688676502557,1.298012565571145,1.139270151658415,1.016473111600836,1.014458375223462,1.176842403103684,1.522567769012415,1.293511782730217
TO,CC33,HH,1.354267682333922,1.14516230333169,0.937090026135045,0.9053148649480036,0.8805629183128834,0.9382085258074072,0.9666427827034832,1.067402708555174,1.135284329260647,1.286936232588077,1.539048415428606,1.814891271242418,2.487398021257701,3.438875193657612,4.072163337323404,2.533011793600497,2.246801967653592,1.503185390164165,1.598843129474464,1.605851357069329,1.278887427884657,1.358894410372875,1.190196889967683,1.265744126245138,1.044358414096028,1.153903045371192,1.366409370972351,1.447265366009459,1.578050401196497,1.695105169353444,2.006058296804338,2.457586097571376,2.605548385884529,2.847140261685564
TO,CC34,HH,0.6592942352295137,0.7049497826454444,0.7223878934627073,0.7292883593745232,0.649474166294928,0.7267981689884585,0.8045840845891141,0.7427968233373085,0.7557633883707374,0.849392357412763,0.8545323292468355,0.8948823819527303,0.8337469763340645,0.8348095407119109,0.842829048850131,0.8562076245113852,0.8604794880683863,0.6955482527324507,0.6388695037298819,0.645479878907453,0.9854555574368216,1.068243826582591,1.041821071482297,1.220676665426961,1.439818462104444,1.480884017899114,1.304557350806131,1.10782217687923,1.162666184136204,0.9117123336690592,0.7847271008733083,0.5504218640407189,0.5762126935987251,0.9369133238341236
TO,CC35,HH,0.6608652145094952,0.7270543643271802,0.6789926750122396,0.7474605447339662,0.7040866009150215,0.737512251931061,0.7485467784417823,0.7152055600392208,0.8523791946662992,0.8275689639716294,0.7786100714569133,0.8423402134890157,0.8527957473324395,0.9068988001237636,0.8468902187080259,0.8181863434784261,0.8712915077434293,0.9991618566284524,0.7153254270173564,0.8859868998428555,0.9699195335417704,1.047665967318716,1.02366165032844,1.044255295980492,1.162478720437637,1.435503326291444,1.779506138435778,1.969846812743534,2.122355869251358,1.576181201275354,1.418767307008558,1.318935701998742,1.878986159381674,1.087582306455377
TO,CC36,HH,27.81197626556172,33.1261943601533,32.86323313314214,33.37466549808209,29.83841199771296,31.94992066674911,32.21607585338488,26.72680533626199,23.62446118872048,19.29420536658304,15.07460690648515,10.83659634592843,7.156968069348532,4.700406759691142,3.11151069178193,1.982580400613116,1.524550178117821,1.450967843530557,2.239320042648484,2.171191301930115,2.390794342021024,2.526773945528798,2.029185115468628,1.817294603897757,2.140797691175862,2.981186375844152,4.830348205177963,4.080364379049797,4.755620750194219,5.967280455058436,6.157015691508692,5.779856019965615,9.7071145435066,1.496155944601154
TO,CC37,HH,0.6815006122263609,0.7586570200612703,0.7274899541881221,0.7905332884143462,0.7173419678905177,0.7986461386594772,0.8456754166769299,0.7522726528686746,0.7943931661825944,0.8467572427903817,0.9480462278448132,0.9939844821819006,0.9326141791884772,0.8522499815731167,0.88998579134644,0.9001863250186526,0.8444705761009624,0.8218927957676379,0.6708278325731452,0.8590385070109794,0.9084866347272148,0.9137065334208876,0.8780623485265094,0.864875375378611,0.8938049128068445,0.9015754374413326,0.9416471865376228,1.030643822166738,1.248898659998492,1.022320673090697,1.272086982947544,1.597894148009518,2.078829817989615,1.413110784573865
TO,CC38,HH,0.7081140063133102,0.7140112018024825,0.6567187783608093,0.7471818713670297,0.6752537547417929,0.6565636229416673,0.6994270250413995,0.6667542185780699,0.6108619138258179,0.5773482784266937,0.6646751694667727,0.7049616551836986,0.8124021652252478,0.8094036155416003,1.019422594001778,0.9053620228595166,1.064677018646554,0.8592557293256405,0.94608547517913,0.9188325786331624,0.8738953721126457,0.9052965027340392,0.8098762354741946,0.8026093446951855,1.062859471374442,1.04529693250729,0.98887511281957,0.765477511823671,0.9357234068855736,0.9571375935724648,0.9931111395492592,1.102719818591423,1.343409896861821,1.031123425369441
TO,CC51,HH,0.7063593640266557,0.7649989640972162,0.7335881510388126,0.8950008119716618,0.7669340375579301,0.7655887415107525,0.8385851836922427,0.8749613011553347,0.9243510750152376,0.8888052788267874,0.998977699224628,0.9676494515398896,0.8671860751057399,1.055567840297243,0.8856595775903957,0.9971539300290292,1.081348778463247,1.198533686090272,1.170249739437584,1.273015450719647,1.162865809155926,1.174570009483479,1.416157461527929,1.484000181725955,1.362629624620125,1.641556492965149,1.7246960731913,1.400647664235989,1.118211164517903,1.137809935809947,1.281111542033722,1.060568665906466,1.584054256163772,1.305322173357191
TO,CC53,HH,1.001582714885883,1.090598133133108,1.083760743537729,1.025148224818639,1.007391059928649,1.179953995317536,1.001508590451772,0.9192300942273884,1.207810425590187,1.379564727815501,1.45856889360148,1.338221269045569,1.511943027540664,1.449186591072651,1.450294022009054,1.489581533086633,1.164319150739446,1.117689673751172,0.81861459109626,1.552006578623184,1.69242062607985,2.453783372329573,2.777965756428503,1.85303822504772,1.472340295373034,1.208856400067458,1.189180211908819,1.109420337860781,1.31878854654503,1.566190562941444,1.407292853924294,1.421576320839367,1.474724717331953,1.302517471391431
TO,CC54,HH,6.878652976714363,3.012856126862081,1.956899048344684,1.214598685494977,1.142857796326005,1.3466469072396,1.278333498041291,1.768810998634711,1.578827826366216,1.682453425029984,1.505968133733218,1.497961294144882,1.389972863565821,1.63953784966896,1.887286195058978,1.686565572093336,1.484892015721981,1.246263122886649,1.213385064099756,1.203151512410389,1.004074529517393,1.060199218186396,1.117510169491305,0.9540402422595644,0.9751152097646624,0.92948799236277,0.915108249714332,1.096528847066687,1.640224386514058,0.8071591454495587,1.347391326878548,1.117867151196632,1.252589203778671,1.7372355100486
TO,CC64,HH,2.011410912874517,2.361522873368055,2.094055979051592,1.941064943375933,1.570751821259283,1.302622298123881,1.421637453268346,1.68566032603596,1.409113118309329,1.384699882603989,1.133368473437357,1.332652809458133,1.340514938882012,1.723501255459258,1.327244751316078,1.150514833157416,1.106821256123546,1.158761019035086,1.029350568697958,1.010943207231343,0.975506933300288,1.27823421623009,1.030173882988694,1.090003518835978,0.9488432354243196,0.9117089155398492,1.050313853969549,0.8889976822212056,1.065822293394116,1.183929217855941,1.045333140548891,0.9876278105238476,1.418980119512973,2.288485334459433
TO,CC65,HH,5.265877754900627,6.380339323907147,3.319199643083422,2.470861709011247,1.391313758630063,1.079877632118881,1.192106867791422,1.247367800617618,1.853103298270785,2.231633877547895,2.173168050707439,1.797913396183996,1.696990742057975,1.358544402834534,0.9108204927724796,0.731928765161934,0.8680694804730786,0.953261107927447,1.046900661771232,1.421943591843301,1.119137833469734,1.029701338710627,0.9383781655503692,0.8933147839763642,0.7516599925542483,0.7766580508512377,0.9096840172788078,1.146640940150208,1.088532984718658,0.8052858225589109,0.7566139098651883,0.6895144427933272,0.8522224202698289,0.9860742081383432
TO,CC71,HH,1.273786496220717,1.047817414186233,0.9842549563099178,1.157624088851697,1.185639531457422,1.66434863476871,1.961388622488288,2.532489614874599,3.352006420582077,2.170420370805996,1.855915836518577,1.274983313558854,0.8385022168448738,1.001654754544163,1.108256187827404,1.1123075092878,1.102828994959874,1.407743918150481,1.838091470295528,1.997627370030395,1.749516908150788,1.377434086848971,0.8738821836323408,0.642859382942148,0.6952006631243172,0.6312821696003692,0.6801512486489713,0.9919665774978568,0.7653926482246088,0.607143207521798,0.6330754434394728,0.6785030128628732,0.8002073605101329,0.5509436569641253
TO,CC72,HH,4.512459414182133,3.249331400504872,2.398503633120011,1.405397705651924,1.214289887988481,1.284508743170997,1.657729082582766,1.840674989978431,1.755181146666983,1.712107425831354,1.328419546065054,1.08248672040243,1.005140826073579,1.081835904546381,0.9649512944818296,0.8166658437718578,0.8497035081027718,0.8588785893333567,0.9613939672492948,0.8951538851383968,0.7723439391362249,0.7095866088201883,0.6984473519630169,0.8874556000555524,0.6951246279587829,0.6399193760299345,0.7063172567164363,0.5508828409064129,0.7147515373977227,0.523908570988436,0.4576644909364519,0.3854833555796375,0.4500150342492368,0.4021489834812061
TO,CC73,HH,2.67288668121974,2.328788384985451,1.993789200042859,1.422087890282224,1.17472228012466,1.09998197297562,1.310602473076343,1.291181532963456,1.462665447229661,1.791715963815773,1.725829579246068,1.685067104892426,1.552250112061079,1.210798283982405,0.8906187478504054,0.7628911827612033,0.8241517169552636,0.7744873690537112,0.731483850993859,0.753394446408016,0.8946691399415442,1.011926524964244,1.013573455375811,0.9585847578298108,0.8168270972795131,0.578057470600363,0.4546830331906175,0.5579364219163686,0.6527917952742961,0.7715282828751184,0.8117729652605482,0.7080770503509375,0.7081439682352141,0.8379408427830664
TO,CC75,HH,3.68548098521268,4.083187514953258,3.129240085900086,1.727521378619084,0.9610691694265792,1.02157188775938,1.17570078647468,1.292861043961306,1.7856621541054,1.70219588170251,1.637314584641791,1.754258535918108,1.621938037740078,1.276070651171398,0.7180769661693224,0.670619526945241,0.7411371991158857,0.9574415434641654,1.018645493058968,1.030612080156172,1.398544031275616,1.277052517371037,1.228294726577473,1.038272508867697,0.9563552168355924,0.8095728527439036,0.7843562744652235,0.6818468502686583,0.4920357298696524,0.6390534451501837,0.419762382246182,0.4215571715029184,0.520407230912294,0.9049427884779112
UM,BMMT,HH,0.8110332675941178,0.8108572379690043,0.8423734697791022,0.8247907285704874,0.8743312847657964,1.140502250990384,1.11405796786415,1.07909933091947,0.8223594084169678,0.9438589055237286,1.041785760693337,0.9058832301453972,0.8981424446810223,0.933101074287528,0.9785461584901112,0.9832767185162286,0.96619506123544,0.9493691095347871,0.9431990159094616,0.8870996766900207,0.9098052549302998,0.9015589939701122,0.8986119101089354,0.8734237965255612,0.8438310226983199,0.8605180424783977,0.947894720907402,0.9796951530151328,0.9292582794225808,0.8471403414330171,0.8703013460003788,0.914318390231042,0.9252313976918612,0.9223160455749764
UM,CLMT,HH,0.8914164135185232,0.9722264690457676,0.940386599770363,1.072238502293065,1.316224778984649,1.130627280630657,1.25808473801932,1.237450097359841,1.122406838994641,1.092418875477781,1.099308748537114,1.119058710191713,1.218721792863577,1.260990921926263,1.213149197467206,1.1238267288719,1.178424774571813,1.149921060437496,1.147621328779201,1.12979316940318,1.306291111122261,1.326700216973292,1.245377075912343,0.9571485450163018,0.6917703348333715,0.5481296225090102,0.7074529740363161,0.7701776560340119,0.8448048757734546,0.9378431948723878,1.083930638405704,1.109849806406876,1.008411996321525,0.923505995026002
UM,COMT,HH,2.950107591790951,1.293484412007222,0.7942185226869706,0.7834198386976019,0.9419491996797832,1.194372161409638,1.242476047317169,1.378431086038325,1.567851972470075,1.654549325886925,2.132120396325102,2.817346001474748,2.183679647038688,1.942903058470705,1.880990545549975,1.738170089423539,1.339108672722455,1.2954404353924,1.202148865247361,0.973548252148914,0.934656660063134,0.9371524781764548,0.9038774176613632,0.8778995990824494,0.9636915973924622,0.8875363112679507,0.7659500131365059,0.7630154055836619,0.7774697295992583,0.7807565435032696,0.8189319200593905,0.8416926943432096,0.8742167659371181,0.9073770231318292
UM,EKMT,HH,1.04787793920268,0.9224827878322436,0.9970434300829156,0.97763213064707,0.90985328341349,0.8991935257137113,0.8046315360509168,1.18263295193556,1.010790193940109,1.145058312994451,1.116303512335384,1.227441277436294,1.282987465397087,1.387936910572628,1.489462247680152,1.367468416176141,1.27316811342268,1.274711222695442,1.217093137511246,1.17924641477985,1.161969446668706,1.126312953247671,1.13047511726431,1.038809867223031,1.243020662947046,1.256671698818576,1.404368202340379,1.498871007396588,1.688659526645516,1.717494344397383,1.431161433717654,1.350189420984629,1.007684474459228,0.9186528582510324
UM,ESMT,HH,0.9060984289664112,0.8450998251017783,0.8187139769330555,0.8890537794226339,1.115062423871295,1.326996373768647,1.034615967843528,0.8343363844536384,0.7964745166451751,0.782394160291695,0.9021395972505396,0.9831009837945844,0.9534389876551824,0.8881389421597184,0.8696037711413478,0.9457345041988642,0.9603873525760996,1.018955216706696,1.109144769506455,1.213580235685866,1.102169804478106,1.088149296136963,1.514127371598665,1.209557292039788,1.138866194742184,1.169670728657205,1.12529632536889,1.07172061530259,1.045646934835791,1.068457499566555,1.098243112658669,1.079076603107931,1.005933603426173,0.9268892167963436
UM,FPMT,HH,17.34815756288646,7.260120894501088,3.19520970565673,2.559603559239756,2.710608173482243,4.129169917855688,5.288955478692327,6.270145865449552,5.404866887480017,5.691201566392192,4.674983654991277,4.027572867767378,4.002084380562305,3.709677310812427,3.897689635746883,3.779565309084954,3.910635886740506,4.26592048350561,4.407810723061533,4.227434313490169,4.29961345350123,4.079987848622018,3.591364350564981,3.262133270328289,2.859722566653122,2.682079354325899,2.270415630649351,2.114429346249801,2.057466557318765,2.023959386532671,1.349798563334592,0.7835825467869582,0.5570057154250037,0.6813849059026553
UM,MVMT,HH,0.7368434672891089,0.7393810558685968,0.8930139694020773,1.031713172369782,1.190980885551132,1.296743404382116,1.529076759992034,1.474705167763061,1.504458157700588,1.478526818082623,2.020467959942455,1.865111160571935,1.58698908192695,0.8197008012033509,0.9646887919191728,1.026023754568936,1.189384030296927,1.174468624456107,1.273381243411677,1.222130006447715,1.079975430750808,0.9629311759622592,0.8705058690460826,0.8217575471911687,0.8348871692479404,0.83176534817781,0.8454515740416413,0.8331467231380225,0.8147614770682022,0.8514497023365727,0.7503477318004099,0.6872642601745709,0.6422625088701148,0.9145318089788282
UM,OGMT,HH,9.460441425243005,4.800804330672944,2.506058550462939,2.408435794879251,2.781432208934582,2.794811513092846,4.689877128499627,6.477185328629825,8.745490110088035,7.815377165656504,6.790317681261504,7.578645340551459,6.073729950663513,5.045434940898127,5.287206091202868,5.682939863042567,5.715393606378077,4.513012898857127,4.685337105547603,4.455751735335091,3.718240730784278,3.238485791618165,3.887347048679752,3.354936078651301,3.573247640617831,3.66339323541221,2.96632025910758,3.647688075879158,4.242567713089754,3.682600106156647,2.525742404252785,1.485272560319579,0.886008133441961,0.8329918853145374
UO,ALSE,HH,0.9307124220215828,0.9632023110511716,0.9206318684075968,0.9162923713629412,0.8643773866481685,0.8964264158390363,0.8801845055722891,0.9831646694292284,1.030262207238818,1.106834588561083,0.9543955091490912,0.979288768205801,1.081211897243758,1.110925707732851,1.064444544205951,1.027533140133931,1.12792209621971,1.107554355121611,1.090034244383825,1.13725660792259,1.43741488605555,1.698179411334785,1.647130110979486,2.290652926582377,4.454448060907866,2.971611955046694,3.081289204005946,2.53106639997374,1.113743708985778,0.6100912715056,0.6189122291189428,0.7759142973926103,0.641681682195055,0.9129487796299272
UO,BEER,HH,1.140602730412469,1.066675005451526,0.9390388012615412,0.7918668376053777,0.653050048221908,0.6371128936270863,0.6677757171468507,0.6506561132576599,0.7176076685356729,0.7297707021446771,0.7807899373914711,0.8356419116636857,0.8637073805711525,0.9600943171974036,0.9433977491018488,1.065605611093254,1.118207707031917,0.9966310941176614,1.015729245733056,0.9965153284925116,1.153296888916206,1.179042502111334,1.123414598284689,1.528067483966153,2.075724599567467,1.490669694300279,0.8180075476996854,0.864433866911738,1.138678900177767,1.069429221198637,0.952151947780962,0.9096371078087327,0.8021754232453725,0.9414535728802488
UO,BUCK,HH,1.181536367354114,1.558843607689554,1.223700447600343,1.429444855778168,1.093077951132602,0.9312777674086332,0.8806180179725291,0.8275516988550583,0.742595785720868,0.7907321763760291,0.8304658746400667,0.9785290416347197,1.096245106187623,1.044414775338055,1.042255283672513,1.016675641858745,1.055105044193005,1.150058142705874,0.9523648545688048,0.8643868442637684,0.7919698969341101,0.9199112218794064,1.053534209917556,1.012034584585345,0.8770826223042679,0.972020699817555,0.8361767735002561,0.8431967276510263,0.7865374724004158,0.6041459327969947,0.5477148975806291,0.4963957272867092,0.6111647780621607,0.9113873224847354
UO,CARP,HN,0.8443092518282722,0.973022260420353,0.9909279441072888,1.001605978834582,1.130334382465304,1.102470842494903,1.080846848076258,1.073238864912438,1.102406417038672,1.302487713075871,1.316858382282913,1.069343354450045,1.127816532598473,1.096505655573905,1.152513011432945,1.132180315675178,1.229763716893716,1.355027792500063,1.505915067207102,2.025425885778385,1.904314632872943,2.284436328564236,1.927957559820196,3.83801360641605,5.359345329162494,2.858326076606668,2.673421047575912,1.837482212598501,2.234761492566098,1.934801163208974,1.961418756213755,1.110034637330227,0.7868333731323622,0.647680597567961
UO,CAVE,HH,1.005622895530734,0.9146724715306346,0.9184724663385456,0.8573080578774755,0.8486158228919221,0.7598520165002606,0.79977604385666,0.823943118082793,0.9004333930217819,0.9313670113222852,1.052537770737788,1.151590545727446,1.228732208846141,1.415058489059179,1.622584598884945,1.856228651795591,2.352487239279094,2.772568077308225,2.356303400608973,1.658155986426935,1.359137440373652,1.290164201504441,1.346838964779148,1.293852215381782,1.291004665707508,1.103138946484369,0.8452864708043023,0.8160617066194704,0.8324602769466708,1.159497556505118,1.013649741078217,0.9235966486755136,1.266384555330805,0.9743787157540824
UO,CBARC,HH,0.7691237436859083,0.6181030569849103,0.631710007664508,0.6017050564896091,0.6192983484561584,0.6243664367451348,0.7369387175273412,0.8360277156146806,0.8957499843630364,0.7981412591124775,0.7580624834406824,0.7685351380611108,0.897171861842223,0.8791689352436209,0.7149374228455085,0.6436501970215447,0.6570315729970495,0.631391492093461,0.6924878998039423,0.7440922168172404,0.7888628191769905,0.9649729686061584,1.219839873323386,1.309545560025143,1.239207161049692,1.141136773088127,0.8471980579356283,0.896087236775768,0.7077546400570656,0.5002486332829305,0.3048614783517825,0.185763410953166,0.2590596123549549,0.8743090718150828
UO,COQI,HN,0.8612099920973209,1.290433260126494,1.209696446542649,1.273999741657878,1.244757166901833,1.262933908635937,1.406100255638665,1.333724510860585,1.560489650471192,1.499317921423337,1.50472963097127,1.529896153159861,1.459843899271619,1.372599699058314,1.183355363673996,1.192605871760298,1.218395036344148,1.299303644518208,1.339959199470059,1.367302283005084,1.230246793790515,0.9747898231338424,0.8774185512941663,0.7680306589770961,0.6025564679664737,0.5347413891642074,0.5433778872212306,0.5497267054464678,0.428961439269981,0.3079667374581276,0.2640523467606505,0.3423901539261275,0.3747391200692428,0.3704144617876164
UO,DBO,HH,0.9439422242308624,1.009490510799322,0.8872214886475405,0.9564893167011386,0.972860231636258,0.911903921902742,0.9297796040727052,1.021981344462315,1.20104858590965,1.177584630219854,1.351177045419528,1.347631313282871,1.459209186128522,1.235680692061245,1.390580149083057,1.210183325070011,1.295994419684665,1.321518955451736,1.260132568393152,1.25407801766526,1.332768401443893,1.082422385877683,1.065280436599766,1.089552633193309,1.120017939687025,1.150408366129266,0.9739253281455804,0.8348018117340589,0.8909643207973018,0.905486035245511,1.273470534576187,1.331693034811082,0.9864086720295114,0.9569631733081296
UO,DING,HH,0.9691196099920386,1.03655928530508,0.8116071922357531,0.8021102254335021,0.8161937006098768,0.8141446146434034,0.8759322571520062,0.9292541057354026,0.9807346554929992,1.070715245026073,0.9497057052807952,1.037780242761833,1.014321472584139,0.9775556075625892,0.9135111112530144,1.008203202313289,1.079618742046119,0.985841587280993,1.115691279503626,1.028131923934091,1.069305672660504,1.146925965679299,1.214208051938579,1.456932902713099,1.531665176461466,1.505049967230297,1.471247869672526,1.211623998738528,1.130467671435913,1.318573544483975,1.223349005540668,1.276185070756338,1.211532149034168,0.919676397942192
UO,DRAN,HH,0.8278100151841492,1.082412284735612,0.8613813629543252,0.9877141631705522,0.8014941688980746,0.7710133289698407,0.7663360723489101,0.7591425861896333,0.752103202623647,0.8243389106672,0.7991529178523803,0.8783456137960309,0.886208262058983,1.031094620792767,0.93883538074734,0.7997242836872231,0.7958004545100685,0.7952400344035658,0.7978345626540618,0.8567111102983063,0.9731622506888584,1.115372331877434,1.107814440782589,1.221900495942082,1.363467888926889,1.577461274806919,2.5779538721654,1.982424858752719,1.326881668865472,0.7468532761832695,0.4297222376060214,0.3951937304629892,0.6144618037855798,0.9241210322673756
UO,DUTCH,HH,1.263237945004745,0.9262815830789828,1.044199655564154,0.933830008935539,0.8863036567740122,0.952747597881318,1.052487085649295,1.047683455076953,1.109195486436257,1.086917267227465,0.9438093399899866,0.8419950057824437,0.8293129912602405,0.9182184391409928,1.217225860758108,1.107339570178766,1.06816211750578,1.207506583578078,1.07896393674916,1.138430348627629,1.464254549630439,1.6008704129395,1.651652571336922,1.584350935210695,1.099977461051251,1.382721054930848,1.219972168832091,1.317961322845223,1.040353644771509,0.8365196478763274,0.7738857295563542,0.7174549661915407,0.5958472842512649,0.8341358027582342
UO,HBUG,HH,1.215884256073356,1.132717592478015,1.145232958669454,1.027261139014619,1.10871405625558,1.190123431609924,1.132430012950589,1.351870794337093,1.311406351856046,1.442470914591874,1.662762597975812,1.355527148755969,1.148779769983257,1.0061451041861,0.9785540910541024,1.207377536300912,1.563994936280923,1.521869470772691,1.107949140420769,1.560247839215021,1.636877027176418,2.005328442339462,2.305521728627112,1.758014785638226,1.545481270646545,1.07707019340562,0.6647116088568606,0.50188773807674,0.3159423303712749,0.3658332447305447,0.5054459939864308,0.5219615536036264,0.450234200223056,0.9020432897101178
UO,JAZZ,HH,1.107706617354939,1.138817233796042,0.9426582320279954,1.013701832231119,0.8710694797920978,0.867441476708124,0.9194191920327748,0.8716078413620967,0.9161153941864628,0.936272099114934,0.9809395911735368,0.992338413058955,0.9573577722178442,0.9005949980390017,1.033095367346944,0.9126841017329196,0.8647999511894593,0.8436733037475642,0.9875276586828952,1.008914014480261,0.9637565625317178,0.8785949355679938,0.7964944875654546,0.5132545816192392,0.3995483426140679,0.4442636941856288,0.4271267584232143,0.4448956466261437,0.4842402710601676,0.5260327893693518,0.6704680147086555,0.6842654532166931,0.6790501932361045,0.9219833944546668
UO,JESE,HH,1.681989517365706,1.759875619790609,1.839206396456144,1.704175716056016,1.32693631366173,0.9626183320849606,0.6488784291636448,0.6082175950736463,0.7990621713070226,0.8164332544021299,0.9346724256893436,0.8355011474465416,0.8658586976663901,0.6747457854782835,0.9097094881687398,0.8195560201570136,0.6348695478207413,0.5893542290692743,0.6138039784990351,0.6941126358003936,0.8277316605998168,0.7163638701021392,0.6305195998502069,0.7475559820246812,0.9733578738521312,1.306656162481585,0.8501334507171724,0.3833665793474263,0.5279435743290805,0.7556322755525448,0.5335346625672429,0.4895264645661893,1.009836172629704,0.9657142804121274
UO,LADD,HN,1.001715097029023,1.019847230019909,1.180640042805741,1.164495303410186,1.05118625065657,1.069467388742821,0.9831328208749834,1.013252143428326,1.04013223035807,1.038495049420719,1.031024464209688,1.057353588751265,1.054572540586614,1.077536734392174,1.119444706853383,1.143670453237782,1.167801904322286,1.192382375014535,1.244943544412465,1.336007571156983,1.364828928969972,1.46494467607809,1.611556584564095,1.664272850231642,1.658709198874244,1.684944247034592,1.426160677895671,1.422014429366911,1.456152114248481,1.295350453981703,1.313701887966983,1.415338019591689,1.353021306772783,1.090934894140453
UO,MARQ,HH,1.179291251591698,1.09616481394019,1.0557117729521,1.023701711420602,0.9573966215742924,0.8582820607642075,0.9836908206573832,0.922934159286701,0.9997843486991018,1.073790655861987,1.174269251817998,1.351616174221017,1.309218813791287,1.396275175282215,1.323275961197462,1.129538264029319,0.8223811416167551,0.5492645578326619,0.6424265474915128,0.3501820308194674,0.5170690609452554,0.6366470915532653,0.8377129903895879,0.9329076143550924,0.7167357459743724,0.5341440210523032,0.4151934570452617,0.3234483098982111,0.2330839133981711,0.2435895265699533,0.2587279361782848,0.3105717205775544,0.3637806652329413,0.8011487497324815
UO,MINN,HH,2.208956459362319,2.087538191719496,2.127157005070511,2.042710882123858,1.924964678273391,1.926361676070237,1.72860720782419,1.552267306849726,1.608950868445142,1.644479790563809,1.771931811477459,2.403975306110468,2.332995997638843,2.484126733225684,2.702944792784017,2.552229240529829,2.416475818786126,2.612395275296177,2.819608682013078,2.326702465587279,2.737430420482956,2.939515554168058,3.571843398570504,4.474533350373822,4.126833985314176,2.587812094916684,1.119001830288552,0.9672947472294934,1.140949123824895,0.9483890017650032,1.038196181997922,1.574859294883949,2.990641052726028,1.248141914425334
UO,RANT,HH,1.510604628987049,1.532116265490075,1.466014310364649,1.523717466830714,1.519872301984724,1.450078000991542,1.413986650128589,1.481242867397006,1.608693842303764,1.784335290623554,1.509892569936385,1.155472219071972,1.029251896529235,1.056252597619762,1.181040503788499,1.294262802183602,1.351907980890368,1.593395626151884,1.800713460716886,2.116943433531522,3.164733321904091,1.773180217950053,1.690235777339578,1.733974608638662,1.804220694381385,1.311270836302424,1.536907044307174,2.020049461589061,1.457387093784453,1.825756112185544,1.061729555930568,0.8238369637203451,0.7093891882572383,0.8683811774460567
UO,ROGE,HH,0.6088236243376624,0.963459488331011,0.8494911679405948,0.8729116567963621,0.8289607943303369,0.8422822378952639,0.8253058523265193,1.050685789083102,0.9715911195011936,1.223981845454291,1.081676415376309,1.022556762367511,1.27416475419458,1.283100134314574,1.412413237825676,1.195141059633103,1.150350433105236,1.232282642757892,1.204240910520394,1.256603558203079,1.315364334144471,1.370897093321048,1.289731952830165,1.258464996319494,1.190984870065927,1.135982780593711,1.22849282216214,1.192817423811664,1.158630869795777,1.098739947814297,1.073520260888774,1.144449677208327,1.643030933598069,1.097552387690972
UO,RUCH,HN,1.083977786186372,0.941217711369525,0.8919863343752026,0.8210164176147745,0.7702988807721984,0.8335150284593499,0.8597119535133032,0.8787346185291331,0.8639403204749387,0.9441002254229672,0.9582284431673808,0.9168293131552634,0.9538932140578096,0.9561896835177054,0.933053297316634,0.9393595010788977,0.9226322404762892,0.93411957627946,0.9283643868433076,0.939854764120162,0.9139443824334652,0.9134513700105306,0.9183016126846888,0.9175753692606228,0.9675606474576286,1.126079873000147,1.044071601545544,1.023492406205606,0.9124254900444712,0.8890603152982227,1.074420946245677,1.50439790502974,1.57204166373344,1.297650361052435
UO,SALT,HH,1.239888143205783,1.337222464281145,1.324269689868565,1.451436790307464,1.091534858442343,1.060060323574277,1.046839647064577,1.051426259963152,0.9171237280325824,0.8867609806553994,0.7638431626858876,0.8218961405517036,0.8576813530095092,0.6715178177462379,0.733713458610589,0.8339267486007808,1.017359813112446,1.031607762636275,0.9216879161128796,0.8956669271108811,0.7169855634570574,0.6083225082318461,0.7593258782867551,0.8234005593141044,0.9936188776414052,0.8879293058210281,0.9210963521416746,0.8312640769141446,0.8173306402598609,0.7472041592780948,0.7549425610639823,0.6400710951123488,0.7537917811631479,0.9311060693262307
UO,SISQ,HH,0.9758176544998228,1.010498889717693,0.8711622852392621,0.8483609223405776,0.8106409733900596,0.6865426737082541,0.6904729066566632,0.707353411843632,0.700821790966269,0.7963496127024082,0.7801246593144723,0.8806824269221785,0.8560184921911455,1.009072422917354,1.054081354872378,1.070074509068915,1.160194803329318,1.275124469211182,1.529763808745971,1.731735434620817,2.631275545403546,2.629891395313726,1.764987602560647,1.327018793226872,1.033000869243785,0.9313171162371928,0.9144507863365252,0.643459307058485,0.5500931065677314,0.6138454536898971,0.7847940402792286,1.014904342815586,1.122283368776348,0.9237939445519932
UO,VERN,HH,1.524867110224686,1.551996825405564,1.731717420922457,1.611965224346724,1.583504130694434,1.489922468961844,1.32755272789744,1.139941825707589,1.078122675544814,1.069919912706309,1.329783294580649,1.50196529521752,1.749022238203751,1.940811398352546,1.842758013448925,1.569684843838494,1.47036231665005,1.490991458358136,1.472852229409532,1.574705921927518,1.694203244667871,1.736804203320268,1.547529130989773,1.411259548885991,1.375086280178787,1.409099594843425,2.191193863307371,1.632147688987481,0.9040647221000132,0.7071235805561208,0.7415258695895858,0.8469473387537232,1.003217051245936,0.9256645440794676
UO,WALLO,HH,0.9449633236806546,0.9054079334175263,0.9265716470545606,1.016165180503776,1.064672329527849,0.9444817495321468,1.056973651107693,1.221345468511865,1.206377905232225,1.203907995616707,1.107516363744925,1.095576806913821,0.9405857876867568,1.011768649500034,1.292865620379259,1.742662801734396,2.320048027623566,2.731207422984872,2.299273585062335,2.313512348578949,1.820780974772853,1.383792329945118,1.348493861905025,1.830107305142073,2.345483327472617,1.898985360436306,1.404691243773018,1.117623770124541,0.834407835568889,1.059646465864437,0.4976823171776397,0.5735837751272609,0.6918619913403015,0.9648665505137418
UO,WOOD,HH,1.142290355657319,1.18843318873853,1.293903200753886,1.244499305600431,1.194513020655267,1.144388553243759,1.172301169808168,1.184724286939442,1.168652843688203,1.12952608015442,1.108870587712395,0.9079696199749884,1.0221166142092,1.116754435137313,1.106557318605157,1.139492323877598,1.39335463116431,1.262050080880122,0.9363409382942318,0.8620255002833206,0.8702936889195719,0.8572141885690274,0.834820025964306,0.8249959870036873,0.790288783923493,0.7761304701489775,0.7894863639943883,0.7550708438656941,0.7100784253107226,0.6928383459358213,0.706948164928436,0.85595502182912,1.175988018549755,0.9392067230534162
UO,WYLD,HH,0.9666739581653312,1.036627148690703,0.921195981769136,0.8781210962931769,0.7884314325763844,0.7128973117506684,0.6614648527445324,0.7270783035856696,0.8485865811309002,0.9292623879362792,0.9405043016017722,0.9899520437135624,0.9950030070818136,1.005897262960836,0.9673546606423872,0.9728134467018328,1.06293023823667,1.27201456469654,0.987054459471121,0.8850989395992287,0.9997328871374158,1.266954011299502,1.046371393857602,1.1373385265159,0.78635978532421,0.7736632191589404,0.7516292935994642,0.7916890459565984,0.9645018842348456,0.9212891427841152,0.5085048053800708,0.3302208365771976,0.2917123073767171,0.8998666499478698
UU,BEID,HH,0.9254988665390008,0.9904290793032364,0.9787150686909863,1.163390842544527,0.9855190826371384,1.113434672259862,1.143253031451051,1.184692561389808,1.07336717540348,1.145485650283194,1.110208345363115,1.020010330086811,1.367275029419261,1.790309255878497,2.743609487781729,2.737684625810354,1.769309504445582,1.186401731027314,1.322415192565655,1.18117834264134,1.340369807602823,1.27115512583873,1.168104084938193,1.060611772787956,1.047133007748252,1.071767922261045,1.004753097504209,1.157166540945518,1.322850130362528,0.9731390196639252,0.8049064975143102,0.7718686656588346,1.147382820752963,1.066483069771389
UU,BGU,HH,1.011028677092272,1.002881023600728,1.024041237138683,1.201415437058602,0.9933297224986668,0.9900303014609282,0.7941711914283577,0.744629332918664,0.6366899176068808,0.6526440556113569,0.5303722750665435,0.6419829195913134,0.7282246610059101,0.9205612623444026,1.079199289754985,1.257450410460582,1.26394792237821,1.242233020225733,1.313017873942191,1.091874926554337,1.036469362080855,0.9424140152782076,0.9300904000531368,1.010497835915251,0.9494311488396788,0.9759725600672594,0.9923310153819233,0.990699602815713,0.9807450585381238,0.9967837360854552,0.9880826093492142,1.001821218850324,1.017209957421059,0.9278598553376088
UU,BSUT,HH,0.9686727912094418,0.9725328287108916,0.9921886685601746,0.968654961254876,0.8842289998111926,0.931221580549484,0.8893060986540847,0.7729117809658306,0.68091350861146,0.7142699132305873,0.6532047332101729,0.6862022420984054,0.6156364778850579,0.7924183869617818,1.051549644058903,1.185154734146809,1.112722477567057,1.066090291823681,1.010781729169886,0.9415036383176878,1.036721256407453,1.029711744287229,1.024176343167209,0.9425782588572696,0.9144452274580672,0.8953767661493389,0.902914550543218,0.8931202186144352,0.8930909777645748,0.8886350569086904,0.8915919973351047,0.896374473117952,0.8981504063920882,0.9284541302320132
UU,CCUT,HH,1.033224607177986,1.007390542243302,1.007903068769404,1.121870037467525,0.8609290223451157,0.741038245515213,0.6881675636308763,0.6757776616601097,0.6670186269156657,0.7324143662955391,0.8159716002749244,0.8988162784047108,0.9196408737191318,0.8537596442279662,0.6469344137961546,0.6408874878766326,0.691671790023003,0.7839734053179619,0.8619932747718845,0.948562058477068,0.972666063826774,0.7775544654169262,0.9760351449463384,1.03482370398934,0.7409801489966229,0.7133675603352797,0.648171255828043,0.546779117517649,0.5169662410575694,0.5512566895202716,0.3667332479968035,0.3526872115516193,0.4430422387789913,0.7976301567560221
UU,CTU,HH,0.8347620790438548,0.7700421863312265,0.8124625566079922,0.8288331670329804,0.8452239475058627,0.97974455735782,0.8903705325799603,0.8073940046775346,0.8264732107979081,0.8289835365239119,0.9837664747691472,1.013592226306195,0.9194139265831384,1.211139163031843,1.15569635511022,1.198660124769261,0.97111454959205,1.140756628595445,0.9743421925735306,1.041502415124349,0.8932150833713675,0.9575361802393588,0.9240533989459768,0.7781490931417686,0.8071651236346118,0.9663058634514816,1.048482148542737,1.167174249805911,1.318585557667701,1.473950837745826,1.732733873917282,1.583161364834591,1.716342486373257,0.9451210359266632
UU,CVRU,HH,0.92808787533951,0.8885369577501219,0.9929894516518772,1.068515322354543,0.9841298491140696,1.138803306244433,1.032261207194401,0.8624292476303053,0.6744786015657342,0.5944576962228483,0.7062407776322511,0.687885811580857,0.6712743978869466,0.7756892614953689,0.7405493102901122,0.846647569039661,0.842424233763788,0.8891514318981552,0.93512382479521,1.194440843613347,1.165921837224304,1.254674075316374,1.149580244111923,1.467957373156658,1.618936629253938,1.53958058037346,1.031665031804395,0.7793504781056285,0.8070822773066608,0.9885817843226276,0.950939662410354,0.7880369951546516,1.4045391102425,1.625841181980705
UU,ECUT,HH,1.278686772813718,0.8471131741791242,0.8207063080375769,0.8578218947861651,0.7518075122365636,0.7975214120693098,0.7380358376977424,0.7687240679771681,0.7283318214180171,0.637565549407114,0.7157563342956189,0.6043090949673733,0.6038573037592223,0.8777865220598262,0.8967336365278709,1.059226801689767,1.295373899865509,1.223018745553949,1.281488566972191,1.113949462245016,1.17085861726148,1.344209507596009,1.421211539851534,1.306503969656034,1.108356490064208,0.9631958717926844,0.8775255831008013,0.86544601619992,0.84090487304842,1.113333598213349,1.934393589498837,2.598546535842214,0.9722894871322776,0.9687329382262202
UU,FMC,HH,0.8635708730208481,0.7934869533790808,0.673021400208677,0.7394134713821469,0.803274395451034,0.8953551875629792,1.00558807536857,0.8891497881858715,0.8739169946382602,0.942544583779257,0.8995637661839676,1.088687217460077,1.12336871798801,1.304476249188671,1.384761915379541,1.279630935791341,1.062193801091131,0.6931884523642433,0.662989267674652,0.9465392317926452,0.8945780912382563,0.86544794054524,0.938185786127187,1.047722864239187,1.147173709693649,0.9736163200745308,0.630968692314544,0.7542708542723183,1.193107489775224,0.7637493919806077,0.9476328154800238,0.380576894856368,0.4372493619766671,0.7772390012475332
UU,FOR1,HH,0.7754633107135851,0.8391020691958854,0.7236840002200873,0.8767346567704802,0.8302981168132058,0.7775676032886534,0.6368082666708403,0.6781930041703221,0.706155663827121,0.6358354519632331,0.7437704716781234,0.9375294414884608,1.160407445704667,1.284964904091864,1.24930486826207,1.077906600784222,0.8970064615293142,0.7555244927857225,0.7158916643468618,0.544334205820285,0.4739574429088531,0.4488908264343142,0.44203749298202,0.4339407107028591,0.4886327516426851,0.5865052126860001,0.7344530813354558,1.122521387921913,1.994144022972376,1.376321302204082,1.148200273113208,1.033651248860247,1.298871644932736,1.725850273241044
UU,FOR3,HH,0.9355089770572744,0.8692124622865847,1.146789703781871,1.265245922783299,1.127640798795045,1.14932525601825,1.201025607559569,1.348210711006886,1.647344314927991,1.479209683891052,1.615259191741846,1.81180280230838,2.019547239663531,1.740693625934947,1.557963476737859,1.39511208592096,1.354665152074267,1.37067347565059,1.455892636990659,1.182023569420424,1.034822646629558,0.971366175818477,0.8472987175927426,0.9347257896476164,0.7782665347686676,0.583483380339925,0.5712870443797934,0.6346477930860717,0.724047749876622,0.8002137300957334,1.000451708600949,1.176644225869472,1.49964149046714,1.085637041378412
UU,FOR4,HH,0.9644144861093726,0.9993397873126424,1.309979321587106,1.500218069144914,1.333559329892333,1.511114105865093,1.833669460570099,2.319153513301211,2.889427851961226,1.391985316338232,0.7993821830592175,0.9680321680062444,1.228731830853644,1.193478686376215,1.160577431736006,1.068508531009994,1.041944224833572,1.024356545866559,1.110567668110546,1.007598439908508,1.21084872286645,1.143233861423355,1.026593464063882,0.9058912329192886,0.9866477442992504,0.9500540767142376,0.8046784154228737,0.6393349836949207,0.4919700119100723,0.3863855279189143,0.3639924540286771,0.4528019616106603,0.5524901428841378,0.9133884737046856
UU,FORU,HH,1.120930714990041,0.9836084390634022,0.8257643507166866,1.00045653812947,1.091808469739574,0.949932853920582,0.7924588199203778,1.124600847713808,1.099485036979493,1.015026559366324,1.056120773318252,1.32467021728654,1.664414309857577,1.499991900111555,1.511402976169483,1.623068552208613,1.701507033563443,1.85411235432443,2.533413158369744,2.200072008639405,2.539697633797835,1.560351456808684,1.525137650349333,1.765453899783532,1.240614579763912,1.073493486563196,1.062976889562485,0.9460053104083754,1.017392769329119,1.16822255446633,1.233815703105081,1.099896169809477,1.677287683949333,1.384675957445147
UU,GAWY,HH,1.235718170880731,1.138433321561405,0.91228944876402,0.8929459767797574,0.802149438960814,0.9801531620080292,1.136411222794303,1.010585655980102,0.9209435361470704,0.9780071723842558,0.9121925621550312,0.9978334826234716,1.410829266463577,1.523056222469116,1.516608380961416,1.72037976184451,1.646251711406701,1.447558469876043,1.783954117980916,1.809146610316864,1.370745561017043,1.602325472063942,1.461069680515733,1.313831064541538,1.412087369043879,1.612393366089463,1.219780993801071,0.5715877533914936,0.4567414443854842,0.5362597986042493,0.5911859229165689,0.5330862726247575,0.791467199922761,0.9508392119601892
UU,HMU,HH,1.129919200816391,0.9864174281612856,1.026884387393709,1.025250528498735,0.9461709481806893,0.9555152285309976,0.9905327576980169,0.8521857895209018,0.9490847490162392,1.083981188655976,1.227491891063199,1.454772500657181,1.389812512798627,1.618737957097118,1.82758811682954,2.132090234327416,2.182186962462247,2.46093757004291,2.257900910163809,2.134391321821549,1.959408535241326,1.849668158852183,1.839098210501154,1.751568485238782,1.625655284506684,1.715699969322827,1.759949984674412,1.809043696152545,1.621555932040607,1.466295243082148,1.258406509667879,0.9751169616141024,0.9842993092413668,0.9254642454952476
UU,HVU,HH,0.8191643441617236,0.8334295996581775,0.9039028724696138,0.9287699181721027,0.8713413154989967,0.9037171101720848,0.8580349915511727,0.9250418052993176,0.8264703479753227,0.7729801788836232,0.7122463910232852,0.85614638841603,1.024941418374958,1.94572451331639,2.014284940718656,1.828238410237202,2.383797674373366,2.377661061698916,2.488801606501173,2.318297353871896,1.581914239041772,1.322018675153368,1.290157900770194,1.332964106966453,1.441847413786804,1.641621167855109,1.410227991975212,1.194015798215332,0.9868416101597052,0.9084758295476404,0.8377529523366757,0.8129122458152453,0.866200727662269,0.9389443650255213
UU,KNB,HH,0.9959545056188508,0.9251484588241357,1.026207865986535,1.083357283642867,0.9663435055522884,1.082166166817125,1.14229388736929,1.000559066989653,0.9198000230273196,0.7187335722267394,0.5129398166698812,0.4535650979547807,0.517012705334413,0.5134376758904299,0.6236931280105359,0.6907770007654032,0.637070454266009,0.6442847883042414,0.6887971455678248,1.298567025569668,0.9689202916648209,0.725814840769663,0.6698690665299641,0.7286030254507349,0.7226073298785607,0.7863334445924978,0.8759467569736967,0.956922590661952,0.9671579974125072,1.007126324024621,0.8369943329957962,0.8453228346946832,0.9957543776759544,0.9234671426219616
UU,LCMT,HH,0.7854964567757228,0.8211437656414144,0.8586208854317696,0.8216008926344827,0.7515270467953327,0.8063864473652178,0.7154480314475304,0.6658350010219846,0.6151988000417543,0.5515595306995601,0.4763057775635135,0.5641616473062584,0.5012579745454322,0.5727702805657908,0.6967935537553803,0.772243848688779,0.8023152647814439,0.8489379542545121,1.024610001095178,1.143753284996966,1.343306372677863,1.655894140223618,1.719077571693802,1.219196287903577,0.951147791115891,0.5979656565476535,0.6199162139125659,0.5482925847713744,0.4997900289942676,0.5948222815627596,0.6099107212610732,0.7491460298090279,0.8239417576414295,0.9094204798710614
UU,LIUT,HH,0.9401015640012276,0.9258339353642376,1.042449235111197,1.053791595687338,1.082401752459236,0.9947326645666448,0.731560259836917,0.8393873585759383,0.8101697836864274,0.651087437052249,0.8652505000000348,0.8509579973066047,0.7687977405895038,0.9818679178915696,1.062336767150667,1.12034801979529,1.403972244934478,1.812639292123841,2.069500155927442,2.351431349034468,2.052420856520617,1.866821047165664,1.579180412005305,1.617272088762394,1.458579814576237,1.48822251527482,1.913021795859029,2.294448817877041,1.469941659104892,0.9631280564745324,0.9764305471703912,1.140680804338849,1.255447987061682,0.9449452084451472
UU,MCU,HH,1.187676614888702,0.9808093258221952,0.8848917008707603,1.078616647619624,0.8677481686655915,0.945678443611924,0.9115277054969876,0.7948505308019719,0.7468590013808702,0.7986269040512496,0.8460648805847206,0.8475324177075865,0.9212099836749584,1.091574013985858,1.250416446059028,1.324840325057469,1.646181888372279,1.740452444681322,1.829025280026405,2.07285624640703,1.736425549116372,1.580115020466723,1.359461171254627,1.303150859781409,1.494365111285611,1.524603741915617,1.67469583053182,1.918819077769124,2.183066905330847,3.846612402565043,5.719639272210115,3.762721692817506,2.483202786626924,1.078652418298357
UU,MOUT,HH,1.609722581348006,1.241223966027961,1.220113483463556,1.048329020047991,1.083157092814337,1.129544697906112,1.051691701765959,1.234829916497294,1.280520071610549,1.557222505625863,1.750099317429679,2.046234334845429,2.092310169233762,2.041701809822627,1.89811641151669,1.494060064475903,1.339538471428588,1.55820475835324,1.484856637138781,1.219776189188259,1.110017527778048,0.9913165211871308,1.067559572781924,1.228714469081897,1.217126818995218,1.084939531657496,1.109301940935845,1.190671073784261,1.479595609304969,1.93151915020688,1.875925973403057,1.706534546567766,2.054059142291474,1.132983052278291
UU,MPU,HH,1.17067550936728,0.9231407305831052,0.8324295520077157,0.8554609481911692,0.853793007470555,0.8772088498615649,0.975545417675189,0.8031072722476391,0.7059405840629023,0.6745864324366009,0.7251438184529883,0.73382749921436,0.8422005775134489,1.086618483311696,1.132097467071192,1.135942305878147,1.291705461902403,1.355983032131261,1.267979263545373,1.303394039717042,1.356301540756091,1.260223431660179,1.109842836684245,1.150011255876009,1.320490907352371,1.56933377306535,1.483526502955465,1.049387876291736,1.271494600309123,1.49996885403672,1.311768300126407,1.267653847313529,1.27370711955749,0.9307976295628532
UU,MTPU,HH,1.273284792798484,1.095894052033706,1.086627396861596,1.043048823281509,0.8264736764783913,0.7805695327828499,0.8143855841869712,0.7636664117982324,0.73517740484476,0.6976783270752769,0.6957992413385697,0.873481504795762,1.186773933874358,1.156041889552836,1.192017278713393,1.200306092617397,1.207668318965632,1.231049312084574,1.257511441210429,1.236649456480496,1.209305040808429,1.188731884324621,1.164641074924219,1.182581607222086,1.17717402332898,1.195843341855415,1.208227002393309,1.088671666741027,1.053548142179711,1.075409722328718,1.039585970695272,1.16049749019889,1.189072968740431,1.17361112997407
UU,NLU,HH,0.9026363001134556,0.8682245782933746,0.9403589640075756,0.9604626697325834,0.9720724569802692,1.001733555295327,0.8248806955809325,1.019957734740513,0.8602642018494056,0.8611584378488412,0.8672243186961263,1.016636771411265,1.10051864765797,1.060574830630017,1.35518083127421,1.108031119397073,0.9583598241954232,1.069627289503441,1.58741509938715,1.137018650021516,1.125954561168124,0.8965321459423473,0.9024308049013632,0.838597724300653,0.7050974057997155,0.77461977000361,0.7653351967863599,0.7745386034562887,0.8219165326204728,0.8169490840159432,0.9236578029898436,0.9345504046908736,1.099446954239546,0.9258084897141972
UU,NOQ,HH,1.11219947845988,0.9782703773777934,0.9831849400643948,1.009998482922767,1.153113991634795,1.162039463513198,0.977468902116549,0.9358449932648036,0.9279008667521176,0.8551645851585165,0.9254661639785384,1.224041942599393,0.940809585573585,1.220984664633196,1.222432868263704,1.093168127234516,1.071597678965214,1.052890669977665,0.9901390807497792,1.28794990640443,0.9884498734511984,0.9833047643820716,1.170808021313951,1.335681049530655,1.567578872794493,1.379528761293411,1.261182711716794,1.463516883960444,1.444004460293613,1.461411725962634,1.223862291224621,1.236414319784146,1.217056488247031,0.965637706850681
UU,PKCU,HH,1.643906890018904,1.825865071196129,2.329673927012164,2.501036094255804,2.051504281000802,1.331216852160716,1.082702900110518,1.01272136364209,0.9385064243895074,0.9547900681274328,1.071565583674531,1.251609094270555,1.192260578063368,1.493557599574957,1.974274249854502,2.042118025604019,2.679108582638468,3.561813937772102,5.294207774625643,3.883334473929323,2.252223185120171,1.555510884064105,1.271157840424778,1.075235289272543,1.036940103779284,1.093203158835508,1.115370309777948,1.296985892674642,1.438558109533415,1.305509814643331,1.302224086948352,1.414100830157906,1.615535761041129,1.479146218947438
UU,PNSU,HH,0.9057355750849526,0.9331305290724224,0.8015041665591539,0.8921498112484414,0.778509007769206,0.7351719896861683,0.7203524411706312,0.7657423803926678,0.8832838589240337,0.6655744890635551,0.5929960334253501,0.59405545072146,0.7718251313354086,0.891991367268752,1.044437946071278,1.076370932828732,1.032506826002318,1.122484852865397,1.074954655773307,1.161276083939215,0.9715840596734132,0.9673899902998088,1.069326768374566,1.038668710173658,1.026002592509992,0.966180117446408,0.9535026763996792,0.940080006995579,0.931485020065447,0.7857139886635406,0.678922729632021,0.6701391925116126,0.9022602897447364,1.273389852677944
UU,PSUT,HH,0.8261277144187408,0.9053810384648824,0.9842974025909278,0.9618792088229756,0.8933957121299045,0.9416784189900728,0.744442989778888,0.8453354448583384,0.9398221938376868,0.8743087504981595,1.051185955228695,0.9185379624914604,0.8543544114242927,0.6725847655852393,0.7051778936081483,0.7466906886418412,0.8177452311813546,0.746288400144307,0.7285633121241686,0.7125048477831133,0.7701307849707508,0.7473652418947461,0.7694873226061661,0.7872707763687162,0.7919998721533685,0.7857849518941122,0.8249839841780746,0.856198591884502,0.8661512650402523,0.881500263952571,0.8793271532048551,0.8747499806711356,0.9023920356194268,0.9441518310795348
UU,SHED,HN,0.9216950163611124,0.9132758682792468,0.9720368515091764,0.9907763901755372,1.001535469895842,0.9360296506974692,0.9263018011749202,0.9199613578897866,0.9364847844981748,0.9141008110016684,0.9545451106962064,0.9452389694772798,1.027688155868046,1.235633683296538,1.291617204652117,1.05512000809315,0.5540717061875459,0.4817801934943053,0.5019215058114779,0.3827537855437431,0.4027660534152235,0.447197535437748,0.57708218588836,0.568940476217754,0.5502111942811458,0.5408707976653861,0.5242240081989393,0.5802497359506733,0.5815586235579088,0.607960010029597,0.6785835773626662,0.804576729646276,1.042961225873636,1.099513844827245
UU,SPU,HH,1.092845958314994,0.9804427027025115,1.013100528359845,1.071009516660364,1.087280642956677,1.052243912281077,0.9225305607300124,0.8252862498959501,0.8930940256204524,0.8472552779576926,0.7039061874956598,0.9017853916170974,1.219394839496073,1.511900815325663,1.632168269605322,1.385822522051911,1.457570410478776,1.635138110680367,1.8251841100748,2.262972835951864,2.671993613023758,2.482500070909812,2.046978722597564,1.815519798361362,1.531668677628585,1.30168820625067,1.372674395116925,1.301137707488615,1.349498525611026,1.80456055018599,2.022873547811417,3.259603909577259,7.543499945793301,1.291658926611779
UU,SRU,HH,0.7569637275036207,0.7615211846624156,0.7919152571638384,0.8885849900834023,0.8727406135334045,0.8384391694942795,0.9737138493502664,0.9677312726759308,0.8630235127357987,0.8618915030582408,0.8895035363191256,0.9476766251165604,0.909838682470895,1.160878525594816,1.035247175382708,1.008505970906064,0.9853409704581148,0.9769499251517731,0.9790414076011408,1.024578462987471,0.8749666049293907,0.7736480325671303,0.7957919997477496,0.885821323951743,0.8211882366418253,0.7585724055808473,0.8096291313455456,0.8312909826239349,0.8282673178461538,0.9101298542653784,1.014679980225478,1.367585259541212,1.49876844219818,1.025197133904591
UU,SVWY,HH,0.8449473665746394,0.7822690812150003,0.8581345472469669,0.9083127726504284,0.783181069964489,0.9286485749840544,0.991591271300682,1.043807804375928,0.9147641965701984,0.9174587112480342,0.8210093334129794,0.8935786263835032,1.099608394040587,1.210118970078408,1.24225662470027,1.470025928705065,1.31936080319117,1.05133461956928,1.145586175549558,1.21644041939716,1.42019220278329,1.82210322702897,1.559923183199987,1.518160472811527,1.325787642457037,1.089459164987114,0.8179824867253768,0.493694223388203,0.3596519613395648,0.38793107641831,0.4403018594690979,0.4193247567002139,0.6239331396945232,0.9397341980390816
UU,SWUT,HH,0.8506679191483303,0.7728820626042598,0.7722922166707278,0.8233861920763007,0.7975442420874634,0.848148299701263,0.8104166559603827,0.6504795764402749,0.637410184138457,0.6351510895651362,0.5447464313816712,0.6173820273026687,0.646729062810353,0.892396812053513,1.102068526277894,0.9752583305375312,1.010011557633858,0.9890956580949876,1.063754141524663,1.127651216220581,1.12734580072048,1.111979788784494,0.9912809668983492,0.9426393052885992,0.9300010982434136,0.9239911328914324,0.9298449342960842,0.9287871430846512,0.9371281107374104,0.9388815902734264,0.941074797472828,0.941612951988702,0.938585240668125,0.9393885633622012
UU,SZCU,HH,1.092408483099373,0.9886727312334552,1.003517421133064,0.9306721978371464,0.9599194791103848,0.9096960404632788,0.8278475436070081,0.747387001833511,0.7196068836590869,0.58857436191228,0.6589497416290175,0.8054719575814117,0.8824443061540541,1.049796496410877,1.070129199785545,1.027461187440669,1.207551944710031,1.460040996218003,2.415517637010812,3.339218221355397,2.412933974066239,1.07143663412896,1.153669457257069,1.144353079568375,1.127999863152274,0.9625280831015944,0.7211183396148537,0.6461419668721585,0.6345817542257367,0.6871511747305946,0.8575712143704523,1.097189475600025,1.189325712282066,1.477527964223458
UU,TCRU,HH,0.8862244153272739,0.924010346119465,1.161188727330807,1.176312830811365,1.167037588076219,1.223913686853152,1.039060229026724,0.8855808544837145,0.838247960098387,0.8072137187949371,1.111663695183446,0.9684544503293232,1.029854622654583,1.024618544982118,0.8718976028871915,0.7707652699302631,0.941921770511294,0.9458521685716664,0.9744076631236877,0.7901632545948344,0.975497064307978,0.9319473578311396,0.9411343706118,0.993917856381804,0.9775080104840184,0.988991237976766,0.953338427807283,0.9249573218681216,0.8709826257120564,0.9220079738816024,0.9414869751013092,0.9568461535318435,0.974703499504018,0.9618449461540604
UU,TCU,HH,0.8926846315144543,0.862835853676256,0.8576089823131304,0.9753100910079628,1.156634045965443,1.19455257322651,1.443443365261029,1.73931381976802,1.667973422087369,1.398324194279587,1.258531792425615,1.677155525108373,2.056725339931644,2.386158929396093,2.737978889586694,2.587300714974185,3.453304910857714,2.321923910349671,2.26277016071877,1.618366984240372,2.115061673681256,2.054931756501406,2.391478083854558,1.727158412196007,1.669186274123953,1.885522729173004,2.112491176511249,1.874273302950074,1.579391385193055,1.332307070575558,1.185559548917592,1.186930257347277,1.371955240502708,0.9855954909417728
UU,TMU,HH,1.175447162266773,1.234122767440384,1.307865511243655,1.106668353786904,1.04700347027629,0.7875194174127944,0.9307788118397622,0.7730665613147993,0.8586162592222746,1.068953543591574,1.298325927431854,1.288135457963381,1.499884370383862,2.019942588297584,2.469191573658152,2.26910534917563,2.13812522584931,1.89730423649377,1.956458123322253,2.594927227992789,2.602363422606858,2.429667259731509,1.913975730869899,1.239717570504607,1.329639082456018,1.412510822115381,1.20944525816373,0.79384965015263,0.6082253330610847,0.50817833573156,0.8265719429729202,0.7843794164770552,0.6737592131187924,0.930763195037444
UU,VRUT,HH,1.065748490681476,0.992024389752784,1.040311733650975,1.089889840904656,0.9683728721751,0.8730403628153367,0.8521443529266876,0.7675086362876903,0.8188888540809452,0.740338891465128,0.7002631694443008,0.6015353433784411,0.7356111552180642,0.9396932472494222,1.049536490537928,1.107878607699295,1.117396536457975,1.204707812178039,1.301513397652865,1.270384146151736,1.229027806195458,1.28075863878391,1.180255036580286,1.310096704323635,1.125123197763225,1.249070299517177,1.350491893119618,1.493466947230674,1.147281511650389,0.9370032598108604,1.001200914245704,1.062828785971168,1.137017274122393,1.10052578034576
UU,WPUT,HH,1.414271023115918,1.289695332983698,1.332427715378624,1.374595880010921,0.9172793907410112,0.9755536377434396,0.7658688447125286,0.8508930178341143,0.8858014396289532,0.8939531055376304,0.9295374226074788,0.9713704744353518,1.223383814527116,2.132867111691083,2.627611770902305,6.440837766224244,7.248155605938489,5.194299608597016,3.501497032769552,2.650706237216513,1.720107809201615,0.90082828882101,0.6935623752641067,0.6307150653626554,0.7795845368036052,0.8976084661257092,0.8569045193613383,0.8099431790697786,0.8602662767758853,0.6896279317852664,0.6495963516537462,0.8891523508752585,0.9965689094919068,0.9503256763517008
UU,ZNPU,HH,1.125089900054919,1.080107012867219,1.039803193399804,1.188062461323655,1.134818187644375,1.199797077574958,1.246564834016094,1.443399205580797,1.456953329073785,1.473863722778854,1.52390941465026,1.838445454072779,1.18017538241625,1.268089250984112,1.493959924840135,1.415468056893943,1.344451184354956,1.281822188704524,1.30805249232464,1.213839296775163,1.241690603014891,1.161989588197486,1.109515747471475,1.124496083803902,0.7840745389803874,0.9182574523830666,1.095850135852749,0.9110199659262624,0.886240560521738,1.079368407938693,1.529076567315009,1.296249681951271,1.283701995089255,1.293607303127417
UW,ALKI,HN,1.255899463807143,0.9521695634564202,1.222109538483941,1.491161487630245,1.478537705636055,1.352456511375905,1.056542948450645,0.9950311302690136,1.109438459891836,1.056391938074603,1.116735066675318,1.019749911924503,0.9013127970479426,1.01245337884617,1.094237962273166,1.081473165224291,1.108579591761802,0.9894269751583276,0.9160590731527122,0.950619797360158,0.9260115376925956,0.9884652650457258,0.93117957094481,0.908875086767184,0.8972327197025748,0.8243186650842492,0.8738540333086221,1.0937582040437,0.9642228710803088,0.8673308228734048,0.9400820084608856,0.8117437249860298,1.021580673674435,0.532766377212608
UW,BAND,HN,0.8205054653049001,1.012244712144494,1.216175812737831,1.069112402374272,1.002260608284211,0.9464658323325318,0.9293931590588552,1.074048277325615,1.092224895159385,1.08318979477363,1.127517405840732,1.21501827090457,1.173996803444141,1.189427638147577,1.195395547258765,1.185656191450831,1.183002031893204,1.261485695720526,1.383035432821224,1.402405230146339,1.217650166766806,0.8813113993062848,0.6536750046007604,0.694431490606667,0.8415520276109325,0.7553911250937541,0.6382605791536456,0.738416189675043,0.6483398548070254,0.9814448036737988,0.6505070433252075,1.042215828045144,1.242252015040605,1.059071239921383
UW,BBO,HH,3.210622474433918,2.04777932928828,1.929252740636184,2.31903528596886,2.44296630356468,2.065872534807677,2.317465115155759,2.72704344441012,2.572268721768773,2.507940664207288,2.213133266025272,2.052004703153187,2.449899394165258,2.593039624238681,3.252733453562422,2.949972749952334,3.231786742684179,4.152759306432931,3.527589033404814,3.528577277217495,3.390487473441597,3.378085306614331,3.088749259633443,3.099401725573592,3.224755920167008,2.606313478885081,2.557803278537215,2.301573297199666,2.263453372296926,1.896219085200642,1.789185411092489,1.040182684148516,0.8626481593235742,0.917562827601235
UW,BEVT,HN,0.9355386492989476,1.625868282433685,2.77913963654962,2.263173167341645,1.747978544385657,1.379062637758727,1.449821199045851,1.009298466786934,1.42404382546342,1.086269530480001,0.9545162249432604,0.8858987691761723,1.008862318414065,0.7418349220245359,0.7252102701868424,0.835661196614289,0.7387296452471078,0.7747639535114291,1.376428568616504,0.9427331761166164,0.8148630962917335,0.8038211210172497,0.8683081904225649,0.7028557413138192,0.8141163768042642,0.819376994365931,0.8001033354645015,0.8183800285294903,0.7061104015149582,0.6614264023170102,0.5988022176545944,0.6210026655276649,0.7954893275716532,0.7256212697867993
UW,BNG,HN,1.019483149818178,1.260276806090837,1.38828874972457,1.437181137485571,1.39198075455204,1.248128414118477,1.312966111429658,1.384706118871984,1.476923097483107,1.290272882761615,1.369863848009004,1.629503035787169,2.701138223704608,4.534348100531243,4.093889791757995,3.256672641994732,1.910176998936373,0.8726152361537162,0.3746437787257903,0.4721361576625628,0.5393623548893115,0.4663775265713882,0.3659503520819986,0.356873735725312,0.2849715917359853,0.2473771255762672,0.2363013661636801,0.2152007643026284,0.2253806721615081,0.2443238998070868,0.1568072527874299,0.2014226838404865,0.1870007662927411,0.2041209123766085
UW,BRAN,HH,1.007414037815611,1.057782187953579,1.018930045771102,1.072695243976309,1.068495258274603,0.8761230683628929,0.8464728299092181,0.948566359382632,0.9032875618751288,1.255221033092378,1.411951600550945,1.327503607190043,1.16704203475141,1.175446873688394,1.336976263055901,1.401938488288335,1.516410385283901,1.994462196831126,2.850592818038404,3.855140062265364,4.428480853028017,3.19726348099192,2.558216858457421,2.28799214074853,0.9743795920063968,1.017580387260598,0.818940973951691,1.054177275696317,1.228249342715931,2.033645667204981,1.328082298228285,0.8994544044346466,1.756065341886792,0.977183053038855
UW,BROK,HN,1.009814825944382,0.9149608604061183,0.8519651703201685,0.8236531190297558,0.84995807985751,0.9456142115545206,0.9981794247656148,1.007114473464092,0.9819316188046536,0.9510258025914788,0.8239103088181651,1.208362907883705,1.051055514934747,1.031732705646522,0.8749163241315884,0.9330778951209744,1.044882234611843,1.117524267030136,1.204950137187025,1.614234587665333,2.03952144335603,2.428317065467609,1.674436386265323,1.290600903536667,0.8833712601326762,0.8708217727457582,1.258779415216164,1.59179882562544,1.899243941046735,1.606075237291581,1.344845742272331,1.164484646723236,1.104006187819023,0.9188489662694752
UW,CDMR,HN,0.9071291016178612,0.9231015517433976,0.9925294905517296,0.9665331089711726,0.9073842341576271,0.923543223134369,0.9590747919572922,1.049375275884354,1.010712365405478,1.074019663864317,1.033641657430101,1.074804488931274,1.799461475224761,2.226625130561887,1.862684216349365,1.222949651605765,1.062816043696466,1.120850866048303,1.130801610755301,1.171334682983943,1.144971097538934,1.197149358736556,1.203685401583662,0.9323307518829036,1.002667258815046,0.9059315910293004,0.8308484603348993,0.8536237819511431,0.850223628419082,0.8467800494776494,0.962192614888632,1.23775429772721,1.462819093226552,1.97620852838941
UW,COUGS,HH,0.7732872317743306,0.7788476490332285,0.8854556403849093,1.018175347441181,1.007455819636877,1.223060854736396,1.294976789423546,1.236532594495975,1.37982976821521,1.21039754384733,0.9674574163887636,0.7808383509640198,0.66921890669247,0.7388914479912359,0.6815014637410848,0.617418417917021,0.5530196045281096,0.6038810010589605,0.8330618751666794,1.152175607754333,1.644729170247817,3.084331276119433,5.822416467163155,2.364456049057427,1.001921774613391,0.2428571671934231,0.3844549734626702,0.6662036539222053,0.768507625924113,0.7834630840095277,0.671034984382212,1.002718256385875,0.8243085249809464,0.923292753635403
UW,CTR,HN,1.129938583882938,1.167470145454298,1.214370348764749,1.437869750822629,1.326663872026861,1.238671755276654,1.238462021701029,1.190226969985265,0.9684058634487556,1.186738584549819,1.101806997240517,0.95163208520983,0.8001191678398277,0.8714191754865778,1.026464495261078,1.137204612130557,1.240524982568571,1.186033181943396,0.8919852940991584,0.7651318826612675,0.7400227739343983,0.6467503354999375,0.6940790833984033,0.6872938548850477,0.5275269356221866,0.7599104078356955,0.7564800377994713,0.8514445885350808,0.6845227680876264,0.9690688222944454,1.208613741702817,0.9631743415745898,0.815834279553898,0.6261369116643871
UW,DATON,HH,0.8673530410746053,0.8602099035811447,0.976473067181003,0.8899104275005152,0.9216070106703615,1.007157287523969,0.9660415416170436,0.9529669927199844,0.9790589293286311,0.9735634329940044,0.89659425507386,0.8312079869349085,0.8285280649922339,0.8828660991258078,0.9401202790922624,0.942873385810972,0.931959577645556,0.9306308703344338,0.8745721749766985,0.9381997306340432,0.9689922610489684,1.023317175463054,1.127999223479698,1.26620325369607,1.388389454969954,1.32711627864101,0.6189890431797298,0.5903083228795996,0.6736442691519434,0.5468521147718532,0.4719132775805782,0.5769379832932401,0.7260600173368225,0.9256795773579042
UW,DAVN,HH,0.8085357852364761,0.7259595629907833,0.8233553105575887,0.8320196658706978,0.7689126200087633,0.9070956657233564,0.9079598873058772,1.077080136891656,1.008699762484598,1.051673378011802,1.064834820339004,1.038007391183504,1.181722352531007,1.185141910567475,1.402363724583418,1.495759113252159,1.622246279105994,1.984928061099062,2.680505774887199,2.015192035356848,1.976817095571602,1.370858050685137,0.8947488361909508,0.8982820469095893,0.7178136078412148,0.6872011656027891,0.6433397217098169,0.7469077606580199,0.7870856305427771,0.7676874717699277,0.9393135692217356,1.30673595512532,1.641314692192418,0.9514403861038004
UW,DDRF,HH,0.8045880848830822,0.7328862570165935,0.7858364434050654,0.6742919302560816,0.688847174980783,0.6605882870808851,0.7546639263073841,0.791243735601592,0.9079862105573108,0.9855602558529803,0.7922799120613069,0.7513211154840426,0.9057622395768238,0.9220062491763132,0.7848656022086159,0.6686637818075118,0.6940984634405913,0.7292444061928764,0.8374089289744009,0.861320924306376,0.8883727112719008,1.264613941105034,1.375199776433362,1.273807523815226,1.095152902990443,1.461164711700617,1.471546052498154,1.218676909686976,0.9916695576115822,0.7844660418043622,0.4311474267086493,0.6048367370468669,1.062031217015745,0.8923284821228071
UW,DOSE,HH,1.004361050010868,0.9232953941879354,1.018976072719529,0.91837404193228,0.8014453088797382,0.7805502167025303,0.7955820316130237,0.7691777861417121,0.763489484553797,0.8773512636439225,0.9470187931272358,0.9045563771073896,0.9475296165977296,1.094520187237684,1.271422063327616,1.674506672970046,2.313049072645621,2.749824803774247,3.403740181241201,3.719675072178017,2.651849547373499,1.785740753716452,1.194193431178416,1.24067669126364,0.8219923793586352,1.001135397192562,0.5980246734665371,1.030837458392316,1.10762204587796,1.370080791795536,1.067102562448834,2.696186121570616,2.956320711439335,1.358961106007508
UW,ELW,HH,1.051143075364143,1.043317376734541,1.054619365130161,1.097670403947407,1.113414062919799,1.121545233073456,1.061496588666593,1.189067841103654,1.280293967665134,1.293171504731199,1.246662188976305,1.245508903612065,1.089619167828479,1.332442986219617,1.398650842185174,1.796802502967821,1.558322360870025,1.444854865992645,0.972579399701463,0.7561019724500344,0.9665119174920874,1.092464648933939,1.228629962105659,1.22691136511878,1.013235567639542,0.9350730371288796,1.251309825214808,0.716743632162795,0.7330491026449936,0.5002319974759123,0.3479663631955299,0.3189382483104899,0.3194563397790808,0.3278243483765775
UW,EPH2,HH,0.9014256431907814,0.8353353534685599,1.012558324629837,0.9543134038153076,0.840561468182541,0.9928681723872416,0.8137752712799614,0.7707835574689089,0.7513841530982034,0.7047498282444539,0.6588471040344682,0.7250280185213035,0.8477598098831041,0.9576433741798356,1.052674479471921,0.9456379218102406,0.9206527625137526,1.031012913801829,1.036631520728374,1.077539328113538,1.068142620866257,0.8503705490117575,0.8249723326402487,0.5416728756868747,0.3905558862302844,0.2270840474556714,0.4825558825799873,0.4591090838096871,0.3943592126590023,0.547196057201387,0.4160905147975053,0.3823613613624425,0.3154131176844617,0.8617509666482387
UW,EVCC,HN,1.035062327641293,2.741743066592939,5.622628368842727,4.043850699601335,2.587423828167569,2.046271965140053,1.832739660455654,1.292615054502255,0.995354153550456,1.083095633749762,1.093905720842626,0.977621198752534,0.9431909906005984,0.8321365565387188,1.15131204403521,0.986561377327088,0.8179428390814785,0.8874303594096256,0.810220741010065,0.7661206018283759,0.7870892108635205,0.7520048411039434,0.6790661116582531,0.8576329518410533,0.619303828142275,0.5210583071814274,0.6342325989145706,0.4810710452141403,0.7468321081144116,0.6236124744301292,0.7817107379422639,0.4985914206864749,0.161004923630138,0.2396920428148744
UW,FINN,HN,1.194958375771862,2.043692758930002,2.102715288988381,2.168565657974097,1.813135546703665,1.335870817897894,1.256493179686817,1.104261224977272,1.127911374760623,1.093702696158564,0.9958021358845832,0.913501274633251,0.7772630532011385,0.7907053021503536,0.863093764716128,0.8863027223713319,0.8850532981192516,0.9309081089912796,0.8916949095804558,0.9038659430184508,0.8597116594619513,0.7594584773167703,0.6988619858580523,0.5785762584103791,0.4103704540799319,0.2694670186021355,0.3650025705173836,0.336986325262694,0.2700036081684417,0.249489220140886,0.2045176558368885,0.2786514109208216,0.2365088314890825,0.2008544313567212
UW,FISH,HH,1.319197105224884,1.304335400317406,1.323189777784023,1.500911899738685,1.491265494590476,1.463173816759956,1.378179111991377,1.153492774083683,0.9768482448641302,1.078626447378992,1.37223367576103,1.566712395188045,1.67313050165857,2.019484543483248,2.094231340767454,2.316099546226822,2.593071112507415,3.055928298363692,4.298093077065661,3.391270060862493,1.848885176011506,1.034310631155955,0.7451282037646321,1.179050176586232,1.200429173462641,1.042803567693317,0.9817598967652926,0.924857078467634,0.8858935162764379,1.056749625733041,1.073274140439341,0.8539845326526981,1.074291471038439,0.971098074709562
UW,FMW,HH,1.760952146498157,1.040290727320693,1.097194248622162,1.028433415255164,1.041254591350176,1.15003947721913,1.099030720724351,1.285624069182452,1.176253339677885,1.294190779124359,1.188794453079119,1.227844332398339,1.513140084295758,1.782266896632324,1.874716549042366,1.996297760588533,1.979925920621509,2.309698955389557,2.260681071508097,1.44707493663434,1.367869148212595,1.447498464564352,1.622841746770426,1.324360839377645,1.247218169050928,1.325068596285981,1.468563748350792,1.298165703721039,0.7922332270018678,0.5157427591505617,0.7701592070198363,1.47390504888707,1.515568261207984,0.951481039541516
UW,FORK,HH,1.749574963657056,1.16506845906641,1.322650652509908,1.019148303983144,0.9867105491296476,0.8553731720179305,0.913086371513371,1.049745396181671,1.118578306949112,1.111831849715433,1.069779643266711,1.175295870061703,1.285849446936509,1.346012000090844,1.297172666946661,1.40383394298835,1.489105386432981,1.391621477823669,1.253385167898002,1.241836744750812,1.015642773368974,0.896697162545026,1.270390670987561,1.430604560243459,1.696147272098465,2.887270306255774,2.818487310477171,1.539455199890097,1.185005607399111,0.6481630468364886,0.8317291488649435,0.8879767433321996,0.8954013840129863,1.013657152920768
UW,GBB,HH,0.6739946896319174,0.6415619202410399,0.7280636520100155,0.7060038012288645,0.7323254990292226,0.9082853564101429,1.039119749574439,1.077011448241694,1.049421480395703,1.025479326723597,1.161949948570768,1.300823066359337,1.229591814978618,1.031866885333139,0.9837652384700424,0.9129193778481076,0.7881952026928103,0.4995335996759867,0.6727451732645372,0.8330838290144351,0.6502282276481651,0.5417979395010918,0.5045217654096514,0.6392157967008859,0.7819761016862262,0.882193492658951,0.8978660141998902,0.9108897896788596,0.9161521842898456,0.9241978905772132,0.9310784080801005,0.9333606118005544,0.9327418625592142,0.9306677306888664
UW,GNW,HH,1.292505924621804,1.224188312536926,1.383241121851008,1.24796654557823,0.9409737931088537,0.9583909756189803,1.084776329150772,1.194523531964193,1.146839331640108,1.138156506992532,1.12804840553378,1.047706730118216,1.04706159130767,1.031496022052574,0.925034591485082,0.9074558233767408,0.933659129522526,1.101230988494491,1.068454315877587,1.066093487379169,1.064142229839586,0.9303638609655662,0.9207582659643816,0.8808144301209018,0.8136057188706175,0.8368219769526228,0.7508787500874362,0.7823723225803362,0.6509141790000578,0.7208861251621101,0.903209925036725,1.185302704380342,1.038943310289987,0.9445195748961586
UW,GRE,HN,1.068876734601114,1.408708987025201,1.266512143783879,1.399908633777519,1.393509917932264,1.437518191739199,1.566836102551393,1.548814852204759,1.447002981128986,1.529082247798848,1.289592797004836,1.212372985599686,1.100037236028536,1.128927946738889,1.059151618976552,1.171296266550465,1.081030993891074,0.7543902553058383,0.8336372393637951,0.746949560772201,0.753327810624991,0.8985329007226659,0.9866548919802902,0.9891391964617402,1.168796144793488,1.167736990845998,1.141156255268834,1.164392555826311,1.185227859103295,1.114411161685574,1.090182645078332,1.282050253779308,0.9971489275170796,0.7655004869115429
UW,H2O,HH,0.7081364802802003,0.6509096633074576,0.6678497703477538,0.6989845264604291,0.7461761379959544,0.820574377489424,0.9248690478738226,1.005257031940809,0.962675794751559,0.9215118969015048,0.976021059414601,1.270073746413799,1.312672137038895,1.252961798861979,1.123142354346679,1.121926584998045,1.309678091873201,1.184953092082465,1.185883204205197,1.37378410971161,1.120310422003117,0.9009726065656016,0.6989987000624144,0.6177458285133782,0.7761874527058501,0.8713771400429196,0.9234182954571168,0.8820188651049539,0.8064021875357141,0.7961078631773918,0.8100488574197586,0.5789710224040211,0.4211340518155073,0.8202774633940637
UW,HICC,HN,0.7350078210876222,1.606986319130072,3.041381646265095,3.280523941703346,2.488206202927158,1.907612954534949,1.045448336954486,1.154144788311359,1.081112875231786,1.052279651003885,1.158019221806141,0.9268937476894752,0.9027933849007532,0.8198364485326658,0.7396510740547022,0.7122442250103971,0.7094064768583884,0.6249588873859081,0.5761406130528732,0.5271965091960077,0.7479184927112866,0.6196974071181801,0.5702204869027698,0.6220698795860706,0.8158033308822183,0.6760940244135206,0.7483435276029134,0.5489757045417591,0.5763099984104558,0.7509884540500938,0.7468585150597946,0.8753823189019302,0.8276561672374325,0.583517719995368
UW,HOG,HN,0.8899411771633827,0.8832542635079867,1.02212739276468,1.150829135914036,1.247006881386724,1.072636718433964,0.9647951790109176,0.974418969435998,0.9895851142407284,0.9060633925806678,0.9662119844213,0.9570230132443256,0.9585877066496838,0.9730777362051164,0.9738529813049562,1.030567396096835,1.012677911141715,1.142306014271761,0.9903728412975924,1.08162962459297,1.078813076483181,1.087336055295222,1.105537670582578,0.9050047414253248,0.8573401745493279,0.7342107660632468,0.6108680490031291,0.5730263088712638,0.7385286493570127,0.6232851130080304,0.8822456819339543,0.8108622181721403,0.8080474713354778,0.953208965618477
UW,IZEE,HH,0.92548641380984,1.013629843916451,1.059882954824274,1.024333789907,0.9499771813527014,0.8457117904483514,0.8906941188555955,0.8968240152568436,0.922609502293085,0.9547572840869988,0.8477484846219099,0.7517362056698821,0.7416700181198915,0.710585395142148,0.8239344317693338,0.776875720549547,0.7720093316853464,0.7319182287900463,0.7196836570291162,0.7278740070017918,0.6805947725428834,0.6380705148200643,0.7083690195121967,0.8937928684926194,1.222307633884858,0.9808304273491546,0.5343502448570462,0.5253591992391285,1.030455231816426,1.51967472770007,1.36105244576679,1.081610300198926,1.814050431500416,0.9696279287313988
UW,JEDS,HH,1.27460013728166,1.410357356810933,1.133372391539464,0.958052287056241,0.7791012272895174,0.802974835193397,0.7778052728207019,0.8630813776426952,0.885578424879208,1.070182309748687,1.123841391336198,1.023797384028268,0.993230401624884,1.034569484631745,1.072445189311235,1.192997717110261,1.353506057363914,1.095492513861769,1.062254111856484,1.180940746453312,1.117291416371264,1.224827355300262,1.0775019663104,1.286198810388265,1.128814160712422,1.333438592802687,1.528804075374439,1.743228964762535,2.465566457069046,1.716335088077556,1.060908639361599,0.9532368864213672,0.802214385292913,0.9195345168395088
UW,KCAM,HN,0.9764306086215844,1.180222806433564,1.377403885130098,1.486506237584048,1.549466232035085,1.318031461585121,1.282615635121554,1.580742669038774,1.981610812084196,1.959464485105422,1.82809234482774,2.427392203823905,3.943306424119414,4.328556755980011,3.317370729983701,1.857168755818238,0.6503519469358506,0.4063926777330797,0.4221754550115248,0.4513092382170314,0.4523452228936311,0.4886677465794031,0.3831894659939616,0.3134078218609735,0.2217715116513922,0.1703687839472331,0.1364978134945307,0.1546950943862746,0.1501065228496674,0.181814448355586,0.2338665412136059,0.1994229629872676,0.1996019076925629,0.2283110789577502
UW,KDK,HN,1.094067460577661,1.18737891580027,1.369183169838565,1.478936751932916,1.430460771914645,1.418717371414307,1.444276596039049,1.605596684302496,2.000740043671512,1.855727236292436,1.225384572909095,1.183594084217632,1.016404170672948,1.102796172158958,1.432545545913472,1.930841232751201,3.410073883256298,3.353392704973928,3.3600172744048,1.608954959983798,0.9947881894561286,0.8763298957218879,0.6413021372135879,0.6979153895587725,0.6850872167518316,0.5452521938471349,0.7600556988600177,0.7854025514558782,1.077883928648631,1.003293485608162,0.9712354639657452,0.888873126112394,0.8347790419611353,0.7436930261884165
UW,KIMR,HN,0.8166739987149646,0.9372261707513688,1.072010612153458,1.301365903831173,1.33769320936387,1.217807740091347,1.419750397103356,1.688398000118723,1.833141018236531,1.677494855880695,1.10787520326133,0.8857055024140067,0.8418011000180051,0.8634285202842139,0.8608495356029302,0.8648288198897723,0.8581259948525586,0.855819526018076,0.8834347080866756,0.8548508249317848,0.7396214643821138,0.7104099194560861,0.7218257769457187,0.6108959713407617,0.4606862098231869,0.3059461195063005,0.4361615616059571,0.4143705213411462,0.366104391374414,0.3317928575951173,0.3915452579935904,0.4274963529662238,0.3376052093386787,0.3034503451528056
UW,KINR,HN,0.7879389628332126,1.944625779278565,2.316601514553236,1.950697271783939,1.841254541360304,1.509890000086347,1.394591945869979,1.390530909058733,1.171419669766384,1.19447849555784,1.021271586895873,1.073495732161239,1.010219058524075,0.97376877068307,0.9079721398550088,0.7837524979307894,0.754565076026719,0.8260508490847456,0.8985681839040616,0.8897118307291642,0.8858132079477024,0.8475726393342928,0.7075693861330504,0.5859712401315882,0.4977198227135725,0.4550514973366417,0.330343167003823,0.3109747037648401,0.2871791884321542,0.2736471746395206,0.2813925227626745,0.3486961577622287,0.489052066831771,0.470014278230216
UW,KREP,HH,1.107599988451168,1.073153342241724,1.009852039638838,0.8558434580649298,0.8002170981996466,0.7559051126257822,0.8212875334686416,0.9448949109375804,0.8491245114024663,0.8821432551413064,1.180844030404019,1.063201895966443,1.164199523946005,1.291407760419211,1.717562350146802,2.341144495131962,2.871901626610936,3.451199120996615,3.237234584193349,2.650321156921862,2.30565349396222,1.894586428568615,1.788868893078167,1.812145256311777,1.056672337741436,0.8481348513884518,0.937538028050112,1.328102337154807,1.482086414752601,1.416606449681011,1.507752427473344,1.892219898753188,1.595317598920225,0.9398094800555964
UW,LCCR,HH,1.066782327169726,1.018311056700783,1.243326871807287,1.09457041199627,1.097997747071769,1.2961904880938,1.754445906149066,2.587813840741145,3.437236133048946,3.075581695168405,2.38924470547384,1.711108957059487,0.878062655085683,0.7894261512061003,0.8862961714854329,0.978729490282142,1.131342907409273,0.9838671417707974,1.003159723193404,1.148824821868949,0.9151701888256792,0.7670261415355571,0.5496287245740287,0.5634038327747933,0.5199479701481844,0.4841110548514433,0.5098251965786131,0.5791411950941798,0.5521978297905263,0.5952814320640315,0.6631774521308014,1.038927347475679,2.011309379968087,1.019332388003152
UW,LCV,HH,0.940225378906372,0.8613317501552906,0.969722930997176,0.7825667368189881,0.6453219514865166,0.6811888857031267,0.8590514921825066,0.9885739440557522,1.054208737311582,1.189471113919244,1.089942904578153,0.8422471194580369,1.096898879820044,1.219923590237354,1.240278635896192,1.188492963495432,1.091755632226789,1.260823234459799,1.384878328314787,1.554183449087001,1.522941922163722,1.447974372671908,1.102833596664292,0.7250958352586732,0.7043103805731424,0.8748879339995133,0.9550845271754892,1.308479717499461,0.9696847515135096,0.4331788589993448,0.4299188748730794,0.8001106596124531,1.083821986845959,0.92749367728822
UW,LNO,HH,0.914047445964462,0.9276813260440344,0.7815320964916167,0.8160036935191357,0.7148936431764594,0.7273519905233988,0.8466322979644331,0.9114732135392868,0.9799604334251903,1.112683894882002,1.076572286646564,0.9255012924453536,0.8529700933123343,0.990507747163975,0.9257151813071618,0.9013262025403012,0.9828996014423724,0.9967592571724468,1.081708126354195,1.241937446214809,1.26922026121789,1.342674745918766,1.246864784196126,0.9022536265161004,0.7802469131866819,0.7650192293817364,0.8019404961391933,0.8356425018727343,0.8292311426355041,0.8556256659234137,0.851945020139781,0.8524747676663019,0.8107150549846063,0.925241649721652
UW,LON,HH,0.866008657502804,0.7927477279951661,0.8056934776260075,0.7943319966013271,0.7429802892497744,0.8821114913595174,0.9142294436455328,0.8524075242175402,0.8889451488564238,1.024485627868081,0.9305398810182016,0.8888577997765189,0.8924530972575598,0.9495644061245818,0.9180101613959056,0.9456067901860712,1.010135571249987,0.9934445429149976,1.08450576378244,1.113637933913786,1.197950411421359,1.421583008507822,1.58872637816004,1.389586510625088,1.342254417015043,1.438691446215351,1.250340964575688,1.013537569003317,0.9418201715780884,0.9098477517258148,1.145121960424376,1.425585361085084,1.123970763327796,0.9088950030479492
UW,LRIV,HH,1.026956354779511,0.940488003090705,1.222170803384362,1.111173071355511,1.069656367020575,0.8861495266251073,0.8174215170663555,0.8847420307403082,0.963002720365724,0.8962101162996229,0.9057834834621488,0.9152113968194958,0.8744579356100719,0.9612864610765148,1.036300766012683,0.9368179820068526,1.230188322373362,1.368314839669604,1.251902655153554,1.561576932477108,1.948347691993431,1.811149474744307,1.571300662038035,1.360385501872323,1.307228896028202,0.7847521126988709,0.5182286554762288,0.478587858972718,0.7512947450938491,0.5376420521766779,0.3526127795386456,0.4056159044249266,0.8628676529685568,0.957578341917737
UW,LTY,HH,0.9965214363211958,0.9736328791092924,0.9700274907167896,0.9544025780682772,0.8805058028257022,0.8537806820362934,0.8499794540436847,0.8827956688537224,0.9159241822637492,0.9080970536455648,0.9217329758398456,0.9281063174355014,0.857479497398335,0.9548246625948638,1.073137122945062,1.088917516399899,1.127819582091924,1.113130836112216,1.105031181797259,1.035637972237521,1.0624752658928,1.00916898189896,1.128761842192785,0.9141279643688562,0.952488573448806,1.033149110488554,0.8711581634485317,0.720383059902876,1.042002403550158,1.050921710347491,0.7616074248209773,0.720677512471308,0.9397937431068668,0.9242978226713788
UW,LUMI,HH,1.118172686997311,1.056562844142374,1.133831595187782,1.244718170208483,1.181995103629143,1.238538539724801,1.417147153583189,1.216844625500147,1.234355197414841,1.413072979525028,1.641793125345442,1.291783620181864,1.157160902360073,1.04118799528136,1.340296056336428,1.455673230328205,1.249594955827932,1.382378169897528,1.236315089819756,1.261249445437152,1.287049951426612,1.37816086249641,1.364806033462491,1.495328683102968,1.326354168232946,0.96251167765555,1.155042386619457,1.040637511107406,0.6712464502424689,0.5419746954386483,1.127103588742255,1.090607959179043,0.8058853688738852,0.8776369324895019
UW,MDW,HH,0.6812184354173962,0.6526398643955483,0.6906459264684137,0.7433179056372787,0.743040872455212,0.8651835457406668,1.027841983824324,0.928254912934822,0.967927849639216,1.013911361514539,1.101797305477314,1.134154350761962,1.082833052100689,1.184702657345563,1.20461480772993,1.517114821120247,1.698277726403679,1.67344141202932,1.765201475269723,1.787485298840477,1.484742527512058,1.18538143876371,0.8197728559558851,0.7930620625221165,0.800426567925103,0.836586753109938,0.850529373182731,0.7558464798891319,0.7030790403468565,0.7587634215342771,0.6423945551624117,0.5780420223677541,0.633296107297264,0.9111097400393956
UW,MOX,HH,0.704715349132392,0.6974965362877507,0.6915357628659984,0.6883581091769415,0.7075166008929777,0.7316174505428574,0.8506382471019633,1.015814206240307,1.045819966924623,1.084202542568253,1.078349127152768,1.142752491754843,1.111815312049056,1.140604003474617,1.025299573320917,0.8984044827573522,0.9123572628470508,0.8846781071312128,0.9792606436912557,1.054921727715667,1.038808661220099,0.8827637608846992,0.7081870175273149,0.7694800548947152,0.7427312292521473,0.8627966658707141,0.8588326110628121,0.8178705092800883,0.7391277718418383,0.7957369854732155,0.7987556368672841,0.8127810505530203,0.6980115739452267,0.9201422154346702
UW,MRBL,HH,0.8451449504822617,0.8042493343847745,0.8525532656722062,0.8856949407335644,0.9205208098876244,0.9022891164523944,1.12812421335036,1.019313477796148,1.068016068994807,1.216459693381734,1.389084011483008,1.465943913393166,1.721535166239413,1.950010630956904,2.102498736556319,2.179900609958407,2.516614906300283,2.828621017093027,2.814004194683756,2.431950031377466,2.341460499961301,2.127849649195306,1.984556222192307,1.183313394172059,0.9551776110017008,1.069658779762236,1.091007789105892,0.9166603412991832,0.7842018694537483,0.8451216295261791,1.367243588497191,1.278520328522893,0.9895449515131371,1.133757524169203
UW,MRN,HN,1.273468192680873,1.822680539372757,2.024462393733676,1.704670033638195,1.337928774433748,1.45443049563302,1.42607112897483,1.555462816166351,1.544800208198426,1.569740233208003,1.111283236391411,1.0087453514451,0.9977825807560974,0.8986380745857496,0.901549775222368,0.9521765841925364,1.09210485264692,1.092014090880255,1.219854280758581,1.186528325083787,1.13389652081121,0.9495621109148764,0.935110810451488,1.109159919287714,1.305972136967012,1.263030462844678,1.135765205875976,1.025439153714712,0.8539346915129817,1.006183847375401,1.488332295197273,1.457660750656557,1.741378538468172,1.390706649149566
UW,MS99,HN,1.374178330095423,1.837564587051194,2.130420453264532,1.82086645552019,1.754055501651437,1.610078561173873,1.549832900273983,1.259450722464339,1.12924241806805,1.083021800725649,1.085575541356529,0.9733299501215172,0.8611894877593402,0.8594161189771151,0.8587596383116521,0.7488332330619979,0.7160165943190443,0.653977678344107,0.7549717559435268,0.7683755975369095,0.6110088478879679,0.5685907188011731,0.4572090575217004,0.4759455903834504,0.5076277902608313,0.5567762786769237,0.6539360137730301,0.9545538748446958,1.03702952108641,1.351616453091595,2.473174534203145,3.092303184010419,1.557872382867094,1.493579601857792
UW,NOB,HN,1.525989473008878,1.212728361179618,1.279120555466637,1.779196827312256,1.693580594690584,1.676060358801149,1.875148493815988,1.787339995332089,1.474161511209115,1.439619742520917,1.208553828423402,1.059428674498216,0.8434602386964591,0.8956898905717628,0.861340595207674,1.001829533409279,0.9210399186958428,0.8614666249665336,1.087477343753822,1.017049129853838,1.034543245374974,0.9784984873833016,0.9924862080683676,0.9099769924393312,0.9748339540476386,0.9456793941380458,1.100499391252493,0.9788826689981188,0.8145598835280934,0.7412812650255092,0.5978827114472901,0.5554580637862929,0.4799179772144647,0.3806861782347022
UW,NOWS,HN,1.291260901860739,1.850313892402974,1.788691320360139,1.91886163609136,1.459937169761537,1.443290140794815,1.327285083046609,1.523192796222101,1.514498873815155,1.515410667925429,1.253095336846788,1.100647745515492,1.125697239404087,0.9096248530980566,0.8426817867914713,0.7919734674665364,0.8059647242138918,0.8016588490157617,0.7450684737025678,0.6628058575553202,0.471162747632809,0.3701413519804901,0.3954313286617204,0.3827377143334299,0.3668032475045886,0.4114266357328905,0.3630581233281379,0.4150801489434975,0.3333948589948567,0.3147636198758161,0.3669326837954037,0.4474622359262553,0.3048929038451784,0.1963616365906821
UW,NWPT,HN,1.029714476003516,1.248222709642437,1.573369316960462,1.724180340380151,1.632077962859431,1.402987786848999,1.611063576436438,1.50332400288917,1.40644116807468,1.348491901588531,1.087209100141464,1.00999179664697,1.000087109402976,0.9729745939354038,0.9820492006450012,1.107385687834401,1.075164128156198,1.080352459385809,1.059842894197111,0.8013528331300316,0.5930529496895031,0.8352774585581109,0.7279361462536614,0.9408629093361272,0.9777582231759974,1.270407378527679,1.242306971099051,1.070045593310452,1.188894444694951,1.665384291896041,1.339841244992203,0.8042930542750724,0.4262816710240835,0.4499759222029463
UW,OT3,HH,0.8101557820887741,0.7016757509578242,0.6837045236559761,0.7457964632007875,0.7132704578013368,0.8202780252113312,0.9480024875930996,1.132025484736106,1.270251604114497,1.243480553600515,1.475520577391324,2.447176280133073,4.129389665883721,4.134100642364369,2.426380254025471,1.4347395070976,0.8058096008037394,0.6436692528199116,0.6587267521663397,0.7136375987890491,0.5564886921924216,0.6416399766153679,0.4259117865371808,0.3938533871782168,0.3463227899205624,0.2837657696171644,0.2658137070172904,0.2525234263356719,0.2584672025280586,0.2250126147446994,0.2372422645669058,0.2234972748625325,0.2131900055871979,0.8708732571825463
UW,PAYL,HN,1.173567266362115,2.104291036103085,3.731347110781777,5.110120281579478,4.906151334572443,3.439247478335173,2.630219220942194,2.062907269551297,2.764008559437886,4.010234922905781,4.375371378999175,2.105751928241862,1.307322475540822,0.8482956655582544,0.6339846946232067,0.6021739663872526,0.6082624168126965,0.6403584479268474,0.8613479717650554,0.9146840610891164,0.8734871331248902,0.510799743338864,0.3340796981319436,0.1504432429868832,0.1399087081594245,0.1275009842436506,0.1231374327389644,0.1822726140405947,0.1201155692768861,0.1256053761672495,0.2057024989333479,0.2019417005441904,0.1932428390645062,0.2410282577355722
UW,PCEP,HN,0.903706174073779,0.9289647053858732,1.312880662863919,1.974127531140528,2.354409483659206,2.124033878539197,1.802094867430709,1.447891542775094,0.9601321080934374,0.7568610299452541,0.8862580937009614,0.9214438573375562,0.996287759183164,0.9643406331112048,0.9999199899864574,0.9467297985151956,0.9457384326668904,0.9952664806227524,1.000247239917625,1.011178048143166,1.076944195561183,1.124470267883667,1.262543002256239,1.560730735487956,1.514108534587295,1.412836503085935,0.905209822368842,0.6315029413682348,0.3989037479993132,0.4466869868366858,0.3793416012150572,0.4767808808431177,0.3110937639517433,0.2981781030504612
UW,PHIN,HH,0.5605469370188042,0.5638031205428312,0.6275793921237263,0.6197795427642343,0.674898645989678,0.86503913627824,0.9504621917911114,0.9396555655920568,0.9861252775588824,1.078633941740968,1.06521781907647,1.185651041769185,1.240625961894645,1.255899921958261,0.9504578797960308,0.871282346486518,0.8574832916900882,0.8276850678937404,0.949958231012695,1.013348320928083,1.039407659706088,1.273156011357348,1.259851054015764,1.398096839184995,1.308680979456069,0.865353754386962,0.6910714594840439,0.7774596425809412,0.8517255083303205,0.9058876132377912,0.9638708937042292,0.9978659072716948,1.373662549959661,2.232022627909016
UW,PIE,HN,1.188713881847419,1.162236156741366,1.139820507950903,1.530293169005774,1.492832122169409,1.415161321923471,1.717514159211079,1.428677419443058,1.228610475879421,1.222060762609151,1.40018940423138,1.185521885196845,1.295173389714378,1.909175631669104,2.858761177693817,2.316830649008953,1.438219224202812,0.8867791667689209,0.5854118211689088,0.8437924494639898,0.9083318896557552,1.011958755453658,0.985036372789192,0.9346860072565648,0.488759986159088,0.3741760743252524,0.3779908778388733,0.4148680341530056,0.524727955943256,0.5574841915461525,0.7214279147879008,0.6780394983642503,0.3559177782240385,0.582421547466874
UW,PRO,HH,0.6486440732243376,0.687878268408857,0.6970889116780338,0.7089484277038451,0.7763946779762066,0.913588505719028,1.011379459803156,1.159175552102523,1.320561169315738,1.44089090672294,1.543167090271397,1.891370838407168,2.291536132956782,2.731016219750227,2.845015911981104,2.05132341190661,1.495739679716917,1.089954130446288,0.9837280272638356,1.51398413851844,2.100518465349607,3.000056591650647,4.590257929608472,5.384455672839771,4.922735596169494,3.598157473387944,2.723540724245472,1.916785614611703,1.240725340384627,0.6951016647072918,0.4627997493554785,0.4424051957862258,0.4724663078155339,0.9044589101707706
UW,RCM,HH,1.430429504659949,1.348917249250436,1.136051616517422,1.379800261071085,1.054891330211039,1.143823798604169,1.407351092668899,1.544773029377151,1.482401113176059,1.497489157192876,1.518703672416472,1.65253549271139,1.602253023422769,1.314566183270296,1.581343749775673,1.722175317967668,1.05530267368734,1.10941408961504,1.542947022466922,0.9952342292839824,1.145696385418491,1.165931246309805,1.425236052113848,1.268115796491586,2.052861837253733,1.49775152423839,1.534173663806132,1.543562907503226,1.808109062129292,1.763123322060551,1.55255519655456,1.479736979831189,2.268010331770588,0.971012728318106
UW,RNAV,HN,1.080383475307001,1.253939920367129,1.675546010677829,1.447913736244137,1.068133368252953,1.109610574197361,1.071119961345945,1.277904908087004,1.320752312264243,1.152017239900762,1.119886382761146,0.9880080892755622,1.078814868841204,1.15921489959631,1.241828260479563,1.231684832601756,1.481011512304648,1.542130480196495,1.31958295803204,1.200072818772647,1.267142162295311,1.438065720124584,1.163258703517234,0.8802942903834121,0.585523702304509,0.5084143021296372,0.480664209886284,0.482320410637295,0.3706780674544481,0.3228493306264058,0.2901364751821781,0.3054997634210774,0.4226884184457249,0.4727182474211756
UW,SNI2,HH,0.6556225466925527,0.5790377827373204,0.7347136553524187,0.714462657033973,0.722804380405932,0.767363876736341,0.9207723294737218,0.9652740720092596,1.003518625979147,0.9395328131766352,1.042306237537515,1.300701088666929,1.292104248255009,1.18547354330896,0.9840579122590828,1.039505724054864,1.33420155447908,1.229411968084964,0.9648412335254406,0.8234114486043177,0.925845869177097,0.9626709294639278,0.9511712823156772,1.019457438100431,1.069205278155936,0.95259024259949,0.8374306171628532,0.7988125906821926,0.6394472423524815,0.5579602155738824,0.7315737529272998,0.4058325372996952,0.7512543076381601,0.9253073843533284
UW,SP2,HH,1.241190490718051,1.251480457619792,1.535982529701242,1.427076584181951,1.364023670587333,1.330552952684579,1.366019306494863,1.502607223870111,1.238688365244184,1.277255397744519,1.37553937375342,1.47949666191767,1.350127958443261,1.550448021597435,1.776410850137572,1.804680546664116,1.586296924137779,1.365601273745427,1.221095063397395,1.172553082527495,1.202154552409617,1.050794452006261,0.811181868445778,0.7923312732192953,0.7116516210969204,0.6815666917723578,0.7379890890295223,1.19787003424361,1.784561658370927,1.58272309779319,1.025479582244213,0.9868075615539064,0.9745143976486106,0.9851083053924902
UW,STOR,HH,1.173794673316416,1.009572516134105,1.01330296817987,0.9571900727313194,0.963792209591248,1.043595477166441,0.9951776847883236,1.009759877002242,0.953620485408778,0.979231669642679,0.9567906045470864,0.7828632699924923,0.8220043212950382,1.032062667588397,1.106615846980449,1.054529969004468,0.965372977883558,1.109469118402562,1.045427801207564,1.126122664178092,0.9934470572886775,0.8819698908003624,0.9963101923598628,1.011920593152184,1.070644010747787,1.057689785841003,1.000507913367955,0.9876240248225816,0.9995112103650008,0.8843224172762026,0.6362250888842685,0.5820909976213854,0.8720449865803022,0.9442184247036878
UW,TKEY,HH,5.226538113010302,5.940235778032182,4.080776680668181,2.054791432891161,1.180507874935607,0.9988917125864158,1.068811687731777,1.156886851204449,1.268895217377512,1.307474773655693,1.112479860417762,1.225580576983621,1.136258086660684,1.035085824799126,1.094208153229644,1.320400211056271,1.290344915032501,1.51919912622043,1.647393460467005,1.239691256813777,0.7573475063083499,0.388632309380689,0.3709302111752191,0.431084028517811,0.521110559602008,0.5207918101214363,0.5004724267714453,0.5278890123225597,0.4690424839437606,0.3974907881818121,0.318396179472151,0.3872197654894422,0.6856178489583833,0.9286327538991755
UW,TLW1,HN,0.9263756171619758,0.9196250972806864,0.951970762668234,0.9534697160623328,0.8866067299183846,0.8403007679776211,0.8817319505443663,0.9056699277506812,0.96557017795833,0.9576090252575408,0.9494777971178696,0.9243025797995916,0.959451106224082,0.9802379308771884,0.9668820401415394,0.9519656856129728,1.021247910506409,1.100070370275107,1.28746490943435,1.650807967719881,1.37173959648666,1.049192007560803,1.04321505136941,1.201775786491078,0.9780648494455528,1.146868135864009,1.11809034418685,0.8977406148605483,1.095418816776373,0.8575887302099715,0.7047919200190481,0.7047895784575132,0.7778972765945129,0.9845226193729112
UW,TOLT,HH,0.8086353600357344,0.8698901232522402,0.8384662600491737,0.927259897843549,0.8730484157951107,0.8808236608225303,0.9339165263051832,0.9803472403322662,1.147081482608336,1.318151164355805,1.583119567942871,2.259176336221252,2.911632684792861,2.357598513082241,3.46931982339804,3.818777563099487,3.306004387448135,2.860872009558536,2.24589865570641,1.674329463187051,2.088985718263605,0.9973577564165336,0.9809581784284352,1.053291101059869,1.135532243961574,2.241454026494032,1.727308054970132,1.675973899686865,1.39746910818946,1.063032371102852,0.6473791817411898,1.343682248297821,2.307332395388845,1.093216288655306
UW,TOUCH,HH,0.9272319029424366,0.9841913233944488,1.111695714303802,0.9932695616764556,0.9671143083720456,1.087019021354004,1.445157174198301,2.582801237244615,4.784055111719555,5.331003552859264,3.731826142122313,1.95095965144037,0.8594071136797935,0.4226421223722047,0.7054368328505922,0.7329294263437638,0.5862739421804037,0.5899704883019677,0.7418212955839867,0.8399875456555285,1.152535517039815,1.571541969675599,1.784377923604324,1.949892735797153,1.444812621383177,1.066887787543333,0.3891966696642552,0.3041539800323496,0.5407629254113622,0.5559345320354596,0.5614262855389105,0.499237458306066,0.6867930133978251,0.8888114303851382
UW,TUCA,HH,0.7988397900565938,0.7771558544695589,0.784814984237138,0.831403714566693,0.8245366402394025,0.963692630981581,0.8954531561122155,0.7950617277336629,0.7931294197639787,0.8378439090823977,0.7600467103861963,0.8418279250525523,0.8344095644116566,0.8785171124047004,0.8487213170492321,0.8856392603210681,0.905783014601274,0.9480642766687926,0.983201490579364,1.183720615879216,1.313077759437476,1.551475478588329,1.550755571368689,1.636681995769495,1.51424193792819,1.284682092877514,1.250144606465098,1.089809287432499,0.7025838441394269,0.5287369509720539,0.4381404208989568,0.7093963904416054,0.8984452169815949,0.9420412058997546
UW,UMAT,HH,0.8904356912129255,0.8883665675580467,0.9376760842723244,0.9458218583494354,0.905835009806258,0.8405700886680403,0.8525290384688257,0.8271529887360217,0.8325158531992074,0.9048959978704572,0.9443297244492228,0.8983444698497588,0.9146549673107394,1.054035837584389,1.105106302115505,1.162680386307312,1.168399135330886,1.172066493719944,1.242280823417029,1.202978766324762,1.1883237951822,1.120441287485679,1.238127754410011,1.221827047465975,1.249206236244544,1.345521407137838,1.305182704577134,1.604881270291881,1.362680559770066,1.546621341507312,1.907634178733023,1.024970247665126,0.8251789312429156,0.9410369754347848
UW,WA2,HH,0.7193754351982401,0.720856353954673,0.6908125001075698,0.6395643401747043,0.711442724861971,0.7937340061020586,0.9184122604319962,0.9485802915524868,0.9572941088138568,1.026476960624907,1.088199552380356,1.216607167963254,1.324446618719951,1.427864276339626,1.51500297049641,2.230282515221668,2.323258577145255,1.42559885583845,0.92104906939091,0.9159364010153151,1.088416600424481,0.8532348544156959,0.5069918295384103,0.3303022636055194,0.2782312341481362,0.2303616409854188,0.1860199929880532,0.1672058770384222,0.14577950547479,0.1297072174476405,0.1531241844916691,0.187633690491486,0.2798767634939657,0.8911613990247754
UW,WAT2,HH,0.8196546122326199,0.8248800695025812,0.951428858068596,0.96002347334407,0.932123536109568,0.9788568775536703,0.99279873782025,1.045848369134207,1.172107977829367,1.169379803714142,1.201697265770007,1.199768833832705,0.9946333589383992,1.020380084637363,1.089428028347582,1.315241309472278,1.97095649618963,2.436252890699896,1.971655339276194,0.8988549470021834,0.610155741067277,0.6929455088567296,0.9273546072143468,0.6395782176435785,0.4540645634374905,0.3959141157554343,0.4168233980592604,0.5172955820692015,0.5403029735055751,0.6536275113386888,0.7442172132217414,0.8426673395704537,0.8793297599988205,0.9230911523192582
UW,WEDR,HN,0.8435847631033316,1.11437746058458,1.140735991508774,1.073518488978804,1.025961450871956,1.021321093392459,0.937014652348744,0.9536296984847832,0.966056448390491,1.092616441479178,1.018084382120052,1.080981147033759,1.266599208434744,1.142508964848757,1.123078078334115,1.121683130043626,1.288492876053806,1.300717626257332,1.182638492598603,1.039292237407918,0.9954071285135064,0.9914593861789956,0.9144119207988172,0.9261044262484048,0.9095673619903248,0.9330170195636734,0.9232058473577792,0.8962105089811419,0.92854830974807,0.847988840757336,0.8271032992492936,0.7615902614561842,0.6802693614883396,0.5964342400526228
UW,WOLL,HH,0.8413179952312186,0.7255212167243815,0.9451214666935364,0.8281973764253241,0.7971823196585465,0.7542723147133585,0.7228581887333486,0.6559505610825197,0.6464253912151053,0.7183347276105979,0.7985852315516111,0.8412408548314312,0.7884766244177172,0.7291623283307733,0.7608059730370125,0.7265809634529815,0.7269074011028513,0.6903784038656066,0.7087542755123928,0.6773560150623312,0.7586137013334631,0.8206737925039458,0.9789007367732836,0.989473327670818,0.9506228417662224,0.7068471524199789,0.824361031043888,0.973026519634996,0.7870953812793835,0.614990949754977,0.6791360587974389,0.6528005629901381,0.6742644018990879,0.9717042396990798
UW,WWHS,HN,1.084433038272928,0.9885309029779772,0.9768624714854864,0.8837040317786026,0.7766613539729147,0.86212419500083,0.943583857450717,1.04573920974913,1.135084876423592,1.277202264460461,1.193008519595296,0.9551012153884284,0.914292988336687,0.9057373527371884,0.9212182355417252,0.8105750909876327,0.702822237862296,0.6737367008880043,0.6894977009688512,0.7694509981386526,0.8368143747759588,0.8552827130866391,0.8536658259787269,1.023656187454804,0.8970610516323244,1.716167525361217,1.250739138836341,1.167651841329268,0.7135592639501728,0.4741995328446432,0.5284495818368151,0.514076376211189,0.6872795743900398,0.4116832386019853
UW,YPT,HH,0.755324679287683,0.7180658866206954,0.733403348168172,0.6996135578125905,0.7686824015711855,0.7774881984987252,0.9699429979196552,1.138774091447087,1.263827032116769,1.284612407375058,1.208990774473082,0.969396903678226,1.081648734871371,1.080451279088278,0.9318446664075302,0.8731675541359596,0.8249964416432074,0.7833223835809271,0.7906945294478349,0.8692515897165877,0.8233459891538637,0.755134579000434,0.784400876317113,0.9035217031533848,0.961872969013683,1.175827366313264,1.256911163707149,1.07737148007673,0.9851366553541452,0.6424953934544545,0.305409654540195,0.3892653763206803,0.4558242756896629,0.9258721088845486
WR,BKW,HN,1.026767940864431,0.8864404290788587,0.9060250912314836,0.9554524828245066,0.91131183524994,0.8688282822335011,0.9034214109308898,0.8891387761744884,0.8705020646643522,0.8640481759304621,0.8764245640193666,0.8364333063231838,0.8460833636463403,0.999878722923482,1.074834379392568,0.8918020181904112,0.853068349193618,0.8778918310840452,0.8982511759002738,0.894266497205105,0.8936497043598627,0.8619475349089187,0.882502386116059,0.9835457783590748,0.862916640176267,0.9533552699970396,0.8282790101984255,0.8647618055085986,0.7080147553089935,0.9668357733953868,0.6815711499741726,1.004169770761413,0.9928171910840584,0.8677578715989204
WR,CK21,HN,0.9710643324502942,1.561389187344594,1.529828716850363,1.445903051700065,1.215217962498112,0.9869564534690238,0.9761367810839444,1.047988781175045,0.9568146955974538,0.9475122402375646,0.94105593447455,0.9104666419431058,0.9189632977247272,0.8955271833354359,0.9140010591637144,0.941461746140638,0.976065502561369,1.022716036278881,0.8987613714482515,0.8153216149488507,0.7681687841565298,0.8133409723402747,1.004340751561291,0.7708914657547815,0.7009326475451338,0.849816307195929,0.5022388291736324,0.4075954908025991,0.8902860241002484,0.8874052872701894,1.016707236627565,1.092421018130636,1.648476901487668,0.9345294158075252
WR,CK23,HN,1.07038500275096,1.907517434202541,2.177789390917431,1.875150688784503,1.726652204501993,1.329187576196055,1.254247805066123,1.196449435229324,1.225528774621581,1.120502689825361,1.133202647036142,1.15194047871735,1.120477999422314,1.120881376018655,1.073130838288894,0.9581361982127672,0.997656398535858,1.003201439105411,1.056929919466092,1.067913870011952,1.028877810620421,0.9603514353728833,0.9382205233190792,0.9317667799880974,0.9966979885445578,0.8659052410465686,0.6480658870794241,0.9482062464150116,0.8049949999530206,0.6507413099857379,0.835548356314414,1.627556526680255,1.150200754760976,0.927747335601001
WR,CKR,HN,0.8815005956562403,1.022974603676925,1.258876988607793,0.9622707163630584,0.9353581016185256,0.9244725519162658,0.9317832636543804,0.9563487297419068,0.9410453896940352,0.9299710047165316,0.9483672321486594,0.9524339886412592,0.9142955868091056,0.9442835262330792,0.9218604889762352,0.8541333631268686,0.8551079667702802,0.866043199041798,0.7769959218794108,0.678357236314585,0.6560896701037496,0.8139311142730471,0.7842797444278687,0.8234725019666963,0.8436693958192559,1.039891797668513,1.643381181127315,3.569321013188659,3.181868578422241,2.041506878674441,3.326227666939845,3.193959495189405,3.10353376679812,1.091182113995842
WR,FRI,HN,1.003190649371382,0.9878955376339208,0.9259338189860558,0.9998547265204948,0.948544805749558,0.971480171048936,1.030675825657149,0.9452058621594426,0.9662798400859584,0.9639099538150788,0.9513002186230533,0.9621582221088468,0.9380914071357396,0.9556882434953275,0.9626917812773552,0.9381030937008948,0.936751874305208,0.955956173241394,0.9377740574858968,0.9535346022322162,0.916895916281579,0.8676709804795315,0.927401898842862,0.955737557312764,0.996466151510849,1.032155885843642,1.097215079866052,1.061599795138971,1.009004003391909,0.9689965373865876,1.030351975529738,1.026990651075058,1.127090158770879,0.933890179853234
WR,HUF,HN,1.235892707685759,1.325517849554364,1.364140346059602,1.305017773452616,1.307170776904143,1.289681528705078,1.299701903088013,1.373083899032798,1.330777601946576,1.229131472648036,1.177132422504128,1.113006198048735,1.056743279231921,0.9683891217651366,0.8521662243494142,0.7996869999132001,0.7510682706420319,0.6835211067720454,0.6419299907700532,0.6091122789670594,0.5973051454245525,0.637470912098304,0.742337429985056,0.6633448253236969,0.6106889882258444,0.6392919618307096,0.4331683164930905,0.3615550423848897,0.371021837510414,0.4381220735081358,0.5152886093934729,0.7269488769520919,1.050566349095705,0.6297655643634155
WR,LPFF,HN,0.8267593717393203,0.8616122971656851,1.080821270138252,0.9897375057506296,0.8850909713150016,0.9396554113517877,1.056505896538788,0.934261124785736,0.9185559426243672,0.92783730779568,0.9001056479152051,0.9346819578946856,0.8869121648364636,0.9183341501749176,0.9540346795346784,0.9570327927728712,0.9212237535511292,0.9987820124667172,0.9708338042558972,1.014984045732654,0.9633506959623572,0.899828712159707,0.967676391315967,1.186388333598055,1.517713862758879,1.108599916709358,1.019126798232975,0.8792558122187512,0.8705606488776279,1.177367715661903,1.138741102867855,1.046677767157676,1.158564742595573,0.9257042916279308
WR,MP130,HN,0.9239010493794136,1.244194511179618,1.761224368761785,1.502128401240149,1.249861459436105,1.273020338503431,1.178690372091642,1.05132231541375,0.9071169584815988,0.8739790846783945,0.8347890798241223,0.8261933134777449,0.8242101149404256,0.809907389317343,0.7920295759244134,0.7723366441031128,0.7947134231905773,0.8059029733012245,0.801805409785591,0.8277977708674558,0.8494761195178651,0.8485175212345359,0.8578141712142177,0.8529517527461438,0.8366558937249514,0.8480084034871815,0.873921822877166,0.9865063461392096,1.135510782327543,0.9307634741131212,0.8186358311779814,0.9195113136979935,0.9130251418694724,0.9236442727101714
WR,ORES,HH,1.410038572525658,1.100140797968003,1.200477762354557,1.260704086316639,1.215270715559479,1.255914139304585,1.169825741755043,1.406433809280117,1.405065407360682,1.384729762517969,0.9156439933607454,1.178620099189859,1.115967348927946,1.032568782205505,0.7718658119619287,0.6460988478819258,0.601747655399614,0.6941567018212017,0.6769398577624952,0.9086046045388658,1.037442751348042,0.9609356387203264,1.119434310367196,1.785399711291215,1.305624732520247,1.341614109626707,1.40059146553315,2.470039825477262,1.929840311624051,2.409235819113813,2.304329352749193,2.670932857642892,2.744075345300288,1.23036580760592
WR,PAST,HN,0.881242090339173,0.8842716566056978,0.9188569177293144,0.9932999847520272,0.919085095768562,1.005190187942355,0.998394014922055,0.9800932193342644,0.9946121137519648,0.9705864305528704,0.969575020713926,0.9672797527722888,0.9790797157076098,0.9620714245327914,0.953918972465086,0.9408561651278068,0.9634666735336932,0.9442525259067268,0.9434325324152544,0.9377892374798504,0.9323759989352768,0.9338167924004864,1.034236351073051,1.180824013369818,0.9761997448496514,0.887561185434323,0.9263360730635576,1.114468382571262,1.030816378040981,0.9729089080916472,0.894686094962253,0.774842330538354,0.7907274840090994,0.9333663930633193
WR,PEC,HN,0.963314257111936,0.8971756953448567,0.9119330820859244,0.8898638138514476,0.9294591617186534,0.8503342816300914,0.9091854245750884,0.8997048952139818,0.8949576104774009,0.9475367530128618,0.8821431005256026,0.9160404047584534,0.9198729902161265,0.9471526569485568,0.9240707440265932,0.9331170482982232,0.9386471443785164,0.9568378652598468,0.948255802443785,0.9662914211827158,0.984793008225732,0.9643168105043324,0.9670390643406568,0.9853988436553806,0.9814630912910228,0.9993663445316072,1.007600358722486,0.9939217055494826,0.8928012928387661,0.8346729163088039,0.6696677572507624,0.9185416126075464,0.9232244498894364,1.003134225612592
WR,SAC,HN,0.93456003988741,2.136912755844416,2.881685232063598,1.744853495313571,1.066767989604974,1.078832960559109,1.231683647662221,1.531315245578839,1.991758300207532,1.325778896077434,1.112818756791079,1.203398030330472,1.057919811501455,1.857096203056762,1.279224374663469,1.098539937795142,0.9309097867096272,0.7444550040412865,0.7474177159659998,0.6435399047918363,0.6282000172425817,0.7951372498725905,0.4554318951382076,0.4487217931384391,0.3173449300305081,0.3021024790517409,0.3031014586871356,0.2174322036480978,0.1993237597384778,0.2385233629521858,0.3331055459331567,0.3475218752171518,0.4132532132542301,0.4197535840063757
WR,SAQ,HN,1.209549316799789,1.255995403161446,1.152949995910754,1.394536415956486,1.295756206766853,1.206278389829647,1.166444282221797,1.067172415481494,1.182069648909866,1.223054692117085,1.158374384271333,1.157735211300572,1.10554925707426,1.132336511028317,1.153028006023066,1.209052630419115,1.329179863554579,1.403935011651703,1.466818448798143,1.269394442488548,1.096774832880956,2.715256661910139,1.475337773043783,1.183784577094426,1.194551676155588,1.172298825094791,1.390960357443398,1.479485191033588,2.127879498552564,2.291464131378923,1.21017443312045,1.242564199686893,1.376022437648934,1.013632367772545
WR,SFM,HN,2.602551152202267,2.563940366881773,2.462996581779297,2.385535047546469,2.331621603463503,2.267236408008611,2.219917445372557,2.234214968383774,2.255369430138389,2.137814988669033,2.067181504094214,2.066719125666141,2.20166797137893,2.179092028799035,2.344757254472698,2.552470904467044,2.278296486937566,2.489871594532832,2.253777279196873,2.074752106374094,1.957119449951,2.047127848807644,1.694330651397034,1.833591573346159,1.539517210364134,1.481065149027165,1.071355434641743,1.257269740237294,1.532380770898918,1.062281431606742,0.7528495821497193,0.708075111084288,0.7755284569269073,0.9276858869036704
WR,SLD,HN,0.900203596690624,0.9791006360691592,0.987063598800021,0.8946855035201251,0.9221464255012084,1.05648955770861,0.945644428258508,0.972629689734079,0.955878763072771,0.9825361929027842,0.9595458397575992,1.020284127217032,1.037424213362383,1.023749281672723,0.977761996831152,0.9614670737553416,0.9807279907099788,0.9600301199848988,0.975754550605416,0.9689325638954585,0.9547011899061688,0.9604048035864184,0.9613825772897556,0.952255402783186,0.9544074009795832,0.9554349277409212,0.9494325961644896,0.944662852384112,0.948915802759172,0.9464803293997504,0.9612977816041328,0.9824127819127269,1.028710511839057,0.9302480227681204
WR,SPR,HN,1.079579611310786,1.089344044665028,1.015192922185861,1.086051270852944,1.041304431836167,1.042405532881815,0.990663699479303,0.9761753282453584,1.024981044171923,0.9924749894741004,1.051928455301678,1.030311825141146,0.996542796343562,1.048532125005741,1.029253810165026,0.9997439785529352,1.025685532631672,1.012186010325014,1.043053277570392,1.033084762910854,1.080570148566458,1.014871157956175,1.015897449388164,1.029150465498556,1.007866051839657,1.008466419826473,1.010000221171666,1.218990183585377,1.566033043966748,1.487427461089776,1.47221193134252,1.374008458436719,1.554099322459933,0.914137704447156
WR,THER,HN,1.039476461171596,1.081019150518176,1.071844075357825,1.243760560895128,1.477983446829724,2.310133195923976,1.842997599592675,1.301282272865931,1.056122409833827,0.936116351574907,0.995921646160389,1.005112982810197,0.9591833036380386,0.9895457918406017,0.9683100731281428,0.9552211887702,0.9844496294059868,0.9786938384865216,0.9903132661739024,0.9777001178351762,0.9992635039486512,0.9853993875459892,0.8461497269792418,0.4517633884271088,0.3939341276127415,0.4611206286930963,0.5730579863008772,0.8725531061892168,2.098763122867243,0.6757259309008341,0.3581311290689255,0.8192800159758945,0.6398359033122961,0.8116104182164602
WW,BILL,HH,0.9966637448983042,0.7350664291539223,0.7203952328443104,0.7911298661792253,0.7184381081715805,0.8081770454382861,0.9527246476964896,1.043583528367399,0.9132692309056808,1.00508143267819,1.119307704655521,1.262640685027472,1.537346274068186,2.167268080182339,1.858229791718705,2.136417830526573,2.339330946860095,2.439551989666185,2.158597865281077,2.036740453164401,1.784730942582774,1.737535267749696,1.292528292899632,1.02816124284477,1.177914745513295,0.8845425506440502,1.061066156528714,0.9487344621809594,0.8058893955844688,1.163802615635122,1.117817518178061,1.124704186692075,0.901901103742916,0.8863882003421049
WW,CTNW,HH,0.8821573363839317,0.9618661681554492,0.9756447274104976,1.111236361554921,0.9882701744958572,0.8345687477315689,0.8767770650088208,0.9251182729192128,0.8567018873949268,0.9247862159885928,0.8226512984366363,0.6659727005439549,0.6986392254146289,0.997684289545819,1.065446248898382,1.141731870932534,1.101171432891498,1.190036845199075,1.159736267639067,1.076813568987813,0.9360149710220204,0.9682463079723856,1.194869660198848,1.769873937105465,1.330521619172149,1.372146139738739,1.723803562059783,2.852308430581136,1.315020547205906,0.592012583131773,0.7686968610058108,0.7014765180419166,0.8321612126606286,0.9328104361793088
WW,IRMR,HH,1.122517492874574,1.09872096322496,1.139282535883344,1.32793468107254,1.061719046179824,1.06886452758906,0.9952499686362846,0.8780631677491151,1.005558692130652,0.964986053893404,0.8931973135989262,0.8468755705351608,0.94871071016008,1.0334058479588,1.156938187125976,1.32664063511198,1.258098124877136,1.304613585119557,1.29002875198686,1.101973227424883,1.087404489191207,1.006406151734429,0.9882876042623931,0.9594497024884752,0.9217323460073672,0.915729376114044,0.9289316507911392,0.9173168699626654,0.9192051969547682,0.9369530781695208,0.7774641505872861,0.613585672945499,0.6163315588264667,0.9213983561401088
WW,TBID,HH,1.214354813828945,0.9688928061134494,0.8522209432583931,0.8348203218527018,0.9044217726184242,1.019414818892557,1.137071035932931,1.104156759250503,1.219354652386885,1.224102663040271,1.212440477957379,1.271962890699373,1.29444729424787,1.411467127250483,1.374876845955501,1.596867435220339,1.570220888965232,1.206117914631804,1.148522957973078,0.8611619642756686,0.9028733789301968,1.117608477843297,0.9705350903278072,0.9963849387014628,1.029043772662714,1.092839829736392,1.078985146445934,1.158400986164162,1.23879956649289,0.992497823600866,0.8429589685460319,0.7458243527110164,0.7935394761272928,0.9167392199741892
WW,TYLR,HH,0.7697411025594807,0.7090700124372572,0.7847936488462386,0.6461357907724552,0.903209651898543,0.8020501221255433,0.6994777971650495,0.8068382874263642,0.7748648310537389,0.6520678643163315,0.7240405988399694,0.7025394485611515,0.7454009125633998,0.7613441329642432,0.9665195878339274,1.010484007138062,1.011849941994189,1.040932083127604,1.308919931717649,1.616680501615683,1.843005734517491,1.888381536163376,2.415487472896626,3.516234056235382,3.432371743630486,1.515349361283322,1.310941884355515,1.193857409339258,0.945735996824286,0.9215317065493454,0.8575545877268886,0.7047013253678831,0.726242702928621,0.9190930841305152
WY,YDD,HH,0.8594946366187934,1.170973669340391,1.200650393194306,0.9154299093934714,1.020056265657558,1.04167105174745,1.268358109269025,1.493821988570732,1.011866987903977,1.155340410378325,1.644466845564299,0.877536102845749,0.936521671923947,0.7291684154870319,0.6077870973608648,0.8108227319246761,1.128499100933188,2.63781396857747,1.914092675234956,1.737745132060841,1.52456746453498,1.693231089537867,1.495394416634831,1.701941429480934,1.914874148216252,1.616209218897269,1.378672467611405,1.126026521524417,1.025655626859251,1.409751710149904,1.997955903477027,1.728506370824089,1.406470610524008,1.5040782559319
WY,YEE,HH,5.67638671492967,1.547588638731364,1.219214276959301,1.214131151247311,1.185260498447043,1.426943565005201,1.299282692495744,1.256387926530717,1.090439075523643,1.154739655156443,0.9592257747732328,0.8291962157240114,0.7555967536804281,0.5964333147802003,0.4261283018072742,0.3221753815880608,0.3196723510415717,0.2803429366942169,0.2527420951509445,0.2637068491942781,0.2124751286613489,0.2029709907721597,0.2087155987347803,0.2079168977185236,0.2117362438694827,0.2116273655348676,0.230873378015676,0.2428504377735085,0.2537503042237713,0.2938495127475257,0.3101562274763633,0.3574094320935393,0.3954004718397413,0.9171148125824684
WY,YFT,HH,0.9100739437698412,0.9375217855784462,1.079533050863289,1.520993616072565,1.03792753294094,1.116654977550914,1.115909923879089,1.47704779167309,1.455269672740548,1.029577718232781,1.694912144307452,1.664742000583307,1.44903660422781,1.022409901869656,1.179364449265774,1.477910005462956,1.352175315092071,0.7883978286559961,0.7868272440796653,0.7778414179078766,0.9867557036640858,1.015172097778197,0.8869390875353631,1.133762063622583,1.177048674558189,1.147822503591131,1.276459531854604,1.069849487237279,1.118165617043914,0.8820697276550523,0.893631379224167,0.8661078931095985,0.8504484583942393,0.9283003845980656
WY,YHB,HH,0.9292727932488746,1.002231641243096,1.00269156245103,1.048902441573794,1.18327310594075,0.9820396381195216,1.077057572234452,1.209804267794656,1.177142756310342,1.013909215349606,0.9030116617155982,0.8184408087927134,0.7267766805730087,0.743181778317386,0.8443017211735326,0.925053284177297,1.036997235430986,1.098412307964658,1.299720111451039,1.413558358457229,1.536066804265882,1.658709675362455,1.743382919079912,1.862673951443135,1.947576121785106,1.934258477336319,2.07410489817741,1.064313907430545,2.065189313042715,1.768941379325528,1.550283097619608,1.619348443862748,0.9825610169778256,0.957926790615512
WY,YHH,HH,0.9675322354848253,0.9566423384373176,1.018583218483028,1.038753069246873,1.107026881223863,1.056831445135636,0.9851683545155078,1.152919471459977,1.107297175116964,1.098010666721619,1.098953774503618,1.042966719285189,1.261380614415063,1.62984439990978,1.887790456576373,2.046043549620705,1.940232091518743,2.235087573104159,2.58346203517022,2.967985464806064,2.618110491989493,2.493954628138247,2.450216572993589,2.124804316853219,2.311856250394599,2.773486340926068,2.531507935212244,2.092313762381043,1.643165991964227,1.241828977796901,1.066284755917623,1.386217674591708,1.927301395139894,0.9978243667018376
WY,YHL,HH,0.9644426616799412,1.020085186279628,1.042696845116958,0.956358097852055,1.151389613296869,1.216025150004044,1.239464002380019,1.405781642131855,1.294811029798296,1.318955450380676,1.414507195163795,1.517049780690798,1.43716193899801,1.779593038915627,2.048528341670216,1.516068676145959,1.302349890480997,1.696781032331968,1.616833781848405,1.45203393720162,1.217018953958241,1.167095977325403,1.17923810040552,1.23808190474135,1.234241932621135,1.326846572923651,1.282438354984418,1.355895678404077,1.425933180982051,1.43671704692822,1.418440908794552,1.325682365305554,1.16350327221423,1.02900055250132
WY,YHR,HH,0.9395488910802422,1.058033378237079,1.051334623219517,1.180876951948284,1.316436139532698,1.227669368720727,1.498722592138852,1.429057233071847,0.9759731479312482,0.8692523742989428,0.8662198453709157,0.8427763562250191,0.7702969921748721,0.9169403741506734,1.046907163164939,1.104118924024603,0.9545543559106978,1.056363981347994,0.9970514798689428,0.9343156900090214,0.9220413452990792,0.8948162187283494,0.9095898508184884,0.8611224477845223,1.101067334426234,1.179337983015964,0.9036766331131968,1.229607103147844,0.9603578308226386,0.7239453874417726,0.826223857028594,0.7013731701977453,1.030254236100627,1.27188467465762
WY,YMP,HH,1.344429717741313,1.300557328164287,1.499789019781673,1.37407946510566,1.358005356504639,1.60722540762984,1.212327790797133,1.149914328991979,1.321046462713101,1.071704524274321,1.036547888223998,1.164894186056735,1.217515649380714,1.141673657965202,1.108834051687186,1.353394893481711,1.351361282439813,1.485070978707729,1.841053745185389,1.65041375646026,1.883352955263335,1.664327810248125,1.215202898270767,0.9776328508175586,0.9342119575994108,0.9295341161017896,0.86537170646335,0.8053854231906684,0.866374137138893,0.8708937316535824,0.7811742779669049,0.7444311269562397,0.5778131811307289,0.7102618902653123
WY,YMR,HH,2.100283569764839,2.022336364221322,2.426820560817645,2.609991159612339,2.563042239559691,2.553008743878519,2.994891407965197,2.735930425726879,2.683224177021446,2.330698681693916,2.563582956493484,3.176128657372234,5.50827236772489,5.530491066370536,4.554092794938784,4.16428703949451,3.255432572174848,2.524157848819279,2.258158164577828,2.214991696523777,1.891100927866164,1.551061771105154,1.362748297784164,1.262071230663422,1.02241473468498,0.9485612926226932,0.952219409058157,0.8942978016498759,0.8784120023290414,0.9188563342467196,0.979948330334634,1.066129714138797,1.162196987326351,1.092171745758644
WY,YNE,HH,0.7971353241939648,0.8170170190622309,0.7168509955022202,0.7841775764621186,0.8428259096561245,0.9993483081219352,1.040721398845373,1.022883142020139,1.01355327619724,0.8857694632490302,0.8401402782770075,0.9583977675763728,0.8481791291567093,1.009047515104377,1.17288829061453,1.238059314873498,1.43966236977949,1.701610761445694,1.949049658367189,1.892025740812496,1.523662632507422,1.360652311690346,1.118999785937985,0.8868322052892307,0.8614171204587898,0.85793214570676,0.8657053541609555,0.8470961951688057,0.8353629655097436,0.8611886281160342,0.8483181362290452,0.8627293622797416,0.7900369166625918,0.920935727399828
WY,YNR,HH,0.7037788274901893,0.901402170731884,1.285329795000334,1.195674767838264,0.9612413701550164,1.097683804698597,1.30107419267888,1.538010582773657,1.114820460374981,1.03112610020581,1.105472149070178,0.9759094281174544,0.8869992899533267,0.8478075930140134,1.000642049779016,0.9397710597450304,1.074223045428211,1.649652468238235,1.215370711250743,1.379922807812805,1.039490729739984,1.058093227153928,1.131847378890635,1.550999402301617,1.983532937210583,1.502567859509365,1.913499310701309,0.8346694660647347,0.6445783851043465,1.184238766905059,0.9811365803051266,0.8766934085584156,0.999247785705202,0.9867159730511912
WY,YPP,HH,0.9985855530013928,1.023085675465998,1.12361303087104,1.146653454807181,1.500980020295981,1.389096950739603,1.476042131536679,1.585451413669542,1.163579109369524,1.153981190075982,1.270137236476877,1.119724439527488,1.190112580446897,1.251771910264071,1.320175468881553,1.338931250763296,1.379854206780172,1.471316657798513,1.603139967760335,1.618272664501252,1.600649508978533,1.391558759184352,1.241869568038548,1.064780467153405,1.105121959557287,1.275561120241516,1.441410506427283,1.535467024174932,1.379796992034891,1.033812251366079,1.26774126396748,1.840888885565374,1.931275272083249,1.213993556505588
WY,YTP,HH,1.140623688840512,1.058129274163996,1.106358039053693,1.121987724352721,1.139183890443986,1.256468563125324,1.133274775774296,1.205880450134612,0.9862686031378636,0.9307366288935388,0.7822834773232712,0.8174347682104015,0.8990835312242897,0.9072426969798176,1.106161670930975,1.153556263319792,1.191379566062847,1.212065529073988,1.198869179444467,1.260761189788987,1.050089189567089,1.00296552881939,1.08206679428783,1.064285837893275,0.9749255085638534,0.7745358826441278,0.9835917934911634,1.079339510747384,1.087525851212837,0.9045833988297592,0.912811730995385,1.261876288658159,1.155217466203431,0.9026001354423112
WY,YUF,HH,0.8900751438471489,0.8839584785796627,1.120182504194427,1.152175850597029,1.150785947699946,1.169433569112803,1.201108845393663,1.342501028676805,1.198875995560135,0.8973387246221367,0.9667969059320732,0.7908667138068304,0.6591017504258464,0.7999801166345165,0.9678570884578886,1.358385200542451,2.08277045953592,2.905579454108957,3.017894830675662,3.746348541430663,5.778796916967041,2.143593272497843,1.674821581245293,1.202197814027982,1.257182248643709,0.9271272893620984,1.134599317021491,0.995722267080589,1.179517759760752,1.220471448969081,1.101025273881286,0.8156210307872009,0.7868988273510092,0.9174065046423096
YN,BCCC,HH,0.7292247132671358,0.67734876001188,0.6971244310565422,0.6948450665230957,0.8187285902062147,0.8129304570859578,0.837619574593533,0.8271399120153456,0.8488251001495168,1.045600046881386,0.8471546926916731,0.9296183884994684,0.9844788926246832,1.046944483533772,1.125167040293743,1.257781088149689,1.235147171298697,1.267448161647261,1.447025493440132,1.746224782481155,1.549542304330985,1.583804948879178,1.753849169229923,1.56711487325716,1.153321737014105,0.8596645153475256,0.792811636817932,0.6154800494413095,0.5911214806496237,0.7615507690227864,1.131092132495333,1.631333312455431,1.390695991394751,0.9066845190533582
YN,JF00,HH,0.8409698794138719,0.9178857869633008,1.001483553541121,1.009783938580077,0.8476805030578785,0.9154513458681872,0.8975764792018516,1.033798165703791,0.9403479334969572,0.9443595894755242,1.03598303075201,1.099502479089804,1.124618516516316,1.218778471938903,1.409468185916974,1.296637858874211,1.251871132126281,1.207028997988436,1.268684872844875,1.081071414835439,1.129532817819243,1.028425467218279,1.04520361272164,1.013489342217911,0.7587230705278469,0.7455307567547076,0.7535960247967002,0.7100354995923339,0.7803610391330479,0.8205797858765752,1.003925105221796,1.06478116392137,0.9937347499976114,1.040344351422884
YN,JFN1,HH,0.8693440920299804,0.9018048827647774,0.997620187779836,1.101517528510013,0.9178421147863888,1.169917915232268,1.438734575747472,1.219688166981271,1.174120129421919,1.107437603159583,1.238787934343341,1.178477194177556,1.009847913732745,1.101225285309379,1.122098001688745,1.075423679584418,1.148299161204406,1.17487747939853,1.074884206989041,1.016881921965334,1.057215032644071,0.970813423915554,0.914147219448011,0.8997759196335032,0.8618186019205354,0.8633185195748357,0.8657667251453468,0.98891778414499,0.9711503548898024,1.218086531104177,1.498488094452028,1.891593670949341,2.111252085077611,2.407723736958807
YN,JFN2,HH,0.8411118865079318,0.921210295001352,0.9689697693881704,1.076725253969369,0.8184331301801544,0.935910634167141,0.9477150247382308,1.067534141819134,1.051099025358628,0.9649769591763828,1.072020777496012,1.105095979145553,1.127236803432076,1.284198642640845,1.482843379657561,1.440936110506486,1.60144384434027,1.498999120769088,1.353413385373331,1.168734876553713,1.229771004346647,1.074621289162233,0.9021548708179882,0.9146450499023074,0.8062801804773804,0.8676421089467372,0.8697409521169809,0.9824820262687324,1.054609982561739,1.17105867255021,1.162219757523986,1.021265503995107,1.091163730268606,1.158199645651255
YN,JFN3,HH,0.873830713454892,0.968744696883622,0.9847228486669852,1.108772745972681,0.8349456092104617,1.118376339517216,1.313475572958576,1.145590806895531,1.14782853587569,1.155637779155823,1.240508660802732,1.148605050610604,1.065525609917189,1.207223558876756,1.431931277479693,1.431971271198331,1.785821490525793,1.663803661183712,1.510862796764679,1.332196479308512,1.365945078662967,0.9820977226631878,0.9040043362402074,0.921491736394405,0.7124906039999117,0.7598368537885565,0.83070433978663,0.8669999227119871,1.044437483860694,1.186347628607123,1.311443590782116,1.43237082051022,1.599264611616116,2.331869885397968
YN,JFN4,HH,0.887222705766137,0.889997496143782,0.9905281466309545,1.081553028992089,0.89685596560014,1.122101855488858,1.334672974046953,1.121361140026683,1.116695032315957,1.036357094179744,1.113969466008232,1.022408352333507,0.9230617149050628,0.9768291962383064,1.109240958665423,1.201564573410922,1.234674235792855,1.249207005005277,1.252939549524947,1.202725677069998,0.9766742846041117,0.879079438348224,0.7743851265381888,0.728746011558414,0.7583034938053315,0.8514981802315191,0.9506004963367778,1.141516654241651,1.174464520180722,1.454532544980601,1.573132611378476,1.638727086115112,1.220582565787109,1.063145218181185
YN,JFS1,HH,0.8418025268423278,0.9109193863961836,0.954528617992598,1.066293319945918,0.8179035697733094,0.9510758191835312,0.9907917868598471,1.118267375445407,1.080264048765261,0.9828896590793602,1.120207220368939,1.186568121341678,1.190675175226453,1.346193672618766,1.567895442155543,1.358799580770644,1.329256608918165,1.277210575421936,1.355143834935005,1.14133910784302,1.097218971193438,0.8792120679219104,0.8203036868474428,0.8765030672428012,0.8286376096093069,0.902375016868416,0.943903145591002,0.8995214686000216,1.113952302725075,1.24192083734908,1.265230613145018,1.148249232020852,1.06148714291356,1.095053810450994
YN,JFS3,HH,1.083088330261171,0.9917455479010726,1.045702683501877,1.107837633957268,0.9588446498278776,1.150699875554716,1.547097622419406,1.324107139045603,1.307513942292289,1.219874857036746,1.348497202666019,1.372663374183364,1.134756122533379,1.337034528538757,1.484790612501688,1.180140098409836,1.142290541774517,1.286463114414133,1.395346037030986,1.256999766295822,1.048862971302373,0.872005206160688,0.8624498290506541,0.8325424302301182,0.757788560706621,0.8209782640665906,0.7959445541061487,0.7454213714456297,0.7233014976822891,0.8247116215068065,0.9165206030987244,0.9127265555316472,1.062148127052397,1.205224371429662
YN,JFS4,HH,0.8202057863197519,0.8870772201819715,0.9674112668352802,0.9776148217764478,0.8412219508466721,0.9280905542119192,0.9665826182885464,1.112321045069803,0.9427352879184644,0.9258004639027908,1.039894376628717,1.163256103943746,1.251855657243092,1.383512662180521,1.539157398905157,1.384451237271269,1.36003535095373,1.357443498231992,1.379989042997992,1.621133803454163,1.275088985099619,1.450542000326934,1.190310662580454,0.7223924960553706,0.6675179967321576,0.6681584507990314,0.7702785537858879,0.8101915425873029,0.7808309152867794,0.8204362897151702,0.8957078441869397,0.9802070326630192,1.011456308568593,1.034197123461315
YN,JORD,HH,1.054372472145682,0.6922600851117242,0.7307574441974072,0.850989754474715,0.8349268442796681,0.8116420093164033,0.7250465737759793,0.8119981183259086,0.8966484459031243,0.9042662216508726,0.942091641078378,0.878223449477473,0.9831869725716962,1.014448442913007,0.91155305231209,1.011439833133293,1.099825605093055,1.071816595006989,1.141961015287142,0.99717284345304,0.9719347720664816,0.9655718112518488,1.123311571575966,1.091345467696123,0.8197418126558299,0.6341489585169767,0.666811776220314,0.6482876126732552,0.7320038359757058,0.676324608879863,0.7332106415402241,0.7939795600907947,0.7718970666848084,0.8406292856978143
YN,PRAN,HH,0.721523556218797,0.8595565772690869,0.8165552709327408,0.8076716466038126,0.770862585089424,0.7592379147144007,0.649307094858577,0.6131707037346005,0.6831633658508272,0.7491279210383368,0.7448065375319044,0.7634399394208247,0.8051369029336807,0.916595421617563,0.9957485592520364,1.024527069186346,1.2582294193072,1.382339508156546,2.130232260870834,4.124546088958046,4.347681860424765,3.356608298361876,2.813569251906685,2.036796727417541,1.385090794317861,1.090071199434243,0.9957422825031436,0.8659618848551417,0.9594303030205632,0.940946962532946,0.9926129365585892,1.152771978599998,1.214902476661206,1.093751471136407
YN,RA01,HN,1.279455459339177,1.191800542477896,1.023432491050822,1.222091834260387,1.161194449706437,1.184863905327248,1.25866693466443,1.355854703776251,1.412940491274207,1.368752980894912,1.229129124130322,1.148012649733281,1.025050555990968,0.996854913338401,0.9818514030755604,0.9425393209175728,0.9215456600116568,0.934388452539248,0.902337999606602,0.931746453534002,0.9119807896434564,0.9067538378821314,0.8949831982334102,0.8955263359681754,0.8787375050007985,0.8661624155963279,0.8365363980107591,0.8540467235646502,1.036516339631539,1.341324009748506,1.455164841393569,1.291119112464154,1.104561745145797,1.008745873939833
YN,RA02,HN,0.9337810874126216,0.8543036746357499,0.9704010257126932,1.028551102855267,0.9927006915748464,1.048052774329581,0.950515335723146,0.987779357786006,1.015953462336692,0.9438465709830264,0.86993034597023,0.8927622761705151,0.8957515549599704,0.9029826977500388,0.9091484096962822,0.918421749220559,0.908143312897844,0.9287900728870372,0.9373084097594012,0.95155831733463,0.9445124583399724,0.932188272363894,0.923106966094736,0.924937106055254,0.953950817834349,0.966600418541782,0.9169432235326586,1.011451422978385,1.067485807509086,1.135546632862955,1.255496817458739,1.212220275353602,1.03375248861539,0.81463270728014
YN,RA03,HN,1.168267021696185,1.127668855910573,1.093301493396943,1.152829534343241,1.247751520376474,1.163865075706732,1.119078107179275,1.187899512013405,1.210271042002563,1.201600482693888,1.071100802343851,1.105098148533002,1.07826364553999,1.052128252861404,1.064005362432328,1.035207432389985,1.027553995357412,1.052350785532337,1.027617457641322,1.028050344652469,1.023837862954618,1.00396851909531,0.9994953779702236,0.9579249574901336,0.940112452290683,0.9298955517519936,0.9685301510648244,0.9921685645015824,1.01761075698568,1.060189247576316,1.101175669622784,1.322208942688805,1.40585028037531,1.060758826948821
YN,RA05,HN,0.985669823396468,0.9904916627068268,0.9977640420943238,1.075365235029255,1.034898337834905,1.039287311944932,1.0673862592112,1.056754141200267,1.109960551231447,1.044876639094924,1.034288815970161,0.9758798985334484,0.9604806818111185,0.937200964414061,0.9696872981431632,0.9460682805869768,0.9692415101303102,0.937394129006171,0.93255698933106,0.9593770048799632,0.9789295674451398,0.9654952523308602,0.9745256196203168,0.994424797766824,1.053556310383914,1.130825478678876,1.096526801587389,1.144401583125119,1.176537596683066,1.281105449388032,1.607954023051431,1.693853131944803,1.59975880844816,1.165452867289513
YN,RA06,HN,1.011568343070271,0.9689370234236826,0.9861782748684654,1.059629478437538,1.099479198502433,0.9847645242039456,1.147490242713913,1.146978111757548,1.344794341615994,1.279039217325599,1.144549722302044,1.046574006575597,0.973768780695862,0.9905463899638388,0.9462467680592376,0.8890930666969541,0.8681645487685781,0.8258309173188227,0.7822247768010709,0.7861568590343205,0.7867107088549109,0.7873360997594677,0.7944177079484187,0.8394772519484468,0.9164471608404834,1.093267888456037,1.098170769329097,1.258166306669147,1.351858955483243,1.475932049125283,1.370114593498594,1.145573614828298,0.8806294894694475,0.556002119180879
YN,RA07,HN,0.370054357796336,0.3775170703699682,0.4231483261610728,0.4123481073951955,0.3524426451204117,0.3900944851957204,0.4523566768587033,0.4317665277350538,0.4953386803011471,0.5339312879286613,0.4766542994536694,0.445194328801454,0.467129821851382,0.4894997676518946,0.5649729075026937,0.6744592709216621,0.7354920778635876,0.7987567787434097,0.8291991828101721,0.8942039762049107,0.934399113966281,0.883138636282838,0.884530912110581,1.038529281018172,0.987230875125471,0.9770334168266878,1.11746904932331,1.061501285750647,0.8272689899839676,0.7395795518304171,0.8475885007099513,0.703102957611852,0.5583009725751871,0.7114609139896124
YN,RA08,HN,1.070388318304882,0.9356649010388268,0.9079314680974788,1.097968572381267,1.140327138045907,1.132850941888084,1.218544818120614,1.20701782078883,1.21848709729877,1.297991372846868,1.172511790959463,1.100953954979022,1.113989062483591,1.061921563880893,1.046038400452471,1.043803185291071,1.005302474737014,0.9751822265841044,0.9452375906561707,0.9426752924428552,0.966819085761738,0.9565613154064164,0.9313629466314552,0.90149137709254,0.8954727756745263,1.034739814887789,1.015180053336824,1.100373135602869,1.230217779022011,1.214430556267445,1.061460460959775,0.935719498985238,0.9132865087736914,0.8803826794227757
YN,RA09,HN,1.006164650654926,0.9372244526059222,0.9842066616722864,1.016647920879422,1.001582939394421,0.9700525735098908,1.002606581318727,0.9766790920316856,1.030004073049148,0.9936581073258146,0.903549277191119,0.9030637331510928,0.8816698301820144,0.8822805679575211,0.8764761783696189,0.8485030675174188,0.8663545108534249,0.86350574964683,0.829514120052946,0.8560830950714912,0.8976956543438007,0.8630045617812548,0.8519693480750181,0.8087876649659528,0.7949504673105157,0.8136324514321964,0.8573875920946963,0.8671958241903905,0.9212679679559204,1.01539062963298,1.183536494932541,1.290003792938984,1.26902313204759,1.000491502604362
YN,RA10,HN,0.9360188406280624,0.9926602079589828,1.042468546992765,1.022405416704928,1.007939773767882,0.9495960249843508,0.9907255653586802,0.9541956737642984,1.051695769771527,0.9683437920579264,0.992708306988338,0.9840182786748044,0.8872667311802568,0.9690709479712826,0.9509895022348273,0.9575112071406916,0.9371522869500796,0.9480482185817344,0.9327917366347016,0.9077190765623068,0.9150094794979904,0.905385549666005,0.9145171779799256,0.8668637926509588,0.8570738577380738,0.886757356279253,0.8906165909681681,0.9008343596185028,0.9111628775199808,0.9065347991155775,0.9356769444298052,0.9564152376339026,0.9761975454502732,1.008403727713897
YN,RA11,HN,0.8915273255826341,0.8953209121569133,0.90459043593061,1.080042171744321,1.088139169099688,1.039264747691971,1.214574899658495,1.259538610425546,1.323309327670454,1.359748331914975,1.212002796322385,1.082971971935752,1.056781525984183,1.117592420990539,0.9903397145383837,0.9403317585265571,0.8993353376507383,0.9026503414799544,0.910070147262859,0.898841121893559,0.90252969756407,0.8819383918512342,0.880067003853411,0.8521239109406595,0.8620024770484592,0.9135767794451436,1.011934213935585,1.117718390392504,1.312866007719197,1.041772974189615,1.032153386893215,0.8613388112041271,0.8421742941535713,0.836714954641202
YN,RA12,HN,0.8691022234211011,0.9805470953827669,1.000681518881764,0.940050753244625,1.010819906499292,0.972733498210812,0.9430588866693328,0.918496789109388,0.9231109387789432,0.9213656558602996,0.8730505068718252,0.8974761910143713,0.8778639597187199,0.876057913012493,0.8956101340690615,0.9030922388706586,0.9078808895555828,0.9044788475136514,0.8714180814047641,0.8913839659474507,0.9063316344390724,0.9093275058318552,0.8835890479734196,0.9201356228901968,0.92438301424429,0.8937613418370919,0.8696920201998387,0.8591787994863627,0.8845851594607957,1.028715266001021,1.091803672778969,1.133856635153462,1.026956253265604,1.037647071266707
YN,RHIL,HH,0.9889483148869403,0.8290528041239807,0.768993496565657,1.145233810949168,1.181872158012311,1.071332311096834,0.929386397119218,0.9739504800776244,1.075340095780811,1.118407299648417,1.067364564772846,1.202549899028444,1.453769199307628,1.564247591367629,1.502994378024424,1.626065533117791,1.532145211149648,1.543302942593778,1.772457361517563,1.507849293053775,1.38266278516666,1.087668793446491,1.145928162362246,1.06650396574893,0.944210233178293,0.9327627439563436,0.8776042903425494,0.8597814341423486,0.8357716652294962,0.8844392196877762,0.8638049278433584,0.8754239015051561,1.02174748432888,1.065515272194021
YN,SGBN1,HN,0.8334167565369887,0.8971858479985402,0.9016213805859952,0.9805372464024767,0.9222454865101924,0.907802738304868,0.9341545900820272,0.919613106305502,0.9516690558965926,0.9310637035214262,0.9668118588039528,0.9632700729181674,0.945525154416004,0.960227927153878,0.9659285455559072,0.9812073256047888,0.9839168547597794,0.9920547895658214,0.9938299866138396,1.021289435573766,1.030021748598104,0.9777564665903572,0.9592908170975274,0.996528751779304,0.9940559751100028,1.000636690941219,0.9319399923737808,0.8947658866097339,0.9255511062794975,0.8992504028648286,0.954583894972736,1.008225288536918,1.015608752298862,0.9626889273550704
YN,SGBN2,HN,3.476205585334849,3.495888342928792,2.993596310780861,3.130890799261855,3.167118834251052,3.343808866620959,3.201219549012902,2.985743214240238,2.838073361337578,2.802613345007688,2.665366518596808,2.624572964820511,2.445906627127171,2.335321673849635,2.243860067528094,2.150027989193353,2.007875151041274,1.973478739432217,1.850798168930175,1.76025337302484,1.711633822845034,1.601234406088963,1.503758529323249,1.430842561467088,1.332971722270031,1.247505401383667,1.147750572904459,1.013398184863275,1.007267887746593,1.17205835131271,1.325100706147426,1.545338344948203,1.743321840593416,1.769139789726175
YN,SGBS1,HN,1.019190743145914,0.8789234321139844,0.9078128481039748,1.042145216538035,1.037730491474496,1.093555651065709,1.023634544244453,1.012655413677962,0.9925270487155088,0.9687876957292584,0.980167126921798,0.9597549837155596,0.9619543473194436,0.9584298893920886,0.968125868268494,0.9390318447487588,0.9499908326711168,0.9550216885702904,0.9591882474436104,0.956074062486598,0.9738574988623944,0.983444852434642,0.9846298960015964,0.9968804880019544,1.026319951984289,1.089055203122951,1.1272422410686,1.190321607865634,1.339410249364077,2.029294671788653,1.335183410201686,1.307681069921133,1.184810300007359,0.848495701510174
YN,SGBS2,HN,0.963693246254511,0.8995607635398623,0.9728210541603745,1.077276597922002,1.079415606641148,1.261969156083388,1.213582133652152,1.136246510548783,1.079812627335121,0.9767211660849514,1.013041685630154,0.9837041353043822,0.963479972924272,0.9372106587258956,0.927294291476224,0.9064915318982508,0.9098138599994832,0.926158052904108,0.93173370954946,0.9152961397358704,0.9253345385507712,0.9061897122376052,0.9061411094841182,0.9188736592910032,0.9122014077572476,0.9297137510146296,0.9442846738884256,0.9614099598533934,0.9947917072223948,1.034880537452128,1.044999525728823,1.039702988811329,1.042615921908181,1.154777143540531
YN,SGBS3,HN,1.210542980696348,1.136057786659673,1.107250963110803,1.184396839255359,1.078740616254338,1.109156226930632,1.107511062802506,1.060189032327023,1.033256142254543,1.042198192857059,1.014257684736197,0.9793863093781262,0.9714079644279664,0.9467593495879724,0.9594509893410246,0.9394148249388978,0.9465338379744278,0.9208203016509136,0.9057634983549414,0.9017026122163936,0.89164861309556,0.888526589994946,0.879202831872546,0.8809456105364859,0.8691911040440045,0.856165586741492,0.8875545251439851,0.8757768652579261,0.8498225894961741,0.8683832371554578,0.9016252372491278,0.9373568804955594,0.9866106703912618,1.012424595087529
YN,TR01,HH,1.180557334635667,1.135088023385791,1.115624427637352,1.253723082700511,1.128161300257782,1.37850677841504,1.906162290132169,1.726523873378157,1.437235372924034,1.401203670224739,1.53015185162724,1.568916556663017,1.231172159689588,1.347849868492688,1.169036011122888,1.062191183455142,0.9786770857485008,0.9215598314831552,0.9080627092960858,0.847625966542464,0.8430952199081847,0.8685026179913977,0.8559504189711655,1.0518658509396,0.9548938379439704,1.093281191198605,1.176081146987875,1.112129858713694,1.20778433464192,1.368696203982422,1.303510192409374,1.41655529977792,1.682020557547131,2.279191596981731
YN,TR02,HH,0.8248373884641045,0.8645015036156085,0.96447039238109,1.067663588808477,0.9691086004936442,1.341883976963504,1.492950877772064,1.35539939907225,1.231028106813778,1.10962218803133,1.011325340637759,1.136248785404836,1.142653816408628,1.101603732814282,1.168355660807239,1.118552712055968,1.106505700629971,1.194367830589502,1.219217463851646,1.158277750098411,0.9844118143868048,0.8752681781753572,1.111304775609637,1.160459288420024,1.138646320570182,1.316174114676929,1.904078072452939,2.094627973842639,1.898388517835631,1.799620279887986,1.657577622454416,1.9507441700775,1.837993436255185,1.695887978470723
YN,TR03,HH,0.8138635340396931,0.9182742703074072,0.97359897547996,0.984741089291552,0.9722618219247028,1.161395267159259,1.384048133824222,1.349221303108002,1.151956543547586,1.117575076087001,1.004723412361051,1.129146520873608,1.273352238980521,1.08827413313451,1.172016084262455,1.194885244174885,1.278991169643422,1.048205423822305,1.096839238229646,1.054142141549198,1.011137141356334,1.109459392232739,1.092949077227773,1.079379416446294,0.9137910189687302,0.8728937223811951,0.9925441592708868,1.032694806667337,1.18492148853824,1.398170818868567,1.953475906191362,2.887433028293287,3.341266857180186,2.88930749178066
YN,TR04,HH,1.026144245541452,0.9260118962572064,1.027480948457013,1.032484298592974,1.05261181143943,1.153940223716476,1.343417960475256,1.274479324991264,1.167496377125198,1.167118032499446,1.221435827261871,1.141052199290506,1.168915166922526,1.198776436663287,0.8619920944604446,0.915607954913201,0.812758327865618,0.9538653837473716,1.103144348409872,1.140577778186234,1.327109034478877,1.247488857100147,1.092215255903504,0.9903757478021076,0.9379763051500924,1.037615704129455,1.005353463282649,0.989623538717773,0.8686922920605893,1.097993728790234,1.205873788049533,1.922084344969226,2.722840471692143,2.710954783887912
YN,WRDG,HH,0.7560916760078171,0.9128277800122016,0.8275656424589931,0.7586446616294804,0.7533137495715189,0.6708205502600748,0.6153438148436379,0.6563036492992668,0.6874045765707155,0.655367407052737,0.6279083374956023,0.6083268621842054,0.5193620191498307,0.4825824179311463,0.4620387831834428,0.6024255676250033,0.7574939964824845,0.8720853488409371,1.01005299558222,1.190414219300628,1.218169909332494,1.208903037201049,1.307715704406798,1.49026464877738,1.30341340795318,1.051259452759459,1.017300826437008,1.072857055997255,1.050237288602921,1.086643208534375,0.948740867292118,1.161516594626927,1.32762493068954,1.344292043797466
YU,CEC,HH,2.670151202403293,2.325850484639798,2.222423403738317,2.222415886733761,1.839558065483428,1.57931443163966,1.688532211970295,1.430510248270628,1.813190531056009,1.65288981409713,1.544461527895669,1.270788496688318,0.9924313414859124,1.137475120405978,1.006627350524139,0.8637207891534074,0.9396220284812462,1.178798371707907,1.420801028116691,1.605220993904275,1.702132763250339,1.714258810550541,2.026829753218054,1.980844661720721,1.968085604676439,1.790784056304464,1.465514078284762,1.139664579494541,0.8915856310037803,0.8844292376363339,0.8297288293560764,0.9325540582850192,1.108220441970764,1.462236733909603
YU,CLE,HH,0.4597912745681585,0.28004391881378,0.3255085993973877,0.63719499445659,1.022387422031972,1.363850828568925,1.017030284756315,0.6390733305070841,0.3634074159538489,0.4461763249185627,0.5812595509158602,0.6524012829145812,0.8321678346765616,1.175298708573539,1.167141164944668,0.9973741595636872,0.8290130309590934,0.8324541108425074,0.8744401221333336,1.064849974314587,1.22866854449348,1.234551127532144,0.8219626692370864,0.5332657389633375,0.5407597559330914,0.4809717760818341,0.491706477402186,0.4499342943870817,0.4694564521793198,0.5245319320667674,0.4017178928197074,0.3750187214604835,0.4051001958989149,0.6383549475496685
YU,FRM,HH,1.513280334890699,1.885184938510926,2.115746820669014,2.462028831673735,2.222968619644167,1.430620724385185,1.051079648884491,0.7385459835258318,0.8514633761271548,1.058825926077263,1.381833777156826,1.622593183846851,1.481797277237478,1.242647709228941,1.007365739161658,1.031671683849145,0.8993116213815635,0.8413300594908196,0.7822532827596179,0.696995840413299,0.6709463788126817,0.6088496618628554,0.6198626374186528,0.6057344242289433,0.6210932212086749,0.7689812463110978,0.948382654419876,0.8699828616445568,0.7560308091733552,0.5562474471284344,0.5212904027335703,0.3838881009182833,0.2808948424055595,0.4379601848689996
YU,HMB,HH,1.450334610345907,1.858348485801196,2.008374438383887,1.929947170204705,1.688898674994211,1.556424351997771,1.582882601638608,1.556675008640051,1.628739806354043,1.712486286949902,1.94664668230595,1.894002306312494,1.849856928856169,1.316930668775554,1.03529468699278,1.471712250116403,2.101331492132932,3.600352780303916,3.272345924790455,2.832211876653545,1.976894018398177,0.7679094307459058,0.325235059261103,0.369768524845561,0.5139878094364564,0.6420132555993393,0.5761267379342809,0.4901557167688742,0.4743172937346495,0.5475029650172829,0.8124722998082844,1.185730539699642,1.000934529244969,1.409446842008479
YU,HMT,HH,1.404976087850308,2.060912641160107,2.129068190442413,2.028136051096014,1.688273049083837,1.569359468507613,1.622737893850448,1.587144897121428,1.719438212001086,1.763758831307903,2.059359858988034,2.08088560480361,2.153786409825523,1.738281729919142,1.860843339799863,2.560746377168122,2.320429110545564,1.285808808979874,0.7350186334182288,0.4887564523798725,0.608129690123029,0.5357391354425999,0.5483867568225189,0.6069051017539538,0.4915225984303695,0.5587589068921488,0.7244097820290564,0.6447527133552478,1.178719335311587,1.061269127964319,1.084515234466713,0.8944582997248108,0.9882481286464408,0.9256351930004092
YU,HOL3,HH,3.81856262054698,2.579767400346438,2.201321135937299,2.031711891862849,1.673578444237225,1.652975969948027,1.652671137780586,1.571081850830542,1.689340951349861,1.665185434343562,1.816165228016593,1.66056638674016,1.695547223889698,1.270260661858928,0.7464339335933428,0.9014359013152712,1.236061317145885,1.370813762970007,1.61083124559728,2.033464524943433,3.222352307452755,4.121516329766725,3.681125074780472,1.955525302944956,1.114300179972702,0.5708103377243224,0.8034726954289484,0.8414414044177441,1.035597116464398,0.6195004124345814,0.459945196185997,0.7621026287272694,1.32707520167233,1.140366362751235
YU,MCD,HH,2.24483461785869,2.321843973257975,1.966094855693396,1.77900750349969,1.309365537267605,1.328673068889793,1.599111669011939,1.367799104366777,1.348685797812617,1.871564333720053,2.173306298512586,2.447626583768171,1.986550458348178,1.599327946125154,1.417361667638409,1.268947785556652,1.7853401896075,2.016051024548327,1.748135284905668,1.834574895330664,1.975113460874136,1.632235014909721,1.258532186399355,0.7515141258877257,0.939639890041543,1.076743476362384,1.208260402244927,1.215190366080935,0.8453735929821177,1.044659404078119,0.8200508913540024,1.466171284445386,0.9135759531640032,1.311396253401965
YU,SMB,HH,2.62635054652461,2.436159051909984,2.25661572149144,1.933258174959483,1.462088981138236,1.282902485870598,1.401585726214742,1.237846793329723,1.481581900181662,1.458210655883207,1.782828305565852,1.461197860356192,1.647883190723811,1.469299067820868,1.175095513685265,0.6791725251906349,0.564184731427126,0.6997012341600723,0.9296361799303102,1.185109700126516,1.381896741091602,1.828623474742858,2.388159201574755,4.084893863608377,6.398685524010889,3.035382582344645,1.781991033073733,1.610532261524793,0.9907609024204396,0.8279542385110213,1.099388123913391,1.052883953637934,1.99141015764878,1.246881745001554
YU,SMT,HH,2.167812562511165,2.38770115431859,2.545149540267812,2.378156858144788,1.69032237101605,1.525809265316403,1.372783874559005,1.409722173759911,1.634650564780524,1.862227480659327,2.39374642062923,1.964603952509691,1.781016878975618,1.952530513828079,1.968393359248482,1.570362133225146,1.440414510256988,2.422911564829721,5.5710366271355,8.114436826008198,5.551370887618076,4.628852665332221,2.741781465095109,0.8139672458001684,0.4858357531157282,0.5459229669726804,0.8371989561194575,0.8212985695558408,0.8496926723913336,0.9614172512672308,0.8636503337464927,1.273577936934187,0.9277331458714244,0.8866370356961161
YU,SRB,HH,3.243134918286015,2.302419271800959,2.31054180477092,1.986471306224426,1.525962491726378,1.415758288022786,1.361108506744622,1.251297093968415,1.5469749747553,1.540827060723149,1.781718097316201,1.492128319246943,1.592622192399486,1.713480281114926,1.550833892826069,0.99820700543053,0.9183859265585012,0.779766490025227,1.238383569478156,1.754747430260202,2.242121195018442,3.037126219796478,4.445478215293111,3.48507079604809,2.41549421810471,1.410233157631862,1.210264353050682,0.9264718254340056,0.7413859573478191,0.5252398748904715,0.7993205927908592,0.7514103364221787,0.5519721520295723,0.7016240116729882
YU,STF,HH,3.721045753119814,2.192891002826439,1.712574866489338,1.610020575463679,1.363038046039898,1.475778418526825,1.508080176618579,1.358312873768412,1.286783182260294,1.010529174529335,0.974387907230204,0.9484199421335662,1.01720883561639,1.296822706145122,1.949144350087544,2.552465804325871,1.994897935618932,2.136291354050532,2.512008662128235,1.522232828795455,0.9649459810906088,0.2901118771122711,0.3121934628367112,0.3732078002037738,0.2754995993319789,0.3085609923587727,0.2978655589304708,0.3746232479967113,0.3907811124581249,0.3857527311123077,0.4427764484036771,0.504968162013345,0.6831147802484901,0.4984805440428006
YU,WHR,HH,2.947069409747394,2.64149789373496,2.105645475871559,1.827523097017393,1.60140268658954,1.563208371729073,1.525848845403474,1.327454123240729,1.28896490197742,1.752190953679293,1.886906241307836,2.033195153339032,2.420275912191808,1.810552004150777,1.001051443655326,0.9588992608069072,1.349438343279627,1.483678829928775,1.34496125018759,1.131690132359953,1.123475786484921,1.217275108145606,1.034134628940611,1.093334344701877,0.3569177524535438,0.2932339657684033,0.4194981644045443,0.3987977126596677,0.195067201205696,0.2712403897745531,0.3007882933771425,0.3630643408125663,1.017139095149132,0.4867673748505834
YX,UNM1,HH,1.533102097503342,1.209828787505585,1.09298391966137,1.060835871334121,1.139021162415554,1.054032747794636,0.9775651103398624,0.8185476872333569,0.9446508174501012,1.050514501873039,1.179720236778372,1.161968361276443,1.08108952361536,1.222063845827024,1.005281907394208,0.8032581092160156,0.8020373452711348,0.8956567677882358,1.031184652594521,0.9754162274242656,1.011437737343959,0.9109697861780958,0.9365899822187148,0.9213831360156964,0.9104172906280504,0.8938589270427764,0.8418987608522254,0.7909455469938337,0.7933621136720335,0.8214909611001632,0.840446948804448,0.7821671839128936,0.7481024998599645,0.9120425459156548
YX,UNM2,HH,1.177808181090299,1.049063484018172,0.9548307097828986,0.9189909694221226,0.9780556689669496,1.075707294646894,0.915776576647116,0.9157387029277296,0.8847884094809347,0.9541718633753562,0.9166779974544388,0.9836868879935492,1.012061447882911,1.129264643183799,1.196452455285647,1.161213615138384,1.090705990717128,1.219431473474459,1.309085501077515,1.409729499103336,1.462279328569007,1.371783831567809,1.214183745159354,1.103908584133262,1.156546953309861,1.13232455717499,1.261142952756637,1.736666955025259,1.358663547825228,1.210203870627828,0.9805391072883112,0.6616032482345737,0.5377950477385702,0.9206577840552987
YX,UNM3,HH,0.9470827088374526,0.9686432762881128,1.115116184506427,1.06764089499592,1.105640056247303,0.8936325635142675,0.8603968855742339,0.7671504727006987,0.8578523200537581,0.9143648137532466,0.940283048959392,1.079310044954044,1.106482945294138,1.133596322558572,1.140887660971532,1.066918849670301,0.976878164235324,1.010353999747291,1.032556603361077,0.9946878087651404,1.082971742461907,1.063126820867264,1.095264871913515,1.40759532886085,1.078095617518217,1.136965991664428,0.8232247173351502,0.8768356071815812,0.7577814151925827,0.6221944938118981,0.7063586009327566,0.6549323738707404,0.7546992916979269,0.9204527579898576
YX,UNM4,HH,0.9221971509135602,1.016169947716665,1.001315977196334,1.176912643075446,1.059836184135076,1.044411422374334,1.038939409323413,0.9665894893105328,1.012484461348737,1.035914792194918,1.204519006528513,1.176705090905031,1.166129369853324,1.053122218080542,1.116244009853379,1.062131331962908,1.069573322925338,1.061363060692165,1.139238538116449,1.226537423957868,1.093261917139142,1.03533198003732,0.9956246737266956,0.9532683179369146,0.942902379954488,0.9454931914613536,0.8889554975146846,0.8085611720032517,0.8971055397269996,0.9139377134877134,0.8934985643183815,0.9113108420591276,0.8986700102005422,0.9230783849259993
YX,UNM5,HH,0.9613453241629036,1.02871402180757,1.041680680841361,1.057475942193798,1.044911581811544,1.049030863740969,0.9366594407394075,0.919884537736986,0.8621846999630216,0.95221954849103,1.060474346933749,1.045597037556805,0.945612018148056,1.013764641813838,1.043188661469281,0.9330209196390816,0.8135208904538614,0.7973414283698078,0.8047914896646996,0.8653748899967684,0.9511566212171834,0.989607949839341,1.077993640468305,1.064451589889123,1.072159245172826,1.508265534017835,1.910829554517073,1.465054073295694,1.948415397044128,1.73457317268533,1.065161290365533,0.730532748925085,0.6741030435828365,0.9112615100361888
YX,UNM6,HH,1.059684769091169,1.016271394855147,1.007650490195837,1.154978483576113,1.187615853688414,1.319229664240134,1.275776595692371,0.9734578150630244,0.7759426082545086,0.8517786242706835,1.079954883643021,1.292454135502013,1.280950058765016,1.064459253592318,0.8688119799214604,0.9232624721092844,0.9621398058693666,1.06903556939,1.252647774066869,1.167198676761396,1.265278133548307,1.328220769700916,1.476397988076003,1.367743915477065,1.327497622333165,1.60461639949469,1.933328933009314,1.316223967377504,1.169238893812383,0.9018823419981812,0.7226228153626917,0.7828564192947987,1.037882318822284,0.9350883228074002
YX,UNM7,HH,0.9832389694697992,1.088892137377862,1.063067338867996,1.114522969918487,1.070308587880059,1.053423598484434,0.9676081405324868,0.8930476737608558,1.128402771982655,1.217859329071336,1.342245272599689,1.156567082711955,1.143967844258011,1.165022614809323,1.109992174699452,1.069676701968831,1.086064095805592,1.226467109544972,1.428222902868228,1.217460794852617,1.179575567649157,1.047325770574678,1.052011008780732,0.9166985614039967,1.02195453657057,0.9715618265100616,0.9018587061041804,1.016806822598215,1.040866345524134,0.9713167298680118,0.9601608235938476,1.012213532287293,0.9627329596856276,0.9175422245216444
ZY,SV02,HH,1.366903031689377,1.011148791554469,0.8682928479648674,0.7765569344353643,0.6592905344509511,0.5375940169519191,0.5033547554735582,0.4633168044577923,0.5499718213698855,0.6250978166082344,0.6960919377781261,0.8905528544729249,0.8837456783394158,0.8926434196877191,0.7046571493452736,0.7933652026038016,0.7637387830302131,0.7277921036974202,0.7448336519351325,0.6809103681053822,0.7433344881543825,0.7526254809631677,0.7332671520726195,0.7071060207905518,0.7406634009006754,0.7263611073378258,0.8825687218807754,1.088330457245181,1.079723197836211,1.378857990004387,1.71616070956922,1.705620674363488,1.411936228547891,0.9683371548758142
